[   0.0000]  FLOW_START             flow=0  poisson  src0→dst  rate=8.0 pkt/s
[   0.0000]  FLOW_START             flow=1  control  src1→dst  rate=5.0 pkt/s
[   0.0000]  PACKET_GENERATE        pkt=0  flow=0  size=1481B  pri=1
[   0.0000]  PACKET_GENERATE        pkt=1  flow=1  size=100B  pri=0
[   0.0000]  QUEUE_ENQUEUE          pkt=0  node=src0  queue=1/1000 (0%)  state=NORMAL
[   0.0000]  QUEUE_ENQUEUE          pkt=1  node=src1  queue=1/1000 (0%)  state=NORMAL
[   0.0010]  QUEUE_DEQUEUE          pkt=0  node=src0  wait=1.0ms  queue=0/1000  state=NORMAL
[   0.0010]  QUEUE_DEQUEUE          pkt=1  node=src1  wait=1.0ms  queue=0/1000  state=NORMAL
[   0.0010]  PACKET_TRANSMIT        pkt=0  link=src0→router  delay=1.0ms
[   0.0010]  PACKET_TRANSMIT        pkt=1  link=src1→router  delay=1.0ms
[   0.0020]  PACKET_ARRIVAL         pkt=0  node=router  hop=1
[   0.0020]  PACKET_ARRIVAL         pkt=1  node=router  hop=1
[   0.0020]  QUEUE_ENQUEUE          pkt=0  node=router  queue=1/20 (5%)  state=NORMAL
[   0.0020]  QUEUE_ENQUEUE          pkt=1  node=router  queue=2/20 (10%)  state=NORMAL
[   0.0148]  PACKET_GENERATE        pkt=2  flow=0  size=1494B  pri=1
[   0.0148]  QUEUE_ENQUEUE          pkt=2  node=src0  queue=1/1000 (0%)  state=NORMAL
[   0.0158]  QUEUE_DEQUEUE          pkt=2  node=src0  wait=1.0ms  queue=0/1000  state=NORMAL
[   0.0158]  PACKET_TRANSMIT        pkt=2  link=src0→router  delay=1.0ms
[   0.0168]  PACKET_ARRIVAL         pkt=2  node=router  hop=1
[   0.0168]  QUEUE_ENQUEUE          pkt=2  node=router  queue=3/20 (15%)  state=NORMAL
[   0.0550]  PACKET_GENERATE        pkt=3  flow=0  size=1428B  pri=1
[   0.0550]  QUEUE_ENQUEUE          pkt=3  node=src0  queue=1/1000 (0%)  state=NORMAL
[   0.0560]  QUEUE_DEQUEUE          pkt=3  node=src0  wait=1.0ms  queue=0/1000  state=NORMAL
[   0.0560]  PACKET_TRANSMIT        pkt=3  link=src0→router  delay=1.0ms
[   0.0570]  PACKET_ARRIVAL         pkt=3  node=router  hop=1
[   0.0570]  QUEUE_ENQUEUE          pkt=3  node=router  queue=4/20 (20%)  state=NORMAL
[   0.0737]  PACKET_GENERATE        pkt=4  flow=0  size=1413B  pri=1
[   0.0737]  QUEUE_ENQUEUE          pkt=4  node=src0  queue=1/1000 (0%)  state=NORMAL
[   0.0747]  QUEUE_DEQUEUE          pkt=4  node=src0  wait=1.0ms  queue=0/1000  state=NORMAL
[   0.0747]  PACKET_TRANSMIT        pkt=4  link=src0→router  delay=1.0ms
[   0.0757]  PACKET_ARRIVAL         pkt=4  node=router  hop=1
[   0.0757]  QUEUE_ENQUEUE          pkt=4  node=router  queue=5/20 (25%)  state=NORMAL
[   0.1020]  QUEUE_DEQUEUE          pkt=0  node=router  wait=100.0ms  queue=4/20  state=NORMAL
[   0.1020]  PACKET_TRANSMIT        pkt=0  link=router→dst  delay=5.0ms
[   0.1070]  PACKET_ARRIVAL         pkt=0  node=dst  hop=2
[   0.1070]  PACKET_DELIVER         pkt=0  flow=0  latency=107.0ms
[   0.2000]  PACKET_GENERATE        pkt=5  flow=1  size=100B  pri=0
[   0.2000]  QUEUE_ENQUEUE          pkt=5  node=src1  queue=1/1000 (0%)  state=NORMAL
[   0.2010]  QUEUE_DEQUEUE          pkt=5  node=src1  wait=1.0ms  queue=0/1000  state=NORMAL
[   0.2010]  PACKET_TRANSMIT        pkt=5  link=src1→router  delay=1.0ms
[   0.2020]  QUEUE_DEQUEUE          pkt=1  node=router  wait=200.0ms  queue=3/20  state=NORMAL
[   0.2020]  PACKET_ARRIVAL         pkt=5  node=router  hop=1
[   0.2020]  PACKET_TRANSMIT        pkt=1  link=router→dst  delay=5.0ms
[   0.2020]  QUEUE_ENQUEUE          pkt=5  node=router  queue=4/20 (20%)  state=NORMAL
[   0.2070]  PACKET_ARRIVAL         pkt=1  node=dst  hop=2
[   0.2070]  PACKET_DELIVER         pkt=1  flow=1  latency=207.0ms
[   0.2149]  PACKET_GENERATE        pkt=6  flow=0  size=1469B  pri=1
[   0.2149]  QUEUE_ENQUEUE          pkt=6  node=src0  queue=1/1000 (0%)  state=NORMAL
[   0.2159]  QUEUE_DEQUEUE          pkt=6  node=src0  wait=1.0ms  queue=0/1000  state=NORMAL
[   0.2159]  PACKET_TRANSMIT        pkt=6  link=src0→router  delay=1.0ms
[   0.2169]  PACKET_ARRIVAL         pkt=6  node=router  hop=1
[   0.2169]  QUEUE_ENQUEUE          pkt=6  node=router  queue=5/20 (25%)  state=NORMAL
[   0.2263]  PACKET_GENERATE        pkt=7  flow=0  size=1454B  pri=1
[   0.2263]  QUEUE_ENQUEUE          pkt=7  node=src0  queue=1/1000 (0%)  state=NORMAL
[   0.2273]  QUEUE_DEQUEUE          pkt=7  node=src0  wait=1.0ms  queue=0/1000  state=NORMAL
[   0.2273]  PACKET_TRANSMIT        pkt=7  link=src0→router  delay=1.0ms
[   0.2283]  PACKET_ARRIVAL         pkt=7  node=router  hop=1
[   0.2283]  QUEUE_ENQUEUE          pkt=7  node=router  queue=6/20 (30%)  state=NORMAL
[   0.2303]  PACKET_GENERATE        pkt=8  flow=0  size=1411B  pri=1
[   0.2303]  QUEUE_ENQUEUE          pkt=8  node=src0  queue=1/1000 (0%)  state=NORMAL
[   0.2313]  QUEUE_DEQUEUE          pkt=8  node=src0  wait=1.0ms  queue=0/1000  state=NORMAL
[   0.2313]  PACKET_TRANSMIT        pkt=8  link=src0→router  delay=1.0ms
[   0.2323]  PACKET_ARRIVAL         pkt=8  node=router  hop=1
[   0.2323]  QUEUE_ENQUEUE          pkt=8  node=router  queue=7/20 (35%)  state=NORMAL
[   0.2611]  PACKET_GENERATE        pkt=9  flow=0  size=1464B  pri=1
[   0.2611]  QUEUE_ENQUEUE          pkt=9  node=src0  queue=1/1000 (0%)  state=NORMAL
[   0.2621]  QUEUE_DEQUEUE          pkt=9  node=src0  wait=1.0ms  queue=0/1000  state=NORMAL
[   0.2621]  PACKET_TRANSMIT        pkt=9  link=src0→router  delay=1.0ms
[   0.2631]  PACKET_ARRIVAL         pkt=9  node=router  hop=1
[   0.2631]  QUEUE_ENQUEUE          pkt=9  node=router  queue=8/20 (40%)  state=NORMAL
[   0.3020]  QUEUE_DEQUEUE          pkt=2  node=router  wait=285.2ms  queue=7/20  state=NORMAL
[   0.3020]  PACKET_TRANSMIT        pkt=2  link=router→dst  delay=5.0ms
[   0.3070]  PACKET_ARRIVAL         pkt=2  node=dst  hop=2
[   0.3070]  PACKET_DELIVER         pkt=2  flow=0  latency=292.2ms
[   0.3763]  PACKET_GENERATE        pkt=10  flow=0  size=1471B  pri=1
[   0.3763]  QUEUE_ENQUEUE          pkt=10  node=src0  queue=1/1000 (0%)  state=NORMAL
[   0.3773]  QUEUE_DEQUEUE          pkt=10  node=src0  wait=1.0ms  queue=0/1000  state=NORMAL
[   0.3773]  PACKET_TRANSMIT        pkt=10  link=src0→router  delay=1.0ms
[   0.3783]  PACKET_ARRIVAL         pkt=10  node=router  hop=1
[   0.3783]  QUEUE_ENQUEUE          pkt=10  node=router  queue=8/20 (40%)  state=NORMAL
[   0.4000]  PACKET_GENERATE        pkt=11  flow=1  size=100B  pri=0
[   0.4000]  QUEUE_ENQUEUE          pkt=11  node=src1  queue=1/1000 (0%)  state=NORMAL
[   0.4010]  QUEUE_DEQUEUE          pkt=11  node=src1  wait=1.0ms  queue=0/1000  state=NORMAL
[   0.4010]  PACKET_TRANSMIT        pkt=11  link=src1→router  delay=1.0ms
[   0.4020]  QUEUE_DEQUEUE          pkt=3  node=router  wait=345.0ms  queue=7/20  state=NORMAL
[   0.4020]  PACKET_ARRIVAL         pkt=11  node=router  hop=1
[   0.4020]  PACKET_TRANSMIT        pkt=3  link=router→dst  delay=5.0ms
[   0.4020]  QUEUE_ENQUEUE          pkt=11  node=router  queue=8/20 (40%)  state=NORMAL
[   0.4040]  PACKET_GENERATE        pkt=12  flow=0  size=1483B  pri=1
[   0.4040]  QUEUE_ENQUEUE          pkt=12  node=src0  queue=1/1000 (0%)  state=NORMAL
[   0.4050]  QUEUE_DEQUEUE          pkt=12  node=src0  wait=1.0ms  queue=0/1000  state=NORMAL
[   0.4050]  PACKET_TRANSMIT        pkt=12  link=src0→router  delay=1.0ms
[   0.4060]  PACKET_ARRIVAL         pkt=12  node=router  hop=1
[   0.4060]  QUEUE_ENQUEUE          pkt=12  node=router  queue=9/20 (45%)  state=NORMAL
[   0.4070]  PACKET_ARRIVAL         pkt=3  node=dst  hop=2
[   0.4070]  PACKET_DELIVER         pkt=3  flow=0  latency=352.0ms
[   0.5020]  QUEUE_DEQUEUE          pkt=4  node=router  wait=426.3ms  queue=8/20  state=NORMAL
[   0.5020]  PACKET_TRANSMIT        pkt=4  link=router→dst  delay=5.0ms
[   0.5070]  PACKET_ARRIVAL         pkt=4  node=dst  hop=2
[   0.5070]  PACKET_DELIVER         pkt=4  flow=0  latency=433.3ms
[   0.5551]  PACKET_GENERATE        pkt=13  flow=0  size=1453B  pri=1
[   0.5551]  QUEUE_ENQUEUE          pkt=13  node=src0  queue=1/1000 (0%)  state=NORMAL
[   0.5561]  QUEUE_DEQUEUE          pkt=13  node=src0  wait=1.0ms  queue=0/1000  state=NORMAL
[   0.5561]  PACKET_TRANSMIT        pkt=13  link=src0→router  delay=1.0ms
[   0.5571]  PACKET_ARRIVAL         pkt=13  node=router  hop=1
[   0.5571]  QUEUE_ENQUEUE          pkt=13  node=router  queue=9/20 (45%)  state=NORMAL
[   0.5862]  PACKET_GENERATE        pkt=14  flow=0  size=1475B  pri=1
[   0.5862]  QUEUE_ENQUEUE          pkt=14  node=src0  queue=1/1000 (0%)  state=NORMAL
[   0.5872]  QUEUE_DEQUEUE          pkt=14  node=src0  wait=1.0ms  queue=0/1000  state=NORMAL
[   0.5872]  PACKET_TRANSMIT        pkt=14  link=src0→router  delay=1.0ms
[   0.5882]  PACKET_ARRIVAL         pkt=14  node=router  hop=1
[   0.5882]  QUEUE_ENQUEUE          pkt=14  node=router  queue=10/20 (50%)  state=NORMAL
[   0.6000]  PACKET_GENERATE        pkt=15  flow=1  size=100B  pri=0
[   0.6000]  QUEUE_ENQUEUE          pkt=15  node=src1  queue=1/1000 (0%)  state=NORMAL
[   0.6010]  QUEUE_DEQUEUE          pkt=15  node=src1  wait=1.0ms  queue=0/1000  state=NORMAL
[   0.6010]  PACKET_TRANSMIT        pkt=15  link=src1→router  delay=1.0ms
[   0.6020]  QUEUE_DEQUEUE          pkt=5  node=router  wait=400.0ms  queue=9/20  state=NORMAL
[   0.6020]  PACKET_TRANSMIT        pkt=5  link=router→dst  delay=5.0ms
[   0.6020]  PACKET_ARRIVAL         pkt=15  node=router  hop=1
[   0.6020]  QUEUE_ENQUEUE          pkt=15  node=router  queue=10/20 (50%)  state=NORMAL
[   0.6070]  PACKET_ARRIVAL         pkt=5  node=dst  hop=2
[   0.6070]  PACKET_DELIVER         pkt=5  flow=1  latency=407.0ms
[   0.6269]  PACKET_GENERATE        pkt=16  flow=0  size=1400B  pri=1
[   0.6269]  QUEUE_ENQUEUE          pkt=16  node=src0  queue=1/1000 (0%)  state=NORMAL
[   0.6279]  QUEUE_DEQUEUE          pkt=16  node=src0  wait=1.0ms  queue=0/1000  state=NORMAL
[   0.6279]  PACKET_TRANSMIT        pkt=16  link=src0→router  delay=1.0ms
[   0.6289]  PACKET_ARRIVAL         pkt=16  node=router  hop=1
[   0.6289]  QUEUE_ENQUEUE          pkt=16  node=router  queue=11/20 (55%)  state=NORMAL
[   0.7020]  QUEUE_DEQUEUE          pkt=6  node=router  wait=485.1ms  queue=10/20  state=NORMAL
[   0.7020]  STATE_UPDATE           node=router  NORMAL → HEADER_COMPRESSION
[   0.7020]  PACKET_TRANSMIT        pkt=6  link=router→dst  delay=5.0ms
[   0.7070]  PACKET_ARRIVAL         pkt=6  node=dst  hop=2
[   0.7070]  PACKET_DELIVER         pkt=6  flow=0  latency=492.1ms
[   0.8000]  PACKET_GENERATE        pkt=17  flow=1  size=100B  pri=0
[   0.8000]  QUEUE_ENQUEUE          pkt=17  node=src1  queue=1/1000 (0%)  state=NORMAL
[   0.8010]  QUEUE_DEQUEUE          pkt=17  node=src1  wait=1.0ms  queue=0/1000  state=NORMAL
[   0.8010]  PACKET_TRANSMIT        pkt=17  link=src1→router  delay=1.0ms
[   0.8020]  QUEUE_DEQUEUE          pkt=7  node=router  wait=573.7ms  queue=9/20  state=HEADER_COMPRESSION
[   0.8020]  STATE_UPDATE           node=router  HEADER_COMPRESSION → NORMAL
[   0.8020]  PACKET_TRANSMIT        pkt=7  link=router→dst  delay=5.0ms
[   0.8020]  PACKET_ARRIVAL         pkt=17  node=router  hop=1
[   0.8020]  QUEUE_ENQUEUE          pkt=17  node=router  queue=10/20 (50%)  state=NORMAL
[   0.8047]  PACKET_GENERATE        pkt=18  flow=0  size=1420B  pri=1
[   0.8047]  QUEUE_ENQUEUE          pkt=18  node=src0  queue=1/1000 (0%)  state=NORMAL
[   0.8057]  QUEUE_DEQUEUE          pkt=18  node=src0  wait=1.0ms  queue=0/1000  state=NORMAL
[   0.8057]  PACKET_TRANSMIT        pkt=18  link=src0→router  delay=1.0ms
[   0.8067]  PACKET_ARRIVAL         pkt=18  node=router  hop=1
[   0.8067]  QUEUE_ENQUEUE          pkt=18  node=router  queue=11/20 (55%)  state=NORMAL
[   0.8070]  PACKET_ARRIVAL         pkt=7  node=dst  hop=2
[   0.8070]  PACKET_DELIVER         pkt=7  flow=0  latency=580.7ms
[   0.9020]  QUEUE_DEQUEUE          pkt=8  node=router  wait=669.7ms  queue=10/20  state=NORMAL
[   0.9020]  STATE_UPDATE           node=router  NORMAL → HEADER_COMPRESSION
[   0.9020]  PACKET_TRANSMIT        pkt=8  link=router→dst  delay=5.0ms
[   0.9070]  PACKET_ARRIVAL         pkt=8  node=dst  hop=2
[   0.9070]  PACKET_DELIVER         pkt=8  flow=0  latency=676.7ms
[   0.9544]  PACKET_GENERATE        pkt=19  flow=0  size=1443B  pri=1
[   0.9544]  QUEUE_ENQUEUE          pkt=19  node=src0  queue=1/1000 (0%)  state=NORMAL
[   0.9554]  QUEUE_DEQUEUE          pkt=19  node=src0  wait=1.0ms  queue=0/1000  state=NORMAL
[   0.9554]  PACKET_TRANSMIT        pkt=19  link=src0→router  delay=1.0ms
[   0.9564]  PACKET_ARRIVAL         pkt=19  node=router  hop=1
[   0.9564]  QUEUE_ENQUEUE          pkt=19  node=router  queue=11/20 (55%)  state=HEADER_COMPRESSION
[   0.9951]  PACKET_GENERATE        pkt=20  flow=0  size=1427B  pri=1
[   0.9951]  QUEUE_ENQUEUE          pkt=20  node=src0  queue=1/1000 (0%)  state=NORMAL
[   0.9961]  QUEUE_DEQUEUE          pkt=20  node=src0  wait=1.0ms  queue=0/1000  state=NORMAL
[   0.9961]  PACKET_TRANSMIT        pkt=20  link=src0→router  delay=1.0ms
[   0.9971]  PACKET_ARRIVAL         pkt=20  node=router  hop=1
[   0.9971]  QUEUE_ENQUEUE          pkt=20  node=router  queue=12/20 (60%)  state=HEADER_COMPRESSION
[   1.0000]  PACKET_GENERATE        pkt=21  flow=1  size=100B  pri=0
[   1.0000]  QUEUE_ENQUEUE          pkt=21  node=src1  queue=1/1000 (0%)  state=NORMAL
[   1.0010]  QUEUE_DEQUEUE          pkt=21  node=src1  wait=1.0ms  queue=0/1000  state=NORMAL
[   1.0010]  PACKET_TRANSMIT        pkt=21  link=src1→router  delay=1.0ms
[   1.0020]  PACKET_ARRIVAL         pkt=21  node=router  hop=1
[   1.0020]  QUEUE_ENQUEUE          pkt=21  node=router  queue=13/20 (65%)  state=HEADER_COMPRESSION
[   1.0020]  QUEUE_DEQUEUE          pkt=9  node=router  wait=738.9ms  queue=12/20  state=HEADER_COMPRESSION
[   1.0020]  PACKET_TRANSMIT        pkt=9  link=router→dst  delay=5.0ms
[   1.0070]  PACKET_ARRIVAL         pkt=9  node=dst  hop=2
[   1.0070]  PACKET_DELIVER         pkt=9  flow=0  latency=745.9ms
[   1.1020]  QUEUE_DEQUEUE          pkt=10  node=router  wait=723.7ms  queue=11/20  state=HEADER_COMPRESSION
[   1.1020]  PACKET_TRANSMIT        pkt=10  link=router→dst  delay=5.0ms
[   1.1070]  PACKET_ARRIVAL         pkt=10  node=dst  hop=2
[   1.1070]  PACKET_DELIVER         pkt=10  flow=0  latency=730.7ms
[   1.2000]  PACKET_GENERATE        pkt=22  flow=1  size=100B  pri=0
[   1.2000]  QUEUE_ENQUEUE          pkt=22  node=src1  queue=1/1000 (0%)  state=NORMAL
[   1.2010]  QUEUE_DEQUEUE          pkt=22  node=src1  wait=1.0ms  queue=0/1000  state=NORMAL
[   1.2010]  PACKET_TRANSMIT        pkt=22  link=src1→router  delay=1.0ms
[   1.2020]  PACKET_ARRIVAL         pkt=22  node=router  hop=1
[   1.2020]  QUEUE_ENQUEUE          pkt=22  node=router  queue=12/20 (60%)  state=HEADER_COMPRESSION
[   1.2020]  QUEUE_DEQUEUE          pkt=11  node=router  wait=800.0ms  queue=11/20  state=HEADER_COMPRESSION
[   1.2020]  PACKET_TRANSMIT        pkt=11  link=router→dst  delay=5.0ms
[   1.2070]  PACKET_ARRIVAL         pkt=11  node=dst  hop=2
[   1.2070]  PACKET_DELIVER         pkt=11  flow=1  latency=807.0ms
[   1.3020]  QUEUE_DEQUEUE          pkt=12  node=router  wait=896.0ms  queue=10/20  state=HEADER_COMPRESSION
[   1.3020]  PACKET_TRANSMIT        pkt=12  link=router→dst  delay=5.0ms
[   1.3070]  PACKET_ARRIVAL         pkt=12  node=dst  hop=2
[   1.3070]  PACKET_DELIVER         pkt=12  flow=0  latency=903.0ms
[   1.3891]  PACKET_GENERATE        pkt=23  flow=0  size=1443B  pri=1
[   1.3891]  QUEUE_ENQUEUE          pkt=23  node=src0  queue=1/1000 (0%)  state=NORMAL
[   1.3901]  QUEUE_DEQUEUE          pkt=23  node=src0  wait=1.0ms  queue=0/1000  state=NORMAL
[   1.3901]  PACKET_TRANSMIT        pkt=23  link=src0→router  delay=1.0ms
[   1.3911]  PACKET_ARRIVAL         pkt=23  node=router  hop=1
[   1.3911]  QUEUE_ENQUEUE          pkt=23  node=router  queue=11/20 (55%)  state=HEADER_COMPRESSION
[   1.4000]  PACKET_GENERATE        pkt=24  flow=1  size=100B  pri=0
[   1.4000]  QUEUE_ENQUEUE          pkt=24  node=src1  queue=1/1000 (0%)  state=NORMAL
[   1.4010]  QUEUE_DEQUEUE          pkt=24  node=src1  wait=1.0ms  queue=0/1000  state=NORMAL
[   1.4010]  PACKET_TRANSMIT        pkt=24  link=src1→router  delay=1.0ms
[   1.4020]  PACKET_ARRIVAL         pkt=24  node=router  hop=1
[   1.4020]  QUEUE_ENQUEUE          pkt=24  node=router  queue=12/20 (60%)  state=HEADER_COMPRESSION
[   1.4020]  QUEUE_DEQUEUE          pkt=13  node=router  wait=844.9ms  queue=11/20  state=HEADER_COMPRESSION
[   1.4020]  PACKET_TRANSMIT        pkt=13  link=router→dst  delay=5.0ms
[   1.4025]  PACKET_GENERATE        pkt=25  flow=0  size=1448B  pri=1
[   1.4025]  QUEUE_ENQUEUE          pkt=25  node=src0  queue=1/1000 (0%)  state=NORMAL
[   1.4035]  QUEUE_DEQUEUE          pkt=25  node=src0  wait=1.0ms  queue=0/1000  state=NORMAL
[   1.4035]  PACKET_TRANSMIT        pkt=25  link=src0→router  delay=1.0ms
[   1.4045]  PACKET_ARRIVAL         pkt=25  node=router  hop=1
[   1.4045]  QUEUE_ENQUEUE          pkt=25  node=router  queue=12/20 (60%)  state=HEADER_COMPRESSION
[   1.4070]  PACKET_ARRIVAL         pkt=13  node=dst  hop=2
[   1.4070]  PACKET_DELIVER         pkt=13  flow=0  latency=851.9ms
[   1.4153]  PACKET_GENERATE        pkt=26  flow=0  size=1444B  pri=1
[   1.4153]  QUEUE_ENQUEUE          pkt=26  node=src0  queue=1/1000 (0%)  state=NORMAL
[   1.4163]  QUEUE_DEQUEUE          pkt=26  node=src0  wait=1.0ms  queue=0/1000  state=NORMAL
[   1.4163]  PACKET_TRANSMIT        pkt=26  link=src0→router  delay=1.0ms
[   1.4173]  PACKET_ARRIVAL         pkt=26  node=router  hop=1
[   1.4173]  QUEUE_ENQUEUE          pkt=26  node=router  queue=13/20 (65%)  state=HEADER_COMPRESSION
[   1.5020]  QUEUE_DEQUEUE          pkt=14  node=router  wait=913.8ms  queue=12/20  state=HEADER_COMPRESSION
[   1.5020]  PACKET_TRANSMIT        pkt=14  link=router→dst  delay=5.0ms
[   1.5070]  PACKET_ARRIVAL         pkt=14  node=dst  hop=2
[   1.5070]  PACKET_DELIVER         pkt=14  flow=0  latency=920.8ms
[   1.5310]  PACKET_GENERATE        pkt=27  flow=0  size=1405B  pri=1
[   1.5310]  QUEUE_ENQUEUE          pkt=27  node=src0  queue=1/1000 (0%)  state=NORMAL
[   1.5320]  QUEUE_DEQUEUE          pkt=27  node=src0  wait=1.0ms  queue=0/1000  state=NORMAL
[   1.5320]  PACKET_TRANSMIT        pkt=27  link=src0→router  delay=1.0ms
[   1.5330]  PACKET_ARRIVAL         pkt=27  node=router  hop=1
[   1.5330]  QUEUE_ENQUEUE          pkt=27  node=router  queue=13/20 (65%)  state=HEADER_COMPRESSION
[   1.6000]  PACKET_GENERATE        pkt=28  flow=1  size=100B  pri=0
[   1.6000]  QUEUE_ENQUEUE          pkt=28  node=src1  queue=1/1000 (0%)  state=NORMAL
[   1.6010]  QUEUE_DEQUEUE          pkt=28  node=src1  wait=1.0ms  queue=0/1000  state=NORMAL
[   1.6010]  PACKET_TRANSMIT        pkt=28  link=src1→router  delay=1.0ms
[   1.6020]  PACKET_ARRIVAL         pkt=28  node=router  hop=1
[   1.6020]  QUEUE_ENQUEUE          pkt=28  node=router  queue=14/20 (70%)  state=HEADER_COMPRESSION
[   1.6020]  QUEUE_DEQUEUE          pkt=15  node=router  wait=1000.0ms  queue=13/20  state=HEADER_COMPRESSION
[   1.6020]  PACKET_TRANSMIT        pkt=15  link=router→dst  delay=5.0ms
[   1.6070]  PACKET_ARRIVAL         pkt=15  node=dst  hop=2
[   1.6070]  PACKET_DELIVER         pkt=15  flow=1  latency=1007.0ms
[   1.6945]  PACKET_GENERATE        pkt=29  flow=0  size=1468B  pri=1
[   1.6945]  QUEUE_ENQUEUE          pkt=29  node=src0  queue=1/1000 (0%)  state=NORMAL
[   1.6955]  QUEUE_DEQUEUE          pkt=29  node=src0  wait=1.0ms  queue=0/1000  state=NORMAL
[   1.6955]  PACKET_TRANSMIT        pkt=29  link=src0→router  delay=1.0ms
[   1.6965]  PACKET_ARRIVAL         pkt=29  node=router  hop=1
[   1.6965]  QUEUE_ENQUEUE          pkt=29  node=router  queue=14/20 (70%)  state=HEADER_COMPRESSION
[   1.7020]  QUEUE_DEQUEUE          pkt=16  node=router  wait=1073.1ms  queue=13/20  state=HEADER_COMPRESSION
[   1.7020]  PACKET_TRANSMIT        pkt=16  link=router→dst  delay=5.0ms
[   1.7070]  PACKET_ARRIVAL         pkt=16  node=dst  hop=2
[   1.7070]  PACKET_DELIVER         pkt=16  flow=0  latency=1080.1ms
[   1.7112]  PACKET_GENERATE        pkt=30  flow=0  size=1448B  pri=1
[   1.7112]  QUEUE_ENQUEUE          pkt=30  node=src0  queue=1/1000 (0%)  state=NORMAL
[   1.7122]  QUEUE_DEQUEUE          pkt=30  node=src0  wait=1.0ms  queue=0/1000  state=NORMAL
[   1.7122]  PACKET_TRANSMIT        pkt=30  link=src0→router  delay=1.0ms
[   1.7132]  PACKET_ARRIVAL         pkt=30  node=router  hop=1
[   1.7132]  QUEUE_ENQUEUE          pkt=30  node=router  queue=14/20 (70%)  state=HEADER_COMPRESSION
[   1.7214]  PACKET_GENERATE        pkt=31  flow=0  size=1437B  pri=1
[   1.7214]  QUEUE_ENQUEUE          pkt=31  node=src0  queue=1/1000 (0%)  state=NORMAL
[   1.7224]  QUEUE_DEQUEUE          pkt=31  node=src0  wait=1.0ms  queue=0/1000  state=NORMAL
[   1.7224]  PACKET_TRANSMIT        pkt=31  link=src0→router  delay=1.0ms
[   1.7234]  PACKET_ARRIVAL         pkt=31  node=router  hop=1
[   1.7234]  QUEUE_ENQUEUE          pkt=31  node=router  queue=15/20 (75%)  state=HEADER_COMPRESSION
[   1.8000]  PACKET_GENERATE        pkt=32  flow=1  size=100B  pri=0
[   1.8000]  QUEUE_ENQUEUE          pkt=32  node=src1  queue=1/1000 (0%)  state=NORMAL
[   1.8010]  QUEUE_DEQUEUE          pkt=32  node=src1  wait=1.0ms  queue=0/1000  state=NORMAL
[   1.8010]  PACKET_TRANSMIT        pkt=32  link=src1→router  delay=1.0ms
[   1.8020]  PACKET_ARRIVAL         pkt=32  node=router  hop=1
[   1.8020]  QUEUE_ENQUEUE          pkt=32  node=router  queue=16/20 (80%)  state=HEADER_COMPRESSION
[   1.8020]  QUEUE_DEQUEUE          pkt=17  node=router  wait=1000.0ms  queue=15/20  state=HEADER_COMPRESSION
[   1.8020]  STATE_UPDATE           node=router  HEADER_COMPRESSION → DELTA_COMPRESSION
[   1.8020]  PACKET_TRANSMIT        pkt=17  link=router→dst  delay=5.0ms
[   1.8070]  PACKET_ARRIVAL         pkt=17  node=dst  hop=2
[   1.8070]  PACKET_DELIVER         pkt=17  flow=1  latency=1007.0ms
[   1.9020]  QUEUE_DEQUEUE          pkt=18  node=router  wait=1095.3ms  queue=14/20  state=DELTA_COMPRESSION
[   1.9020]  PACKET_TRANSMIT        pkt=18  link=router→dst  delay=5.0ms
[   1.9070]  PACKET_ARRIVAL         pkt=18  node=dst  hop=2
[   1.9070]  PACKET_DELIVER         pkt=18  flow=0  latency=1102.3ms
[   1.9425]  PACKET_GENERATE        pkt=33  flow=0  size=1479B  pri=1
[   1.9425]  QUEUE_ENQUEUE          pkt=33  node=src0  queue=1/1000 (0%)  state=NORMAL
[   1.9435]  QUEUE_DEQUEUE          pkt=33  node=src0  wait=1.0ms  queue=0/1000  state=NORMAL
[   1.9435]  PACKET_TRANSMIT        pkt=33  link=src0→router  delay=1.0ms
[   1.9445]  PACKET_ARRIVAL         pkt=33  node=router  hop=1
[   1.9445]  QUEUE_ENQUEUE          pkt=33  node=router  queue=15/20 (75%)  state=DELTA_COMPRESSION
[   2.0000]  PACKET_GENERATE        pkt=34  flow=1  size=100B  pri=0
[   2.0000]  QUEUE_ENQUEUE          pkt=34  node=src1  queue=1/1000 (0%)  state=NORMAL
[   2.0010]  QUEUE_DEQUEUE          pkt=34  node=src1  wait=1.0ms  queue=0/1000  state=NORMAL
[   2.0010]  PACKET_TRANSMIT        pkt=34  link=src1→router  delay=1.0ms
[   2.0020]  PACKET_ARRIVAL         pkt=34  node=router  hop=1
[   2.0020]  QUEUE_ENQUEUE          pkt=34  node=router  queue=16/20 (80%)  state=DELTA_COMPRESSION
[   2.0020]  QUEUE_DEQUEUE          pkt=19  node=router  wait=1045.6ms  queue=15/20  state=DELTA_COMPRESSION
[   2.0020]  PACKET_TRANSMIT        pkt=19  link=router→dst  delay=5.0ms
[   2.0070]  PACKET_ARRIVAL         pkt=19  node=dst  hop=2
[   2.0070]  PACKET_DELIVER         pkt=19  flow=0  latency=1052.6ms
[   2.1020]  QUEUE_DEQUEUE          pkt=20  node=router  wait=1104.9ms  queue=14/20  state=DELTA_COMPRESSION
[   2.1020]  PACKET_TRANSMIT        pkt=20  link=router→dst  delay=5.0ms
[   2.1070]  PACKET_ARRIVAL         pkt=20  node=dst  hop=2
[   2.1070]  PACKET_DELIVER         pkt=20  flow=0  latency=1111.9ms
[   2.2000]  PACKET_GENERATE        pkt=35  flow=1  size=100B  pri=0
[   2.2000]  QUEUE_ENQUEUE          pkt=35  node=src1  queue=1/1000 (0%)  state=NORMAL
[   2.2010]  QUEUE_DEQUEUE          pkt=35  node=src1  wait=1.0ms  queue=0/1000  state=NORMAL
[   2.2010]  PACKET_TRANSMIT        pkt=35  link=src1→router  delay=1.0ms
[   2.2020]  PACKET_ARRIVAL         pkt=35  node=router  hop=1
[   2.2020]  QUEUE_ENQUEUE          pkt=35  node=router  queue=15/20 (75%)  state=DELTA_COMPRESSION
[   2.2020]  QUEUE_DEQUEUE          pkt=21  node=router  wait=1200.0ms  queue=14/20  state=DELTA_COMPRESSION
[   2.2020]  PACKET_TRANSMIT        pkt=21  link=router→dst  delay=5.0ms
[   2.2070]  PACKET_ARRIVAL         pkt=21  node=dst  hop=2
[   2.2070]  PACKET_DELIVER         pkt=21  flow=1  latency=1207.0ms
[   2.2133]  PACKET_GENERATE        pkt=36  flow=0  size=1446B  pri=1
[   2.2133]  QUEUE_ENQUEUE          pkt=36  node=src0  queue=1/1000 (0%)  state=NORMAL
[   2.2143]  QUEUE_DEQUEUE          pkt=36  node=src0  wait=1.0ms  queue=0/1000  state=NORMAL
[   2.2143]  PACKET_TRANSMIT        pkt=36  link=src0→router  delay=1.0ms
[   2.2153]  PACKET_ARRIVAL         pkt=36  node=router  hop=1
[   2.2153]  QUEUE_ENQUEUE          pkt=36  node=router  queue=15/20 (75%)  state=DELTA_COMPRESSION
[   2.3020]  QUEUE_DEQUEUE          pkt=22  node=router  wait=1100.0ms  queue=14/20  state=DELTA_COMPRESSION
[   2.3020]  PACKET_TRANSMIT        pkt=22  link=router→dst  delay=5.0ms
[   2.3070]  PACKET_ARRIVAL         pkt=22  node=dst  hop=2
[   2.3070]  PACKET_DELIVER         pkt=22  flow=1  latency=1107.0ms
[   2.3210]  PACKET_GENERATE        pkt=37  flow=0  size=1490B  pri=1
[   2.3210]  QUEUE_ENQUEUE          pkt=37  node=src0  queue=1/1000 (0%)  state=NORMAL
[   2.3220]  QUEUE_DEQUEUE          pkt=37  node=src0  wait=1.0ms  queue=0/1000  state=NORMAL
[   2.3220]  PACKET_TRANSMIT        pkt=37  link=src0→router  delay=1.0ms
[   2.3230]  PACKET_ARRIVAL         pkt=37  node=router  hop=1
[   2.3230]  QUEUE_ENQUEUE          pkt=37  node=router  queue=15/20 (75%)  state=DELTA_COMPRESSION
[   2.3300]  PACKET_GENERATE        pkt=38  flow=0  size=1484B  pri=1
[   2.3300]  QUEUE_ENQUEUE          pkt=38  node=src0  queue=1/1000 (0%)  state=NORMAL
[   2.3310]  QUEUE_DEQUEUE          pkt=38  node=src0  wait=1.0ms  queue=0/1000  state=NORMAL
[   2.3310]  PACKET_TRANSMIT        pkt=38  link=src0→router  delay=1.0ms
[   2.3320]  PACKET_ARRIVAL         pkt=38  node=router  hop=1
[   2.3320]  QUEUE_ENQUEUE          pkt=38  node=router  queue=16/20 (80%)  state=DELTA_COMPRESSION
[   2.3623]  PACKET_GENERATE        pkt=39  flow=0  size=1437B  pri=1
[   2.3623]  QUEUE_ENQUEUE          pkt=39  node=src0  queue=1/1000 (0%)  state=NORMAL
[   2.3633]  QUEUE_DEQUEUE          pkt=39  node=src0  wait=1.0ms  queue=0/1000  state=NORMAL
[   2.3633]  PACKET_TRANSMIT        pkt=39  link=src0→router  delay=1.0ms
[   2.3643]  PACKET_ARRIVAL         pkt=39  node=router  hop=1
[   2.3643]  QUEUE_ENQUEUE          pkt=39  node=router  queue=17/20 (85%)  state=DELTA_COMPRESSION
[   2.4000]  PACKET_GENERATE        pkt=40  flow=1  size=100B  pri=0
[   2.4000]  QUEUE_ENQUEUE          pkt=40  node=src1  queue=1/1000 (0%)  state=NORMAL
[   2.4010]  QUEUE_DEQUEUE          pkt=40  node=src1  wait=1.0ms  queue=0/1000  state=NORMAL
[   2.4010]  PACKET_TRANSMIT        pkt=40  link=src1→router  delay=1.0ms
[   2.4020]  PACKET_ARRIVAL         pkt=40  node=router  hop=1
[   2.4020]  QUEUE_ENQUEUE          pkt=40  node=router  queue=18/20 (90%)  state=DELTA_COMPRESSION
[   2.4020]  QUEUE_DEQUEUE          pkt=23  node=router  wait=1010.9ms  queue=17/20  state=DELTA_COMPRESSION
[   2.4020]  STATE_UPDATE           node=router  DELTA_COMPRESSION → INCREMENTAL_COMPRESSION
[   2.4020]  PACKET_TRANSMIT        pkt=23  link=router→dst  delay=5.0ms
[   2.4070]  PACKET_ARRIVAL         pkt=23  node=dst  hop=2
[   2.4070]  PACKET_DELIVER         pkt=23  flow=0  latency=1017.9ms
[   2.5020]  QUEUE_DEQUEUE          pkt=24  node=router  wait=1100.0ms  queue=16/20  state=INCREMENTAL_COMPRESSION
[   2.5020]  STATE_UPDATE           node=router  INCREMENTAL_COMPRESSION → DELTA_COMPRESSION
[   2.5020]  PACKET_TRANSMIT        pkt=24  link=router→dst  delay=5.0ms
[   2.5070]  PACKET_ARRIVAL         pkt=24  node=dst  hop=2
[   2.5070]  PACKET_DELIVER         pkt=24  flow=1  latency=1107.0ms
[   2.6000]  PACKET_GENERATE        pkt=41  flow=1  size=100B  pri=0
[   2.6000]  QUEUE_ENQUEUE          pkt=41  node=src1  queue=1/1000 (0%)  state=NORMAL
[   2.6010]  QUEUE_DEQUEUE          pkt=41  node=src1  wait=1.0ms  queue=0/1000  state=NORMAL
[   2.6010]  PACKET_TRANSMIT        pkt=41  link=src1→router  delay=1.0ms
[   2.6020]  PACKET_ARRIVAL         pkt=41  node=router  hop=1
[   2.6020]  QUEUE_ENQUEUE          pkt=41  node=router  queue=17/20 (85%)  state=DELTA_COMPRESSION
[   2.6020]  QUEUE_DEQUEUE          pkt=25  node=router  wait=1197.5ms  queue=16/20  state=DELTA_COMPRESSION
[   2.6020]  PACKET_TRANSMIT        pkt=25  link=router→dst  delay=5.0ms
[   2.6070]  PACKET_ARRIVAL         pkt=25  node=dst  hop=2
[   2.6070]  PACKET_DELIVER         pkt=25  flow=0  latency=1204.5ms
[   2.7020]  QUEUE_DEQUEUE          pkt=26  node=router  wait=1284.7ms  queue=15/20  state=DELTA_COMPRESSION
[   2.7020]  PACKET_TRANSMIT        pkt=26  link=router→dst  delay=5.0ms
[   2.7070]  PACKET_ARRIVAL         pkt=26  node=dst  hop=2
[   2.7070]  PACKET_DELIVER         pkt=26  flow=0  latency=1291.7ms
[   2.8000]  PACKET_GENERATE        pkt=42  flow=1  size=100B  pri=0
[   2.8000]  QUEUE_ENQUEUE          pkt=42  node=src1  queue=1/1000 (0%)  state=NORMAL
[   2.8010]  QUEUE_DEQUEUE          pkt=42  node=src1  wait=1.0ms  queue=0/1000  state=NORMAL
[   2.8010]  PACKET_TRANSMIT        pkt=42  link=src1→router  delay=1.0ms
[   2.8020]  PACKET_ARRIVAL         pkt=42  node=router  hop=1
[   2.8020]  QUEUE_ENQUEUE          pkt=42  node=router  queue=16/20 (80%)  state=DELTA_COMPRESSION
[   2.8020]  QUEUE_DEQUEUE          pkt=27  node=router  wait=1269.0ms  queue=15/20  state=DELTA_COMPRESSION
[   2.8020]  PACKET_TRANSMIT        pkt=27  link=router→dst  delay=5.0ms
[   2.8070]  PACKET_ARRIVAL         pkt=27  node=dst  hop=2
[   2.8070]  PACKET_DELIVER         pkt=27  flow=0  latency=1276.0ms
[   2.8892]  PACKET_GENERATE        pkt=43  flow=0  size=1429B  pri=1
[   2.8892]  QUEUE_ENQUEUE          pkt=43  node=src0  queue=1/1000 (0%)  state=NORMAL
[   2.8902]  QUEUE_DEQUEUE          pkt=43  node=src0  wait=1.0ms  queue=0/1000  state=NORMAL
[   2.8902]  PACKET_TRANSMIT        pkt=43  link=src0→router  delay=1.0ms
[   2.8912]  PACKET_ARRIVAL         pkt=43  node=router  hop=1
[   2.8912]  QUEUE_ENQUEUE          pkt=43  node=router  queue=16/20 (80%)  state=DELTA_COMPRESSION
[   2.9020]  QUEUE_DEQUEUE          pkt=28  node=router  wait=1300.0ms  queue=15/20  state=DELTA_COMPRESSION
[   2.9020]  PACKET_TRANSMIT        pkt=28  link=router→dst  delay=5.0ms
[   2.9070]  PACKET_ARRIVAL         pkt=28  node=dst  hop=2
[   2.9070]  PACKET_DELIVER         pkt=28  flow=1  latency=1307.0ms
[   3.0000]  PACKET_GENERATE        pkt=44  flow=1  size=100B  pri=0
[   3.0000]  QUEUE_ENQUEUE          pkt=44  node=src1  queue=1/1000 (0%)  state=NORMAL
[   3.0010]  QUEUE_DEQUEUE          pkt=44  node=src1  wait=1.0ms  queue=0/1000  state=NORMAL
[   3.0010]  PACKET_TRANSMIT        pkt=44  link=src1→router  delay=1.0ms
[   3.0020]  PACKET_ARRIVAL         pkt=44  node=router  hop=1
[   3.0020]  QUEUE_ENQUEUE          pkt=44  node=router  queue=16/20 (80%)  state=DELTA_COMPRESSION
[   3.0020]  QUEUE_DEQUEUE          pkt=29  node=router  wait=1305.5ms  queue=15/20  state=DELTA_COMPRESSION
[   3.0020]  PACKET_TRANSMIT        pkt=29  link=router→dst  delay=5.0ms
[   3.0070]  PACKET_ARRIVAL         pkt=29  node=dst  hop=2
[   3.0070]  PACKET_DELIVER         pkt=29  flow=0  latency=1312.5ms
[   3.1020]  QUEUE_DEQUEUE          pkt=30  node=router  wait=1388.8ms  queue=14/20  state=DELTA_COMPRESSION
[   3.1020]  PACKET_TRANSMIT        pkt=30  link=router→dst  delay=5.0ms
[   3.1070]  PACKET_ARRIVAL         pkt=30  node=dst  hop=2
[   3.1070]  PACKET_DELIVER         pkt=30  flow=0  latency=1395.8ms
[   3.1408]  PACKET_GENERATE        pkt=45  flow=0  size=1448B  pri=1
[   3.1408]  QUEUE_ENQUEUE          pkt=45  node=src0  queue=1/1000 (0%)  state=NORMAL
[   3.1418]  QUEUE_DEQUEUE          pkt=45  node=src0  wait=1.0ms  queue=0/1000  state=NORMAL
[   3.1418]  PACKET_TRANSMIT        pkt=45  link=src0→router  delay=1.0ms
[   3.1428]  PACKET_ARRIVAL         pkt=45  node=router  hop=1
[   3.1428]  QUEUE_ENQUEUE          pkt=45  node=router  queue=15/20 (75%)  state=DELTA_COMPRESSION
[   3.1816]  PACKET_GENERATE        pkt=46  flow=0  size=1481B  pri=1
[   3.1816]  QUEUE_ENQUEUE          pkt=46  node=src0  queue=1/1000 (0%)  state=NORMAL
[   3.1826]  QUEUE_DEQUEUE          pkt=46  node=src0  wait=1.0ms  queue=0/1000  state=NORMAL
[   3.1826]  PACKET_TRANSMIT        pkt=46  link=src0→router  delay=1.0ms
[   3.1836]  PACKET_ARRIVAL         pkt=46  node=router  hop=1
[   3.1836]  QUEUE_ENQUEUE          pkt=46  node=router  queue=16/20 (80%)  state=DELTA_COMPRESSION
[   3.2000]  PACKET_GENERATE        pkt=47  flow=1  size=100B  pri=0
[   3.2000]  QUEUE_ENQUEUE          pkt=47  node=src1  queue=1/1000 (0%)  state=NORMAL
[   3.2010]  QUEUE_DEQUEUE          pkt=47  node=src1  wait=1.0ms  queue=0/1000  state=NORMAL
[   3.2010]  PACKET_TRANSMIT        pkt=47  link=src1→router  delay=1.0ms
[   3.2020]  PACKET_ARRIVAL         pkt=47  node=router  hop=1
[   3.2020]  QUEUE_ENQUEUE          pkt=47  node=router  queue=17/20 (85%)  state=DELTA_COMPRESSION
[   3.2020]  QUEUE_DEQUEUE          pkt=31  node=router  wait=1478.6ms  queue=16/20  state=DELTA_COMPRESSION
[   3.2020]  PACKET_TRANSMIT        pkt=31  link=router→dst  delay=5.0ms
[   3.2070]  PACKET_ARRIVAL         pkt=31  node=dst  hop=2
[   3.2070]  PACKET_DELIVER         pkt=31  flow=0  latency=1485.6ms
[   3.3020]  QUEUE_DEQUEUE          pkt=32  node=router  wait=1500.0ms  queue=15/20  state=DELTA_COMPRESSION
[   3.3020]  PACKET_TRANSMIT        pkt=32  link=router→dst  delay=5.0ms
[   3.3070]  PACKET_ARRIVAL         pkt=32  node=dst  hop=2
[   3.3070]  PACKET_DELIVER         pkt=32  flow=1  latency=1507.0ms
[   3.4000]  PACKET_GENERATE        pkt=48  flow=1  size=100B  pri=0
[   3.4000]  QUEUE_ENQUEUE          pkt=48  node=src1  queue=1/1000 (0%)  state=NORMAL
[   3.4010]  QUEUE_DEQUEUE          pkt=48  node=src1  wait=1.0ms  queue=0/1000  state=NORMAL
[   3.4010]  PACKET_TRANSMIT        pkt=48  link=src1→router  delay=1.0ms
[   3.4020]  PACKET_ARRIVAL         pkt=48  node=router  hop=1
[   3.4020]  QUEUE_ENQUEUE          pkt=48  node=router  queue=16/20 (80%)  state=DELTA_COMPRESSION
[   3.4020]  QUEUE_DEQUEUE          pkt=33  node=router  wait=1457.5ms  queue=15/20  state=DELTA_COMPRESSION
[   3.4020]  PACKET_TRANSMIT        pkt=33  link=router→dst  delay=5.0ms
[   3.4061]  PACKET_GENERATE        pkt=49  flow=0  size=1420B  pri=1
[   3.4061]  QUEUE_ENQUEUE          pkt=49  node=src0  queue=1/1000 (0%)  state=NORMAL
[   3.4070]  PACKET_ARRIVAL         pkt=33  node=dst  hop=2
[   3.4070]  PACKET_DELIVER         pkt=33  flow=0  latency=1464.5ms
[   3.4071]  QUEUE_DEQUEUE          pkt=49  node=src0  wait=1.0ms  queue=0/1000  state=NORMAL
[   3.4071]  PACKET_TRANSMIT        pkt=49  link=src0→router  delay=1.0ms
[   3.4081]  PACKET_ARRIVAL         pkt=49  node=router  hop=1
[   3.4081]  QUEUE_ENQUEUE          pkt=49  node=router  queue=16/20 (80%)  state=DELTA_COMPRESSION
[   3.4639]  PACKET_GENERATE        pkt=50  flow=0  size=1426B  pri=1
[   3.4639]  QUEUE_ENQUEUE          pkt=50  node=src0  queue=1/1000 (0%)  state=NORMAL
[   3.4649]  QUEUE_DEQUEUE          pkt=50  node=src0  wait=1.0ms  queue=0/1000  state=NORMAL
[   3.4649]  PACKET_TRANSMIT        pkt=50  link=src0→router  delay=1.0ms
[   3.4659]  PACKET_ARRIVAL         pkt=50  node=router  hop=1
[   3.4659]  QUEUE_ENQUEUE          pkt=50  node=router  queue=17/20 (85%)  state=DELTA_COMPRESSION
[   3.5020]  QUEUE_DEQUEUE          pkt=34  node=router  wait=1500.0ms  queue=16/20  state=DELTA_COMPRESSION
[   3.5020]  PACKET_TRANSMIT        pkt=34  link=router→dst  delay=5.0ms
[   3.5070]  PACKET_ARRIVAL         pkt=34  node=dst  hop=2
[   3.5070]  PACKET_DELIVER         pkt=34  flow=1  latency=1507.0ms
[   3.6000]  PACKET_GENERATE        pkt=51  flow=1  size=100B  pri=0
[   3.6000]  QUEUE_ENQUEUE          pkt=51  node=src1  queue=1/1000 (0%)  state=NORMAL
[   3.6010]  QUEUE_DEQUEUE          pkt=51  node=src1  wait=1.0ms  queue=0/1000  state=NORMAL
[   3.6010]  PACKET_TRANSMIT        pkt=51  link=src1→router  delay=1.0ms
[   3.6020]  PACKET_ARRIVAL         pkt=51  node=router  hop=1
[   3.6020]  QUEUE_ENQUEUE          pkt=51  node=router  queue=17/20 (85%)  state=DELTA_COMPRESSION
[   3.6020]  QUEUE_DEQUEUE          pkt=35  node=router  wait=1400.0ms  queue=16/20  state=DELTA_COMPRESSION
[   3.6020]  PACKET_TRANSMIT        pkt=35  link=router→dst  delay=5.0ms
[   3.6026]  PACKET_GENERATE        pkt=52  flow=0  size=1489B  pri=1
[   3.6026]  QUEUE_ENQUEUE          pkt=52  node=src0  queue=1/1000 (0%)  state=NORMAL
[   3.6036]  QUEUE_DEQUEUE          pkt=52  node=src0  wait=1.0ms  queue=0/1000  state=NORMAL
[   3.6036]  PACKET_TRANSMIT        pkt=52  link=src0→router  delay=1.0ms
[   3.6046]  PACKET_ARRIVAL         pkt=52  node=router  hop=1
[   3.6046]  QUEUE_ENQUEUE          pkt=52  node=router  queue=17/20 (85%)  state=DELTA_COMPRESSION
[   3.6070]  PACKET_ARRIVAL         pkt=35  node=dst  hop=2
[   3.6070]  PACKET_DELIVER         pkt=35  flow=1  latency=1407.0ms
[   3.7020]  QUEUE_DEQUEUE          pkt=36  node=router  wait=1486.7ms  queue=16/20  state=DELTA_COMPRESSION
[   3.7020]  PACKET_TRANSMIT        pkt=36  link=router→dst  delay=5.0ms
[   3.7070]  PACKET_ARRIVAL         pkt=36  node=dst  hop=2
[   3.7070]  PACKET_DELIVER         pkt=36  flow=0  latency=1493.7ms
[   3.8000]  PACKET_GENERATE        pkt=53  flow=1  size=100B  pri=0
[   3.8000]  QUEUE_ENQUEUE          pkt=53  node=src1  queue=1/1000 (0%)  state=NORMAL
[   3.8010]  QUEUE_DEQUEUE          pkt=53  node=src1  wait=1.0ms  queue=0/1000  state=NORMAL
[   3.8010]  PACKET_TRANSMIT        pkt=53  link=src1→router  delay=1.0ms
[   3.8020]  PACKET_ARRIVAL         pkt=53  node=router  hop=1
[   3.8020]  QUEUE_ENQUEUE          pkt=53  node=router  queue=17/20 (85%)  state=DELTA_COMPRESSION
[   3.8020]  QUEUE_DEQUEUE          pkt=37  node=router  wait=1479.0ms  queue=16/20  state=DELTA_COMPRESSION
[   3.8020]  PACKET_TRANSMIT        pkt=37  link=router→dst  delay=5.0ms
[   3.8070]  PACKET_ARRIVAL         pkt=37  node=dst  hop=2
[   3.8070]  PACKET_DELIVER         pkt=37  flow=0  latency=1486.0ms
[   3.9020]  QUEUE_DEQUEUE          pkt=38  node=router  wait=1570.0ms  queue=15/20  state=DELTA_COMPRESSION
[   3.9020]  PACKET_TRANSMIT        pkt=38  link=router→dst  delay=5.0ms
[   3.9070]  PACKET_ARRIVAL         pkt=38  node=dst  hop=2
[   3.9070]  PACKET_DELIVER         pkt=38  flow=0  latency=1577.0ms
[   3.9474]  PACKET_GENERATE        pkt=54  flow=0  size=1482B  pri=1
[   3.9474]  QUEUE_ENQUEUE          pkt=54  node=src0  queue=1/1000 (0%)  state=NORMAL
[   3.9484]  QUEUE_DEQUEUE          pkt=54  node=src0  wait=1.0ms  queue=0/1000  state=NORMAL
[   3.9484]  PACKET_TRANSMIT        pkt=54  link=src0→router  delay=1.0ms
[   3.9494]  PACKET_ARRIVAL         pkt=54  node=router  hop=1
[   3.9494]  QUEUE_ENQUEUE          pkt=54  node=router  queue=16/20 (80%)  state=DELTA_COMPRESSION
[   3.9567]  PACKET_GENERATE        pkt=55  flow=0  size=1481B  pri=1
[   3.9567]  QUEUE_ENQUEUE          pkt=55  node=src0  queue=1/1000 (0%)  state=NORMAL
[   3.9577]  QUEUE_DEQUEUE          pkt=55  node=src0  wait=1.0ms  queue=0/1000  state=NORMAL
[   3.9577]  PACKET_TRANSMIT        pkt=55  link=src0→router  delay=1.0ms
[   3.9587]  PACKET_ARRIVAL         pkt=55  node=router  hop=1
[   3.9587]  QUEUE_ENQUEUE          pkt=55  node=router  queue=17/20 (85%)  state=DELTA_COMPRESSION
[   3.9802]  PACKET_GENERATE        pkt=56  flow=0  size=1493B  pri=1
[   3.9802]  QUEUE_ENQUEUE          pkt=56  node=src0  queue=1/1000 (0%)  state=NORMAL
[   3.9812]  QUEUE_DEQUEUE          pkt=56  node=src0  wait=1.0ms  queue=0/1000  state=NORMAL
[   3.9812]  PACKET_TRANSMIT        pkt=56  link=src0→router  delay=1.0ms
[   3.9822]  PACKET_ARRIVAL         pkt=56  node=router  hop=1
[   3.9822]  QUEUE_ENQUEUE          pkt=56  node=router  queue=18/20 (90%)  state=DELTA_COMPRESSION
[   4.0000]  PACKET_GENERATE        pkt=57  flow=1  size=100B  pri=0
[   4.0000]  QUEUE_ENQUEUE          pkt=57  node=src1  queue=1/1000 (0%)  state=NORMAL
[   4.0010]  QUEUE_DEQUEUE          pkt=57  node=src1  wait=1.0ms  queue=0/1000  state=NORMAL
[   4.0010]  PACKET_TRANSMIT        pkt=57  link=src1→router  delay=1.0ms
[   4.0020]  PACKET_ARRIVAL         pkt=57  node=router  hop=1
[   4.0020]  QUEUE_ENQUEUE          pkt=57  node=router  queue=19/20 (95%)  state=DELTA_COMPRESSION
[   4.0020]  QUEUE_DEQUEUE          pkt=39  node=router  wait=1637.7ms  queue=18/20  state=DELTA_COMPRESSION
[   4.0020]  STATE_UPDATE           node=router  DELTA_COMPRESSION → INCREMENTAL_COMPRESSION
[   4.0020]  PACKET_TRANSMIT        pkt=39  link=router→dst  delay=5.0ms
[   4.0070]  PACKET_ARRIVAL         pkt=39  node=dst  hop=2
[   4.0070]  PACKET_DELIVER         pkt=39  flow=0  latency=1644.7ms
[   4.0153]  PACKET_GENERATE        pkt=58  flow=0  size=1459B  pri=1
[   4.0153]  QUEUE_ENQUEUE          pkt=58  node=src0  queue=1/1000 (0%)  state=NORMAL
[   4.0163]  QUEUE_DEQUEUE          pkt=58  node=src0  wait=1.0ms  queue=0/1000  state=NORMAL
[   4.0163]  PACKET_TRANSMIT        pkt=58  link=src0→router  delay=1.0ms
[   4.0173]  PACKET_ARRIVAL         pkt=58  node=router  hop=1
[   4.0173]  QUEUE_ENQUEUE          pkt=58  node=router  queue=19/20 (95%)  state=INCREMENTAL_COMPRESSION
[   4.0749]  PACKET_GENERATE        pkt=59  flow=0  size=1481B  pri=1
[   4.0749]  QUEUE_ENQUEUE          pkt=59  node=src0  queue=1/1000 (0%)  state=NORMAL
[   4.0759]  QUEUE_DEQUEUE          pkt=59  node=src0  wait=1.0ms  queue=0/1000  state=NORMAL
[   4.0759]  PACKET_TRANSMIT        pkt=59  link=src0→router  delay=1.0ms
[   4.0769]  PACKET_ARRIVAL         pkt=59  node=router  hop=1
[   4.0769]  QUEUE_ENQUEUE          pkt=59  node=router  queue=20/20 (100%)  state=INCREMENTAL_COMPRESSION
[   4.1020]  QUEUE_DEQUEUE          pkt=40  node=router  wait=1700.0ms  queue=19/20  state=INCREMENTAL_COMPRESSION
[   4.1020]  STATE_UPDATE           node=router  INCREMENTAL_COMPRESSION → DROP_LOW_PRIORITY
[   4.1020]  PACKET_TRANSMIT        pkt=40  link=router→dst  delay=5.0ms
[   4.1070]  PACKET_ARRIVAL         pkt=40  node=dst  hop=2
[   4.1070]  PACKET_DELIVER         pkt=40  flow=1  latency=1707.0ms
[   4.2000]  PACKET_GENERATE        pkt=60  flow=1  size=100B  pri=0
[   4.2000]  QUEUE_ENQUEUE          pkt=60  node=src1  queue=1/1000 (0%)  state=NORMAL
[   4.2010]  QUEUE_DEQUEUE          pkt=60  node=src1  wait=1.0ms  queue=0/1000  state=NORMAL
[   4.2010]  PACKET_TRANSMIT        pkt=60  link=src1→router  delay=1.0ms
[   4.2020]  QUEUE_DEQUEUE          pkt=41  node=router  wait=1600.0ms  queue=18/20  state=DROP_LOW_PRIORITY
[   4.2020]  STATE_UPDATE           node=router  DROP_LOW_PRIORITY → INCREMENTAL_COMPRESSION
[   4.2020]  PACKET_ARRIVAL         pkt=60  node=router  hop=1
[   4.2020]  PACKET_TRANSMIT        pkt=41  link=router→dst  delay=5.0ms
[   4.2020]  QUEUE_ENQUEUE          pkt=60  node=router  queue=19/20 (95%)  state=INCREMENTAL_COMPRESSION
[   4.2070]  PACKET_ARRIVAL         pkt=41  node=dst  hop=2
[   4.2070]  PACKET_DELIVER         pkt=41  flow=1  latency=1607.0ms
[   4.2206]  PACKET_GENERATE        pkt=61  flow=0  size=1428B  pri=1
[   4.2206]  QUEUE_ENQUEUE          pkt=61  node=src0  queue=1/1000 (0%)  state=NORMAL
[   4.2216]  QUEUE_DEQUEUE          pkt=61  node=src0  wait=1.0ms  queue=0/1000  state=NORMAL
[   4.2216]  PACKET_TRANSMIT        pkt=61  link=src0→router  delay=1.0ms
[   4.2226]  PACKET_ARRIVAL         pkt=61  node=router  hop=1
[   4.2226]  QUEUE_ENQUEUE          pkt=61  node=router  queue=20/20 (100%)  state=INCREMENTAL_COMPRESSION
[   4.3020]  QUEUE_DEQUEUE          pkt=42  node=router  wait=1500.0ms  queue=19/20  state=INCREMENTAL_COMPRESSION
[   4.3020]  STATE_UPDATE           node=router  INCREMENTAL_COMPRESSION → DROP_LOW_PRIORITY
[   4.3020]  PACKET_TRANSMIT        pkt=42  link=router→dst  delay=5.0ms
[   4.3070]  PACKET_ARRIVAL         pkt=42  node=dst  hop=2
[   4.3070]  PACKET_DELIVER         pkt=42  flow=1  latency=1507.0ms
[   4.3648]  PACKET_GENERATE        pkt=62  flow=0  size=1498B  pri=1
[   4.3648]  QUEUE_ENQUEUE          pkt=62  node=src0  queue=1/1000 (0%)  state=NORMAL
[   4.3658]  QUEUE_DEQUEUE          pkt=62  node=src0  wait=1.0ms  queue=0/1000  state=NORMAL
[   4.3658]  PACKET_TRANSMIT        pkt=62  link=src0→router  delay=1.0ms
[   4.3668]  PACKET_ARRIVAL         pkt=62  node=router  hop=1
[   4.3668]  QUEUE_DROP(congestion) pkt=62  node=router  pri=1  state=DROP_LOW_PRIORITY
[   4.4000]  PACKET_GENERATE        pkt=63  flow=1  size=100B  pri=0
[   4.4000]  QUEUE_ENQUEUE          pkt=63  node=src1  queue=1/1000 (0%)  state=NORMAL
[   4.4010]  QUEUE_DEQUEUE          pkt=63  node=src1  wait=1.0ms  queue=0/1000  state=NORMAL
[   4.4010]  PACKET_TRANSMIT        pkt=63  link=src1→router  delay=1.0ms
[   4.4020]  QUEUE_DEQUEUE          pkt=43  node=router  wait=1510.8ms  queue=18/20  state=DROP_LOW_PRIORITY
[   4.4020]  STATE_UPDATE           node=router  DROP_LOW_PRIORITY → INCREMENTAL_COMPRESSION
[   4.4020]  PACKET_TRANSMIT        pkt=43  link=router→dst  delay=5.0ms
[   4.4020]  PACKET_ARRIVAL         pkt=63  node=router  hop=1
[   4.4020]  QUEUE_ENQUEUE          pkt=63  node=router  queue=19/20 (95%)  state=INCREMENTAL_COMPRESSION
[   4.4070]  PACKET_ARRIVAL         pkt=43  node=dst  hop=2
[   4.4070]  PACKET_DELIVER         pkt=43  flow=0  latency=1517.8ms
[   4.5020]  QUEUE_DEQUEUE          pkt=44  node=router  wait=1500.0ms  queue=18/20  state=INCREMENTAL_COMPRESSION
[   4.5020]  PACKET_TRANSMIT        pkt=44  link=router→dst  delay=5.0ms
[   4.5070]  PACKET_ARRIVAL         pkt=44  node=dst  hop=2
[   4.5070]  PACKET_DELIVER         pkt=44  flow=1  latency=1507.0ms
[   4.5518]  PACKET_GENERATE        pkt=64  flow=0  size=1429B  pri=1
[   4.5518]  QUEUE_ENQUEUE          pkt=64  node=src0  queue=1/1000 (0%)  state=NORMAL
[   4.5528]  QUEUE_DEQUEUE          pkt=64  node=src0  wait=1.0ms  queue=0/1000  state=NORMAL
[   4.5528]  PACKET_TRANSMIT        pkt=64  link=src0→router  delay=1.0ms
[   4.5538]  PACKET_ARRIVAL         pkt=64  node=router  hop=1
[   4.5538]  QUEUE_ENQUEUE          pkt=64  node=router  queue=19/20 (95%)  state=INCREMENTAL_COMPRESSION
[   4.6000]  PACKET_GENERATE        pkt=65  flow=1  size=100B  pri=0
[   4.6000]  QUEUE_ENQUEUE          pkt=65  node=src1  queue=1/1000 (0%)  state=NORMAL
[   4.6010]  QUEUE_DEQUEUE          pkt=65  node=src1  wait=1.0ms  queue=0/1000  state=NORMAL
[   4.6010]  PACKET_TRANSMIT        pkt=65  link=src1→router  delay=1.0ms
[   4.6020]  QUEUE_DEQUEUE          pkt=45  node=router  wait=1459.2ms  queue=18/20  state=INCREMENTAL_COMPRESSION
[   4.6020]  PACKET_TRANSMIT        pkt=45  link=router→dst  delay=5.0ms
[   4.6020]  PACKET_ARRIVAL         pkt=65  node=router  hop=1
[   4.6020]  QUEUE_ENQUEUE          pkt=65  node=router  queue=19/20 (95%)  state=INCREMENTAL_COMPRESSION
[   4.6070]  PACKET_ARRIVAL         pkt=45  node=dst  hop=2
[   4.6070]  PACKET_DELIVER         pkt=45  flow=0  latency=1466.2ms
[   4.7020]  QUEUE_DEQUEUE          pkt=46  node=router  wait=1518.4ms  queue=18/20  state=INCREMENTAL_COMPRESSION
[   4.7020]  PACKET_TRANSMIT        pkt=46  link=router→dst  delay=5.0ms
[   4.7070]  PACKET_ARRIVAL         pkt=46  node=dst  hop=2
[   4.7070]  PACKET_DELIVER         pkt=46  flow=0  latency=1525.4ms
[   4.7674]  PACKET_GENERATE        pkt=66  flow=0  size=1440B  pri=1
[   4.7674]  QUEUE_ENQUEUE          pkt=66  node=src0  queue=1/1000 (0%)  state=NORMAL
[   4.7684]  QUEUE_DEQUEUE          pkt=66  node=src0  wait=1.0ms  queue=0/1000  state=NORMAL
[   4.7684]  PACKET_TRANSMIT        pkt=66  link=src0→router  delay=1.0ms
[   4.7694]  PACKET_ARRIVAL         pkt=66  node=router  hop=1
[   4.7694]  QUEUE_ENQUEUE          pkt=66  node=router  queue=19/20 (95%)  state=INCREMENTAL_COMPRESSION
[   4.8000]  PACKET_GENERATE        pkt=67  flow=1  size=100B  pri=0
[   4.8000]  QUEUE_ENQUEUE          pkt=67  node=src1  queue=1/1000 (0%)  state=NORMAL
[   4.8010]  QUEUE_DEQUEUE          pkt=67  node=src1  wait=1.0ms  queue=0/1000  state=NORMAL
[   4.8010]  PACKET_TRANSMIT        pkt=67  link=src1→router  delay=1.0ms
[   4.8020]  QUEUE_DEQUEUE          pkt=47  node=router  wait=1600.0ms  queue=18/20  state=INCREMENTAL_COMPRESSION
[   4.8020]  PACKET_TRANSMIT        pkt=47  link=router→dst  delay=5.0ms
[   4.8020]  PACKET_ARRIVAL         pkt=67  node=router  hop=1
[   4.8020]  QUEUE_ENQUEUE          pkt=67  node=router  queue=19/20 (95%)  state=INCREMENTAL_COMPRESSION
[   4.8070]  PACKET_ARRIVAL         pkt=47  node=dst  hop=2
[   4.8070]  PACKET_DELIVER         pkt=47  flow=1  latency=1607.0ms
[   4.8315]  PACKET_GENERATE        pkt=68  flow=0  size=1408B  pri=1
[   4.8315]  QUEUE_ENQUEUE          pkt=68  node=src0  queue=1/1000 (0%)  state=NORMAL
[   4.8325]  QUEUE_DEQUEUE          pkt=68  node=src0  wait=1.0ms  queue=0/1000  state=NORMAL
[   4.8325]  PACKET_TRANSMIT        pkt=68  link=src0→router  delay=1.0ms
[   4.8335]  PACKET_ARRIVAL         pkt=68  node=router  hop=1
[   4.8335]  QUEUE_ENQUEUE          pkt=68  node=router  queue=20/20 (100%)  state=INCREMENTAL_COMPRESSION
[   4.8612]  PACKET_GENERATE        pkt=69  flow=0  size=1472B  pri=1
[   4.8612]  QUEUE_ENQUEUE          pkt=69  node=src0  queue=1/1000 (0%)  state=NORMAL
[   4.8622]  QUEUE_DEQUEUE          pkt=69  node=src0  wait=1.0ms  queue=0/1000  state=NORMAL
[   4.8622]  PACKET_TRANSMIT        pkt=69  link=src0→router  delay=1.0ms
[   4.8632]  PACKET_ARRIVAL         pkt=69  node=router  hop=1
[   4.8632]  QUEUE_DROP(full)       pkt=69  node=router  pri=1  queue=20/20 FULL
[   4.9020]  QUEUE_DEQUEUE          pkt=48  node=router  wait=1500.0ms  queue=19/20  state=INCREMENTAL_COMPRESSION
[   4.9020]  STATE_UPDATE           node=router  INCREMENTAL_COMPRESSION → DROP_LOW_PRIORITY
[   4.9020]  PACKET_TRANSMIT        pkt=48  link=router→dst  delay=5.0ms
[   4.9070]  PACKET_ARRIVAL         pkt=48  node=dst  hop=2
[   4.9070]  PACKET_DELIVER         pkt=48  flow=1  latency=1507.0ms
[   5.0000]  PACKET_GENERATE        pkt=70  flow=1  size=100B  pri=0
[   5.0000]  QUEUE_ENQUEUE          pkt=70  node=src1  queue=1/1000 (0%)  state=NORMAL
[   5.0010]  QUEUE_DEQUEUE          pkt=70  node=src1  wait=1.0ms  queue=0/1000  state=NORMAL
[   5.0010]  PACKET_TRANSMIT        pkt=70  link=src1→router  delay=1.0ms
[   5.0020]  QUEUE_DEQUEUE          pkt=49  node=router  wait=1593.9ms  queue=18/20  state=DROP_LOW_PRIORITY
[   5.0020]  STATE_UPDATE           node=router  DROP_LOW_PRIORITY → INCREMENTAL_COMPRESSION
[   5.0020]  PACKET_TRANSMIT        pkt=49  link=router→dst  delay=5.0ms
[   5.0020]  PACKET_ARRIVAL         pkt=70  node=router  hop=1
[   5.0020]  QUEUE_ENQUEUE          pkt=70  node=router  queue=19/20 (95%)  state=INCREMENTAL_COMPRESSION
[   5.0070]  PACKET_ARRIVAL         pkt=49  node=dst  hop=2
[   5.0070]  PACKET_DELIVER         pkt=49  flow=0  latency=1600.9ms
[   5.1020]  QUEUE_DEQUEUE          pkt=50  node=router  wait=1636.1ms  queue=18/20  state=INCREMENTAL_COMPRESSION
[   5.1020]  PACKET_TRANSMIT        pkt=50  link=router→dst  delay=5.0ms
[   5.1070]  PACKET_ARRIVAL         pkt=50  node=dst  hop=2
[   5.1070]  PACKET_DELIVER         pkt=50  flow=0  latency=1643.1ms
[   5.1225]  PACKET_GENERATE        pkt=71  flow=0  size=1440B  pri=1
[   5.1225]  QUEUE_ENQUEUE          pkt=71  node=src0  queue=1/1000 (0%)  state=NORMAL
[   5.1235]  QUEUE_DEQUEUE          pkt=71  node=src0  wait=1.0ms  queue=0/1000  state=NORMAL
[   5.1235]  PACKET_TRANSMIT        pkt=71  link=src0→router  delay=1.0ms
[   5.1245]  PACKET_ARRIVAL         pkt=71  node=router  hop=1
[   5.1245]  QUEUE_ENQUEUE          pkt=71  node=router  queue=19/20 (95%)  state=INCREMENTAL_COMPRESSION
[   5.1523]  PACKET_GENERATE        pkt=72  flow=0  size=1463B  pri=1
[   5.1523]  QUEUE_ENQUEUE          pkt=72  node=src0  queue=1/1000 (0%)  state=NORMAL
[   5.1533]  QUEUE_DEQUEUE          pkt=72  node=src0  wait=1.0ms  queue=0/1000  state=NORMAL
[   5.1533]  PACKET_TRANSMIT        pkt=72  link=src0→router  delay=1.0ms
[   5.1543]  PACKET_ARRIVAL         pkt=72  node=router  hop=1
[   5.1543]  QUEUE_ENQUEUE          pkt=72  node=router  queue=20/20 (100%)  state=INCREMENTAL_COMPRESSION
[   5.2000]  PACKET_GENERATE        pkt=73  flow=1  size=100B  pri=0
[   5.2000]  QUEUE_ENQUEUE          pkt=73  node=src1  queue=1/1000 (0%)  state=NORMAL
[   5.2010]  QUEUE_DEQUEUE          pkt=73  node=src1  wait=1.0ms  queue=0/1000  state=NORMAL
[   5.2010]  PACKET_TRANSMIT        pkt=73  link=src1→router  delay=1.0ms
[   5.2020]  QUEUE_DEQUEUE          pkt=51  node=router  wait=1600.0ms  queue=19/20  state=INCREMENTAL_COMPRESSION
[   5.2020]  STATE_UPDATE           node=router  INCREMENTAL_COMPRESSION → DROP_LOW_PRIORITY
[   5.2020]  PACKET_TRANSMIT        pkt=51  link=router→dst  delay=5.0ms
[   5.2020]  PACKET_ARRIVAL         pkt=73  node=router  hop=1
[   5.2020]  QUEUE_ENQUEUE          pkt=73  node=router  queue=20/20 (100%)  state=DROP_LOW_PRIORITY
[   5.2070]  PACKET_ARRIVAL         pkt=51  node=dst  hop=2
[   5.2070]  PACKET_DELIVER         pkt=51  flow=1  latency=1607.0ms
[   5.2153]  PACKET_GENERATE        pkt=74  flow=0  size=1482B  pri=1
[   5.2153]  QUEUE_ENQUEUE          pkt=74  node=src0  queue=1/1000 (0%)  state=NORMAL
[   5.2163]  QUEUE_DEQUEUE          pkt=74  node=src0  wait=1.0ms  queue=0/1000  state=NORMAL
[   5.2163]  PACKET_TRANSMIT        pkt=74  link=src0→router  delay=1.0ms
[   5.2173]  PACKET_ARRIVAL         pkt=74  node=router  hop=1
[   5.2173]  QUEUE_DROP(congestion) pkt=74  node=router  pri=1  state=DROP_LOW_PRIORITY
[   5.2920]  PACKET_GENERATE        pkt=75  flow=0  size=1433B  pri=1
[   5.2920]  QUEUE_ENQUEUE          pkt=75  node=src0  queue=1/1000 (0%)  state=NORMAL
[   5.2930]  QUEUE_DEQUEUE          pkt=75  node=src0  wait=1.0ms  queue=0/1000  state=NORMAL
[   5.2930]  PACKET_TRANSMIT        pkt=75  link=src0→router  delay=1.0ms
[   5.2940]  PACKET_ARRIVAL         pkt=75  node=router  hop=1
[   5.2940]  QUEUE_DROP(congestion) pkt=75  node=router  pri=1  state=DROP_LOW_PRIORITY
[   5.3020]  QUEUE_DEQUEUE          pkt=52  node=router  wait=1697.4ms  queue=19/20  state=DROP_LOW_PRIORITY
[   5.3020]  PACKET_TRANSMIT        pkt=52  link=router→dst  delay=5.0ms
[   5.3070]  PACKET_ARRIVAL         pkt=52  node=dst  hop=2
[   5.3070]  PACKET_DELIVER         pkt=52  flow=0  latency=1704.4ms
[   5.3108]  PACKET_GENERATE        pkt=76  flow=0  size=1495B  pri=1
[   5.3108]  QUEUE_ENQUEUE          pkt=76  node=src0  queue=1/1000 (0%)  state=NORMAL
[   5.3118]  QUEUE_DEQUEUE          pkt=76  node=src0  wait=1.0ms  queue=0/1000  state=NORMAL
[   5.3118]  PACKET_TRANSMIT        pkt=76  link=src0→router  delay=1.0ms
[   5.3128]  PACKET_ARRIVAL         pkt=76  node=router  hop=1
[   5.3128]  QUEUE_DROP(congestion) pkt=76  node=router  pri=1  state=DROP_LOW_PRIORITY
[   5.4000]  PACKET_GENERATE        pkt=77  flow=1  size=100B  pri=0
[   5.4000]  QUEUE_ENQUEUE          pkt=77  node=src1  queue=1/1000 (0%)  state=NORMAL
[   5.4010]  QUEUE_DEQUEUE          pkt=77  node=src1  wait=1.0ms  queue=0/1000  state=NORMAL
[   5.4010]  PACKET_TRANSMIT        pkt=77  link=src1→router  delay=1.0ms
[   5.4020]  QUEUE_DEQUEUE          pkt=53  node=router  wait=1600.0ms  queue=18/20  state=DROP_LOW_PRIORITY
[   5.4020]  STATE_UPDATE           node=router  DROP_LOW_PRIORITY → INCREMENTAL_COMPRESSION
[   5.4020]  PACKET_TRANSMIT        pkt=53  link=router→dst  delay=5.0ms
[   5.4020]  PACKET_ARRIVAL         pkt=77  node=router  hop=1
[   5.4020]  QUEUE_ENQUEUE          pkt=77  node=router  queue=19/20 (95%)  state=INCREMENTAL_COMPRESSION
[   5.4070]  PACKET_ARRIVAL         pkt=53  node=dst  hop=2
[   5.4070]  PACKET_DELIVER         pkt=53  flow=1  latency=1607.0ms
[   5.4139]  PACKET_GENERATE        pkt=78  flow=0  size=1433B  pri=1
[   5.4139]  QUEUE_ENQUEUE          pkt=78  node=src0  queue=1/1000 (0%)  state=NORMAL
[   5.4149]  QUEUE_DEQUEUE          pkt=78  node=src0  wait=1.0ms  queue=0/1000  state=NORMAL
[   5.4149]  PACKET_TRANSMIT        pkt=78  link=src0→router  delay=1.0ms
[   5.4159]  PACKET_ARRIVAL         pkt=78  node=router  hop=1
[   5.4159]  QUEUE_ENQUEUE          pkt=78  node=router  queue=20/20 (100%)  state=INCREMENTAL_COMPRESSION
[   5.5020]  QUEUE_DEQUEUE          pkt=54  node=router  wait=1552.6ms  queue=19/20  state=INCREMENTAL_COMPRESSION
[   5.5020]  STATE_UPDATE           node=router  INCREMENTAL_COMPRESSION → DROP_LOW_PRIORITY
[   5.5020]  PACKET_TRANSMIT        pkt=54  link=router→dst  delay=5.0ms
[   5.5070]  PACKET_ARRIVAL         pkt=54  node=dst  hop=2
[   5.5070]  PACKET_DELIVER         pkt=54  flow=0  latency=1559.6ms
[   5.5857]  PACKET_GENERATE        pkt=79  flow=0  size=1454B  pri=1
[   5.5857]  QUEUE_ENQUEUE          pkt=79  node=src0  queue=1/1000 (0%)  state=NORMAL
[   5.5867]  QUEUE_DEQUEUE          pkt=79  node=src0  wait=1.0ms  queue=0/1000  state=NORMAL
[   5.5867]  PACKET_TRANSMIT        pkt=79  link=src0→router  delay=1.0ms
[   5.5877]  PACKET_ARRIVAL         pkt=79  node=router  hop=1
[   5.5877]  QUEUE_DROP(congestion) pkt=79  node=router  pri=1  state=DROP_LOW_PRIORITY
[   5.6000]  PACKET_GENERATE        pkt=80  flow=1  size=100B  pri=0
[   5.6000]  QUEUE_ENQUEUE          pkt=80  node=src1  queue=1/1000 (0%)  state=NORMAL
[   5.6010]  QUEUE_DEQUEUE          pkt=80  node=src1  wait=1.0ms  queue=0/1000  state=NORMAL
[   5.6010]  PACKET_TRANSMIT        pkt=80  link=src1→router  delay=1.0ms
[   5.6020]  QUEUE_DEQUEUE          pkt=55  node=router  wait=1643.3ms  queue=18/20  state=DROP_LOW_PRIORITY
[   5.6020]  STATE_UPDATE           node=router  DROP_LOW_PRIORITY → INCREMENTAL_COMPRESSION
[   5.6020]  PACKET_TRANSMIT        pkt=55  link=router→dst  delay=5.0ms
[   5.6020]  PACKET_ARRIVAL         pkt=80  node=router  hop=1
[   5.6020]  QUEUE_ENQUEUE          pkt=80  node=router  queue=19/20 (95%)  state=INCREMENTAL_COMPRESSION
[   5.6070]  PACKET_ARRIVAL         pkt=55  node=dst  hop=2
[   5.6070]  PACKET_DELIVER         pkt=55  flow=0  latency=1650.3ms
[   5.7020]  QUEUE_DEQUEUE          pkt=56  node=router  wait=1719.8ms  queue=18/20  state=INCREMENTAL_COMPRESSION
[   5.7020]  PACKET_TRANSMIT        pkt=56  link=router→dst  delay=5.0ms
[   5.7070]  PACKET_ARRIVAL         pkt=56  node=dst  hop=2
[   5.7070]  PACKET_DELIVER         pkt=56  flow=0  latency=1726.8ms
[   5.8000]  PACKET_GENERATE        pkt=81  flow=1  size=100B  pri=0
[   5.8000]  QUEUE_ENQUEUE          pkt=81  node=src1  queue=1/1000 (0%)  state=NORMAL
[   5.8010]  QUEUE_DEQUEUE          pkt=81  node=src1  wait=1.0ms  queue=0/1000  state=NORMAL
[   5.8010]  PACKET_TRANSMIT        pkt=81  link=src1→router  delay=1.0ms
[   5.8020]  QUEUE_DEQUEUE          pkt=57  node=router  wait=1800.0ms  queue=17/20  state=INCREMENTAL_COMPRESSION
[   5.8020]  PACKET_TRANSMIT        pkt=57  link=router→dst  delay=5.0ms
[   5.8020]  PACKET_ARRIVAL         pkt=81  node=router  hop=1
[   5.8020]  QUEUE_ENQUEUE          pkt=81  node=router  queue=18/20 (90%)  state=INCREMENTAL_COMPRESSION
[   5.8070]  PACKET_ARRIVAL         pkt=57  node=dst  hop=2
[   5.8070]  PACKET_DELIVER         pkt=57  flow=1  latency=1807.0ms
[   5.8708]  PACKET_GENERATE        pkt=82  flow=0  size=1451B  pri=1
[   5.8708]  QUEUE_ENQUEUE          pkt=82  node=src0  queue=1/1000 (0%)  state=NORMAL
[   5.8718]  QUEUE_DEQUEUE          pkt=82  node=src0  wait=1.0ms  queue=0/1000  state=NORMAL
[   5.8718]  PACKET_TRANSMIT        pkt=82  link=src0→router  delay=1.0ms
[   5.8728]  PACKET_ARRIVAL         pkt=82  node=router  hop=1
[   5.8728]  QUEUE_ENQUEUE          pkt=82  node=router  queue=19/20 (95%)  state=INCREMENTAL_COMPRESSION
[   5.9020]  QUEUE_DEQUEUE          pkt=58  node=router  wait=1884.7ms  queue=18/20  state=INCREMENTAL_COMPRESSION
[   5.9020]  PACKET_TRANSMIT        pkt=58  link=router→dst  delay=5.0ms
[   5.9070]  PACKET_ARRIVAL         pkt=58  node=dst  hop=2
[   5.9070]  PACKET_DELIVER         pkt=58  flow=0  latency=1891.7ms
[   5.9270]  PACKET_GENERATE        pkt=83  flow=0  size=1417B  pri=1
[   5.9270]  QUEUE_ENQUEUE          pkt=83  node=src0  queue=1/1000 (0%)  state=NORMAL
[   5.9280]  QUEUE_DEQUEUE          pkt=83  node=src0  wait=1.0ms  queue=0/1000  state=NORMAL
[   5.9280]  PACKET_TRANSMIT        pkt=83  link=src0→router  delay=1.0ms
[   5.9290]  PACKET_ARRIVAL         pkt=83  node=router  hop=1
[   5.9290]  QUEUE_ENQUEUE          pkt=83  node=router  queue=19/20 (95%)  state=INCREMENTAL_COMPRESSION
[   6.0000]  PACKET_GENERATE        pkt=84  flow=1  size=100B  pri=0
[   6.0000]  QUEUE_ENQUEUE          pkt=84  node=src1  queue=1/1000 (0%)  state=NORMAL
[   6.0010]  QUEUE_DEQUEUE          pkt=84  node=src1  wait=1.0ms  queue=0/1000  state=NORMAL
[   6.0010]  PACKET_TRANSMIT        pkt=84  link=src1→router  delay=1.0ms
[   6.0020]  QUEUE_DEQUEUE          pkt=59  node=router  wait=1925.1ms  queue=18/20  state=INCREMENTAL_COMPRESSION
[   6.0020]  PACKET_TRANSMIT        pkt=59  link=router→dst  delay=5.0ms
[   6.0020]  PACKET_ARRIVAL         pkt=84  node=router  hop=1
[   6.0020]  QUEUE_ENQUEUE          pkt=84  node=router  queue=19/20 (95%)  state=INCREMENTAL_COMPRESSION
[   6.0070]  PACKET_ARRIVAL         pkt=59  node=dst  hop=2
[   6.0070]  PACKET_DELIVER         pkt=59  flow=0  latency=1932.1ms
[   6.0160]  PACKET_GENERATE        pkt=85  flow=0  size=1411B  pri=1
[   6.0160]  QUEUE_ENQUEUE          pkt=85  node=src0  queue=1/1000 (0%)  state=NORMAL
[   6.0170]  QUEUE_DEQUEUE          pkt=85  node=src0  wait=1.0ms  queue=0/1000  state=NORMAL
[   6.0170]  PACKET_TRANSMIT        pkt=85  link=src0→router  delay=1.0ms
[   6.0180]  PACKET_ARRIVAL         pkt=85  node=router  hop=1
[   6.0180]  QUEUE_ENQUEUE          pkt=85  node=router  queue=20/20 (100%)  state=INCREMENTAL_COMPRESSION
[   6.1020]  QUEUE_DEQUEUE          pkt=60  node=router  wait=1900.0ms  queue=19/20  state=INCREMENTAL_COMPRESSION
[   6.1020]  STATE_UPDATE           node=router  INCREMENTAL_COMPRESSION → DROP_LOW_PRIORITY
[   6.1020]  PACKET_TRANSMIT        pkt=60  link=router→dst  delay=5.0ms
[   6.1070]  PACKET_ARRIVAL         pkt=60  node=dst  hop=2
[   6.1070]  PACKET_DELIVER         pkt=60  flow=1  latency=1907.0ms
[   6.1922]  PACKET_GENERATE        pkt=86  flow=0  size=1414B  pri=1
[   6.1922]  QUEUE_ENQUEUE          pkt=86  node=src0  queue=1/1000 (0%)  state=NORMAL
[   6.1932]  QUEUE_DEQUEUE          pkt=86  node=src0  wait=1.0ms  queue=0/1000  state=NORMAL
[   6.1932]  PACKET_TRANSMIT        pkt=86  link=src0→router  delay=1.0ms
[   6.1942]  PACKET_ARRIVAL         pkt=86  node=router  hop=1
[   6.1942]  QUEUE_DROP(congestion) pkt=86  node=router  pri=1  state=DROP_LOW_PRIORITY
[   6.2000]  PACKET_GENERATE        pkt=87  flow=1  size=100B  pri=0
[   6.2000]  QUEUE_ENQUEUE          pkt=87  node=src1  queue=1/1000 (0%)  state=NORMAL
[   6.2010]  QUEUE_DEQUEUE          pkt=87  node=src1  wait=1.0ms  queue=0/1000  state=NORMAL
[   6.2010]  PACKET_TRANSMIT        pkt=87  link=src1→router  delay=1.0ms
[   6.2020]  QUEUE_DEQUEUE          pkt=61  node=router  wait=1979.4ms  queue=18/20  state=DROP_LOW_PRIORITY
[   6.2020]  STATE_UPDATE           node=router  DROP_LOW_PRIORITY → INCREMENTAL_COMPRESSION
[   6.2020]  PACKET_TRANSMIT        pkt=61  link=router→dst  delay=5.0ms
[   6.2020]  PACKET_ARRIVAL         pkt=87  node=router  hop=1
[   6.2020]  QUEUE_ENQUEUE          pkt=87  node=router  queue=19/20 (95%)  state=INCREMENTAL_COMPRESSION
[   6.2070]  PACKET_ARRIVAL         pkt=61  node=dst  hop=2
[   6.2070]  PACKET_DELIVER         pkt=61  flow=0  latency=1986.4ms
[   6.2130]  PACKET_GENERATE        pkt=88  flow=0  size=1420B  pri=1
[   6.2130]  QUEUE_ENQUEUE          pkt=88  node=src0  queue=1/1000 (0%)  state=NORMAL
[   6.2140]  QUEUE_DEQUEUE          pkt=88  node=src0  wait=1.0ms  queue=0/1000  state=NORMAL
[   6.2140]  PACKET_TRANSMIT        pkt=88  link=src0→router  delay=1.0ms
[   6.2150]  PACKET_ARRIVAL         pkt=88  node=router  hop=1
[   6.2150]  QUEUE_ENQUEUE          pkt=88  node=router  queue=20/20 (100%)  state=INCREMENTAL_COMPRESSION
[   6.3020]  QUEUE_DEQUEUE          pkt=63  node=router  wait=1900.0ms  queue=19/20  state=INCREMENTAL_COMPRESSION
[   6.3020]  STATE_UPDATE           node=router  INCREMENTAL_COMPRESSION → DROP_LOW_PRIORITY
[   6.3020]  PACKET_TRANSMIT        pkt=63  link=router→dst  delay=5.0ms
[   6.3070]  PACKET_ARRIVAL         pkt=63  node=dst  hop=2
[   6.3070]  PACKET_DELIVER         pkt=63  flow=1  latency=1907.0ms
[   6.4000]  PACKET_GENERATE        pkt=89  flow=1  size=100B  pri=0
[   6.4000]  QUEUE_ENQUEUE          pkt=89  node=src1  queue=1/1000 (0%)  state=NORMAL
[   6.4010]  QUEUE_DEQUEUE          pkt=89  node=src1  wait=1.0ms  queue=0/1000  state=NORMAL
[   6.4010]  PACKET_TRANSMIT        pkt=89  link=src1→router  delay=1.0ms
[   6.4020]  QUEUE_DEQUEUE          pkt=64  node=router  wait=1848.2ms  queue=18/20  state=DROP_LOW_PRIORITY
[   6.4020]  STATE_UPDATE           node=router  DROP_LOW_PRIORITY → INCREMENTAL_COMPRESSION
[   6.4020]  PACKET_TRANSMIT        pkt=64  link=router→dst  delay=5.0ms
[   6.4020]  PACKET_ARRIVAL         pkt=89  node=router  hop=1
[   6.4020]  QUEUE_ENQUEUE          pkt=89  node=router  queue=19/20 (95%)  state=INCREMENTAL_COMPRESSION
[   6.4070]  PACKET_ARRIVAL         pkt=64  node=dst  hop=2
[   6.4070]  PACKET_DELIVER         pkt=64  flow=0  latency=1855.2ms
[   6.4093]  PACKET_GENERATE        pkt=90  flow=0  size=1454B  pri=1
[   6.4093]  QUEUE_ENQUEUE          pkt=90  node=src0  queue=1/1000 (0%)  state=NORMAL
[   6.4103]  QUEUE_DEQUEUE          pkt=90  node=src0  wait=1.0ms  queue=0/1000  state=NORMAL
[   6.4103]  PACKET_TRANSMIT        pkt=90  link=src0→router  delay=1.0ms
[   6.4113]  PACKET_ARRIVAL         pkt=90  node=router  hop=1
[   6.4113]  QUEUE_ENQUEUE          pkt=90  node=router  queue=20/20 (100%)  state=INCREMENTAL_COMPRESSION
[   6.5020]  QUEUE_DEQUEUE          pkt=65  node=router  wait=1900.0ms  queue=19/20  state=INCREMENTAL_COMPRESSION
[   6.5020]  STATE_UPDATE           node=router  INCREMENTAL_COMPRESSION → DROP_LOW_PRIORITY
[   6.5020]  PACKET_TRANSMIT        pkt=65  link=router→dst  delay=5.0ms
[   6.5070]  PACKET_ARRIVAL         pkt=65  node=dst  hop=2
[   6.5070]  PACKET_DELIVER         pkt=65  flow=1  latency=1907.0ms
[   6.5227]  PACKET_GENERATE        pkt=91  flow=0  size=1449B  pri=1
[   6.5227]  QUEUE_ENQUEUE          pkt=91  node=src0  queue=1/1000 (0%)  state=NORMAL
[   6.5237]  QUEUE_DEQUEUE          pkt=91  node=src0  wait=1.0ms  queue=0/1000  state=NORMAL
[   6.5237]  PACKET_TRANSMIT        pkt=91  link=src0→router  delay=1.0ms
[   6.5247]  PACKET_ARRIVAL         pkt=91  node=router  hop=1
[   6.5247]  QUEUE_DROP(congestion) pkt=91  node=router  pri=1  state=DROP_LOW_PRIORITY
[   6.5828]  PACKET_GENERATE        pkt=92  flow=0  size=1459B  pri=1
[   6.5828]  QUEUE_ENQUEUE          pkt=92  node=src0  queue=1/1000 (0%)  state=NORMAL
[   6.5838]  QUEUE_DEQUEUE          pkt=92  node=src0  wait=1.0ms  queue=0/1000  state=NORMAL
[   6.5838]  PACKET_TRANSMIT        pkt=92  link=src0→router  delay=1.0ms
[   6.5848]  PACKET_ARRIVAL         pkt=92  node=router  hop=1
[   6.5848]  QUEUE_DROP(congestion) pkt=92  node=router  pri=1  state=DROP_LOW_PRIORITY
[   6.6000]  PACKET_GENERATE        pkt=93  flow=1  size=100B  pri=0
[   6.6000]  QUEUE_ENQUEUE          pkt=93  node=src1  queue=1/1000 (0%)  state=NORMAL
[   6.6010]  QUEUE_DEQUEUE          pkt=93  node=src1  wait=1.0ms  queue=0/1000  state=NORMAL
[   6.6010]  PACKET_TRANSMIT        pkt=93  link=src1→router  delay=1.0ms
[   6.6020]  QUEUE_DEQUEUE          pkt=66  node=router  wait=1832.6ms  queue=18/20  state=DROP_LOW_PRIORITY
[   6.6020]  STATE_UPDATE           node=router  DROP_LOW_PRIORITY → INCREMENTAL_COMPRESSION
[   6.6020]  PACKET_TRANSMIT        pkt=66  link=router→dst  delay=5.0ms
[   6.6020]  PACKET_ARRIVAL         pkt=93  node=router  hop=1
[   6.6020]  QUEUE_ENQUEUE          pkt=93  node=router  queue=19/20 (95%)  state=INCREMENTAL_COMPRESSION
[   6.6070]  PACKET_ARRIVAL         pkt=66  node=dst  hop=2
[   6.6070]  PACKET_DELIVER         pkt=66  flow=0  latency=1839.6ms
[   6.6769]  PACKET_GENERATE        pkt=94  flow=0  size=1470B  pri=1
[   6.6769]  QUEUE_ENQUEUE          pkt=94  node=src0  queue=1/1000 (0%)  state=NORMAL
[   6.6779]  QUEUE_DEQUEUE          pkt=94  node=src0  wait=1.0ms  queue=0/1000  state=NORMAL
[   6.6779]  PACKET_TRANSMIT        pkt=94  link=src0→router  delay=1.0ms
[   6.6789]  PACKET_ARRIVAL         pkt=94  node=router  hop=1
[   6.6789]  QUEUE_ENQUEUE          pkt=94  node=router  queue=20/20 (100%)  state=INCREMENTAL_COMPRESSION
[   6.7020]  QUEUE_DEQUEUE          pkt=67  node=router  wait=1900.0ms  queue=19/20  state=INCREMENTAL_COMPRESSION
[   6.7020]  STATE_UPDATE           node=router  INCREMENTAL_COMPRESSION → DROP_LOW_PRIORITY
[   6.7020]  PACKET_TRANSMIT        pkt=67  link=router→dst  delay=5.0ms
[   6.7070]  PACKET_ARRIVAL         pkt=67  node=dst  hop=2
[   6.7070]  PACKET_DELIVER         pkt=67  flow=1  latency=1907.0ms
[   6.8000]  PACKET_GENERATE        pkt=95  flow=1  size=100B  pri=0
[   6.8000]  QUEUE_ENQUEUE          pkt=95  node=src1  queue=1/1000 (0%)  state=NORMAL
[   6.8010]  QUEUE_DEQUEUE          pkt=95  node=src1  wait=1.0ms  queue=0/1000  state=NORMAL
[   6.8010]  PACKET_TRANSMIT        pkt=95  link=src1→router  delay=1.0ms
[   6.8020]  QUEUE_DEQUEUE          pkt=68  node=router  wait=1968.5ms  queue=18/20  state=DROP_LOW_PRIORITY
[   6.8020]  STATE_UPDATE           node=router  DROP_LOW_PRIORITY → INCREMENTAL_COMPRESSION
[   6.8020]  PACKET_TRANSMIT        pkt=68  link=router→dst  delay=5.0ms
[   6.8020]  PACKET_ARRIVAL         pkt=95  node=router  hop=1
[   6.8020]  QUEUE_ENQUEUE          pkt=95  node=router  queue=19/20 (95%)  state=INCREMENTAL_COMPRESSION
[   6.8070]  PACKET_ARRIVAL         pkt=68  node=dst  hop=2
[   6.8070]  PACKET_DELIVER         pkt=68  flow=0  latency=1975.5ms
[   6.9020]  QUEUE_DEQUEUE          pkt=70  node=router  wait=1900.0ms  queue=18/20  state=INCREMENTAL_COMPRESSION
[   6.9020]  PACKET_TRANSMIT        pkt=70  link=router→dst  delay=5.0ms
[   6.9070]  PACKET_ARRIVAL         pkt=70  node=dst  hop=2
[   6.9070]  PACKET_DELIVER         pkt=70  flow=1  latency=1907.0ms
[   6.9234]  PACKET_GENERATE        pkt=96  flow=0  size=1401B  pri=1
[   6.9234]  QUEUE_ENQUEUE          pkt=96  node=src0  queue=1/1000 (0%)  state=NORMAL
[   6.9244]  QUEUE_DEQUEUE          pkt=96  node=src0  wait=1.0ms  queue=0/1000  state=NORMAL
[   6.9244]  PACKET_TRANSMIT        pkt=96  link=src0→router  delay=1.0ms
[   6.9254]  PACKET_ARRIVAL         pkt=96  node=router  hop=1
[   6.9254]  QUEUE_ENQUEUE          pkt=96  node=router  queue=19/20 (95%)  state=INCREMENTAL_COMPRESSION
[   7.0000]  PACKET_GENERATE        pkt=97  flow=1  size=100B  pri=0
[   7.0000]  QUEUE_ENQUEUE          pkt=97  node=src1  queue=1/1000 (0%)  state=NORMAL
[   7.0010]  QUEUE_DEQUEUE          pkt=97  node=src1  wait=1.0ms  queue=0/1000  state=NORMAL
[   7.0010]  PACKET_TRANSMIT        pkt=97  link=src1→router  delay=1.0ms
[   7.0020]  QUEUE_DEQUEUE          pkt=71  node=router  wait=1877.5ms  queue=18/20  state=INCREMENTAL_COMPRESSION
[   7.0020]  PACKET_TRANSMIT        pkt=71  link=router→dst  delay=5.0ms
[   7.0020]  PACKET_ARRIVAL         pkt=97  node=router  hop=1
[   7.0020]  QUEUE_ENQUEUE          pkt=97  node=router  queue=19/20 (95%)  state=INCREMENTAL_COMPRESSION
[   7.0070]  PACKET_ARRIVAL         pkt=71  node=dst  hop=2
[   7.0070]  PACKET_DELIVER         pkt=71  flow=0  latency=1884.5ms
[   7.0659]  PACKET_GENERATE        pkt=98  flow=0  size=1414B  pri=1
[   7.0659]  QUEUE_ENQUEUE          pkt=98  node=src0  queue=1/1000 (0%)  state=NORMAL
[   7.0669]  QUEUE_DEQUEUE          pkt=98  node=src0  wait=1.0ms  queue=0/1000  state=NORMAL
[   7.0669]  PACKET_TRANSMIT        pkt=98  link=src0→router  delay=1.0ms
[   7.0679]  PACKET_ARRIVAL         pkt=98  node=router  hop=1
[   7.0679]  QUEUE_ENQUEUE          pkt=98  node=router  queue=20/20 (100%)  state=INCREMENTAL_COMPRESSION
[   7.1020]  QUEUE_DEQUEUE          pkt=72  node=router  wait=1947.7ms  queue=19/20  state=INCREMENTAL_COMPRESSION
[   7.1020]  STATE_UPDATE           node=router  INCREMENTAL_COMPRESSION → DROP_LOW_PRIORITY
[   7.1020]  PACKET_TRANSMIT        pkt=72  link=router→dst  delay=5.0ms
[   7.1070]  PACKET_ARRIVAL         pkt=72  node=dst  hop=2
[   7.1070]  PACKET_DELIVER         pkt=72  flow=0  latency=1954.7ms
[   7.2000]  PACKET_GENERATE        pkt=99  flow=1  size=100B  pri=0
[   7.2000]  QUEUE_ENQUEUE          pkt=99  node=src1  queue=1/1000 (0%)  state=NORMAL
[   7.2010]  QUEUE_DEQUEUE          pkt=99  node=src1  wait=1.0ms  queue=0/1000  state=NORMAL
[   7.2010]  PACKET_TRANSMIT        pkt=99  link=src1→router  delay=1.0ms
[   7.2020]  QUEUE_DEQUEUE          pkt=73  node=router  wait=2000.0ms  queue=18/20  state=DROP_LOW_PRIORITY
[   7.2020]  STATE_UPDATE           node=router  DROP_LOW_PRIORITY → INCREMENTAL_COMPRESSION
[   7.2020]  PACKET_TRANSMIT        pkt=73  link=router→dst  delay=5.0ms
[   7.2020]  PACKET_ARRIVAL         pkt=99  node=router  hop=1
[   7.2020]  QUEUE_ENQUEUE          pkt=99  node=router  queue=19/20 (95%)  state=INCREMENTAL_COMPRESSION
[   7.2070]  PACKET_ARRIVAL         pkt=73  node=dst  hop=2
[   7.2070]  PACKET_DELIVER         pkt=73  flow=1  latency=2007.0ms
[   7.2090]  PACKET_GENERATE        pkt=100  flow=0  size=1468B  pri=1
[   7.2090]  QUEUE_ENQUEUE          pkt=100  node=src0  queue=1/1000 (0%)  state=NORMAL
[   7.2100]  QUEUE_DEQUEUE          pkt=100  node=src0  wait=1.0ms  queue=0/1000  state=NORMAL
[   7.2100]  PACKET_TRANSMIT        pkt=100  link=src0→router  delay=1.0ms
[   7.2110]  PACKET_ARRIVAL         pkt=100  node=router  hop=1
[   7.2110]  QUEUE_ENQUEUE          pkt=100  node=router  queue=20/20 (100%)  state=INCREMENTAL_COMPRESSION
[   7.3020]  QUEUE_DEQUEUE          pkt=77  node=router  wait=1900.0ms  queue=19/20  state=INCREMENTAL_COMPRESSION
[   7.3020]  STATE_UPDATE           node=router  INCREMENTAL_COMPRESSION → DROP_LOW_PRIORITY
[   7.3020]  PACKET_TRANSMIT        pkt=77  link=router→dst  delay=5.0ms
[   7.3070]  PACKET_ARRIVAL         pkt=77  node=dst  hop=2
[   7.3070]  PACKET_DELIVER         pkt=77  flow=1  latency=1907.0ms
[   7.3828]  PACKET_GENERATE        pkt=101  flow=0  size=1498B  pri=1
[   7.3828]  QUEUE_ENQUEUE          pkt=101  node=src0  queue=1/1000 (0%)  state=NORMAL
[   7.3838]  QUEUE_DEQUEUE          pkt=101  node=src0  wait=1.0ms  queue=0/1000  state=NORMAL
[   7.3838]  PACKET_TRANSMIT        pkt=101  link=src0→router  delay=1.0ms
[   7.3848]  PACKET_ARRIVAL         pkt=101  node=router  hop=1
[   7.3848]  QUEUE_DROP(congestion) pkt=101  node=router  pri=1  state=DROP_LOW_PRIORITY
[   7.4000]  PACKET_GENERATE        pkt=102  flow=1  size=100B  pri=0
[   7.4000]  QUEUE_ENQUEUE          pkt=102  node=src1  queue=1/1000 (0%)  state=NORMAL
[   7.4010]  QUEUE_DEQUEUE          pkt=102  node=src1  wait=1.0ms  queue=0/1000  state=NORMAL
[   7.4010]  PACKET_TRANSMIT        pkt=102  link=src1→router  delay=1.0ms
[   7.4020]  QUEUE_DEQUEUE          pkt=78  node=router  wait=1986.1ms  queue=18/20  state=DROP_LOW_PRIORITY
[   7.4020]  STATE_UPDATE           node=router  DROP_LOW_PRIORITY → INCREMENTAL_COMPRESSION
[   7.4020]  PACKET_TRANSMIT        pkt=78  link=router→dst  delay=5.0ms
[   7.4020]  PACKET_ARRIVAL         pkt=102  node=router  hop=1
[   7.4020]  QUEUE_ENQUEUE          pkt=102  node=router  queue=19/20 (95%)  state=INCREMENTAL_COMPRESSION
[   7.4070]  PACKET_ARRIVAL         pkt=78  node=dst  hop=2
[   7.4070]  PACKET_DELIVER         pkt=78  flow=0  latency=1993.1ms
[   7.5020]  QUEUE_DEQUEUE          pkt=80  node=router  wait=1900.0ms  queue=18/20  state=INCREMENTAL_COMPRESSION
[   7.5020]  PACKET_TRANSMIT        pkt=80  link=router→dst  delay=5.0ms
[   7.5070]  PACKET_ARRIVAL         pkt=80  node=dst  hop=2
[   7.5070]  PACKET_DELIVER         pkt=80  flow=1  latency=1907.0ms
[   7.5108]  PACKET_GENERATE        pkt=103  flow=0  size=1414B  pri=1
[   7.5108]  QUEUE_ENQUEUE          pkt=103  node=src0  queue=1/1000 (0%)  state=NORMAL
[   7.5118]  QUEUE_DEQUEUE          pkt=103  node=src0  wait=1.0ms  queue=0/1000  state=NORMAL
[   7.5118]  PACKET_TRANSMIT        pkt=103  link=src0→router  delay=1.0ms
[   7.5128]  PACKET_ARRIVAL         pkt=103  node=router  hop=1
[   7.5128]  QUEUE_ENQUEUE          pkt=103  node=router  queue=19/20 (95%)  state=INCREMENTAL_COMPRESSION
[   7.5542]  PACKET_GENERATE        pkt=104  flow=0  size=1420B  pri=1
[   7.5542]  QUEUE_ENQUEUE          pkt=104  node=src0  queue=1/1000 (0%)  state=NORMAL
[   7.5552]  QUEUE_DEQUEUE          pkt=104  node=src0  wait=1.0ms  queue=0/1000  state=NORMAL
[   7.5552]  PACKET_TRANSMIT        pkt=104  link=src0→router  delay=1.0ms
[   7.5562]  PACKET_ARRIVAL         pkt=104  node=router  hop=1
[   7.5562]  QUEUE_ENQUEUE          pkt=104  node=router  queue=20/20 (100%)  state=INCREMENTAL_COMPRESSION
[   7.6000]  PACKET_GENERATE        pkt=105  flow=1  size=100B  pri=0
[   7.6000]  QUEUE_ENQUEUE          pkt=105  node=src1  queue=1/1000 (0%)  state=NORMAL
[   7.6010]  QUEUE_DEQUEUE          pkt=105  node=src1  wait=1.0ms  queue=0/1000  state=NORMAL
[   7.6010]  PACKET_TRANSMIT        pkt=105  link=src1→router  delay=1.0ms
[   7.6020]  QUEUE_DEQUEUE          pkt=81  node=router  wait=1800.0ms  queue=19/20  state=INCREMENTAL_COMPRESSION
[   7.6020]  STATE_UPDATE           node=router  INCREMENTAL_COMPRESSION → DROP_LOW_PRIORITY
[   7.6020]  PACKET_TRANSMIT        pkt=81  link=router→dst  delay=5.0ms
[   7.6020]  PACKET_ARRIVAL         pkt=105  node=router  hop=1
[   7.6020]  QUEUE_ENQUEUE          pkt=105  node=router  queue=20/20 (100%)  state=DROP_LOW_PRIORITY
[   7.6070]  PACKET_ARRIVAL         pkt=81  node=dst  hop=2
[   7.6070]  PACKET_DELIVER         pkt=81  flow=1  latency=1807.0ms
[   7.6298]  PACKET_GENERATE        pkt=106  flow=0  size=1492B  pri=1
[   7.6298]  QUEUE_ENQUEUE          pkt=106  node=src0  queue=1/1000 (0%)  state=NORMAL
[   7.6308]  QUEUE_DEQUEUE          pkt=106  node=src0  wait=1.0ms  queue=0/1000  state=NORMAL
[   7.6308]  PACKET_TRANSMIT        pkt=106  link=src0→router  delay=1.0ms
[   7.6318]  PACKET_ARRIVAL         pkt=106  node=router  hop=1
[   7.6318]  QUEUE_DROP(congestion) pkt=106  node=router  pri=1  state=DROP_LOW_PRIORITY
[   7.7020]  QUEUE_DEQUEUE          pkt=82  node=router  wait=1829.2ms  queue=19/20  state=DROP_LOW_PRIORITY
[   7.7020]  PACKET_TRANSMIT        pkt=82  link=router→dst  delay=5.0ms
[   7.7070]  PACKET_ARRIVAL         pkt=82  node=dst  hop=2
[   7.7070]  PACKET_DELIVER         pkt=82  flow=0  latency=1836.2ms
[   7.8000]  PACKET_GENERATE        pkt=107  flow=1  size=100B  pri=0
[   7.8000]  QUEUE_ENQUEUE          pkt=107  node=src1  queue=1/1000 (0%)  state=NORMAL
[   7.8010]  QUEUE_DEQUEUE          pkt=107  node=src1  wait=1.0ms  queue=0/1000  state=NORMAL
[   7.8010]  PACKET_TRANSMIT        pkt=107  link=src1→router  delay=1.0ms
[   7.8020]  QUEUE_DEQUEUE          pkt=83  node=router  wait=1873.0ms  queue=18/20  state=DROP_LOW_PRIORITY
[   7.8020]  STATE_UPDATE           node=router  DROP_LOW_PRIORITY → INCREMENTAL_COMPRESSION
[   7.8020]  PACKET_TRANSMIT        pkt=83  link=router→dst  delay=5.0ms
[   7.8020]  PACKET_ARRIVAL         pkt=107  node=router  hop=1
[   7.8020]  QUEUE_ENQUEUE          pkt=107  node=router  queue=19/20 (95%)  state=INCREMENTAL_COMPRESSION
[   7.8070]  PACKET_ARRIVAL         pkt=83  node=dst  hop=2
[   7.8070]  PACKET_DELIVER         pkt=83  flow=0  latency=1880.0ms
[   7.8906]  PACKET_GENERATE        pkt=108  flow=0  size=1433B  pri=1
[   7.8906]  QUEUE_ENQUEUE          pkt=108  node=src0  queue=1/1000 (0%)  state=NORMAL
[   7.8916]  QUEUE_DEQUEUE          pkt=108  node=src0  wait=1.0ms  queue=0/1000  state=NORMAL
[   7.8916]  PACKET_TRANSMIT        pkt=108  link=src0→router  delay=1.0ms
[   7.8926]  PACKET_ARRIVAL         pkt=108  node=router  hop=1
[   7.8926]  QUEUE_ENQUEUE          pkt=108  node=router  queue=20/20 (100%)  state=INCREMENTAL_COMPRESSION
[   7.9020]  QUEUE_DEQUEUE          pkt=84  node=router  wait=1900.0ms  queue=19/20  state=INCREMENTAL_COMPRESSION
[   7.9020]  STATE_UPDATE           node=router  INCREMENTAL_COMPRESSION → DROP_LOW_PRIORITY
[   7.9020]  PACKET_TRANSMIT        pkt=84  link=router→dst  delay=5.0ms
[   7.9070]  PACKET_ARRIVAL         pkt=84  node=dst  hop=2
[   7.9070]  PACKET_DELIVER         pkt=84  flow=1  latency=1907.0ms
[   8.0000]  PACKET_GENERATE        pkt=109  flow=1  size=100B  pri=0
[   8.0000]  QUEUE_ENQUEUE          pkt=109  node=src1  queue=1/1000 (0%)  state=NORMAL
[   8.0010]  QUEUE_DEQUEUE          pkt=109  node=src1  wait=1.0ms  queue=0/1000  state=NORMAL
[   8.0010]  PACKET_TRANSMIT        pkt=109  link=src1→router  delay=1.0ms
[   8.0020]  QUEUE_DEQUEUE          pkt=85  node=router  wait=1984.0ms  queue=18/20  state=DROP_LOW_PRIORITY
[   8.0020]  STATE_UPDATE           node=router  DROP_LOW_PRIORITY → INCREMENTAL_COMPRESSION
[   8.0020]  PACKET_TRANSMIT        pkt=85  link=router→dst  delay=5.0ms
[   8.0020]  PACKET_ARRIVAL         pkt=109  node=router  hop=1
[   8.0020]  QUEUE_ENQUEUE          pkt=109  node=router  queue=19/20 (95%)  state=INCREMENTAL_COMPRESSION
[   8.0070]  PACKET_ARRIVAL         pkt=85  node=dst  hop=2
[   8.0070]  PACKET_DELIVER         pkt=85  flow=0  latency=1991.0ms
[   8.1020]  QUEUE_DEQUEUE          pkt=87  node=router  wait=1900.0ms  queue=18/20  state=INCREMENTAL_COMPRESSION
[   8.1020]  PACKET_TRANSMIT        pkt=87  link=router→dst  delay=5.0ms
[   8.1070]  PACKET_ARRIVAL         pkt=87  node=dst  hop=2
[   8.1070]  PACKET_DELIVER         pkt=87  flow=1  latency=1907.0ms
[   8.2000]  PACKET_GENERATE        pkt=110  flow=1  size=100B  pri=0
[   8.2000]  QUEUE_ENQUEUE          pkt=110  node=src1  queue=1/1000 (0%)  state=NORMAL
[   8.2010]  QUEUE_DEQUEUE          pkt=110  node=src1  wait=1.0ms  queue=0/1000  state=NORMAL
[   8.2010]  PACKET_TRANSMIT        pkt=110  link=src1→router  delay=1.0ms
[   8.2020]  QUEUE_DEQUEUE          pkt=88  node=router  wait=1987.0ms  queue=17/20  state=INCREMENTAL_COMPRESSION
[   8.2020]  PACKET_TRANSMIT        pkt=88  link=router→dst  delay=5.0ms
[   8.2020]  PACKET_ARRIVAL         pkt=110  node=router  hop=1
[   8.2020]  QUEUE_ENQUEUE          pkt=110  node=router  queue=18/20 (90%)  state=INCREMENTAL_COMPRESSION
[   8.2070]  PACKET_ARRIVAL         pkt=88  node=dst  hop=2
[   8.2070]  PACKET_DELIVER         pkt=88  flow=0  latency=1994.0ms
[   8.3020]  QUEUE_DEQUEUE          pkt=89  node=router  wait=1900.0ms  queue=17/20  state=INCREMENTAL_COMPRESSION
[   8.3020]  PACKET_TRANSMIT        pkt=89  link=router→dst  delay=5.0ms
[   8.3070]  PACKET_ARRIVAL         pkt=89  node=dst  hop=2
[   8.3070]  PACKET_DELIVER         pkt=89  flow=1  latency=1907.0ms
[   8.3370]  PACKET_GENERATE        pkt=111  flow=0  size=1497B  pri=1
[   8.3370]  QUEUE_ENQUEUE          pkt=111  node=src0  queue=1/1000 (0%)  state=NORMAL
[   8.3380]  QUEUE_DEQUEUE          pkt=111  node=src0  wait=1.0ms  queue=0/1000  state=NORMAL
[   8.3380]  PACKET_TRANSMIT        pkt=111  link=src0→router  delay=1.0ms
[   8.3390]  PACKET_ARRIVAL         pkt=111  node=router  hop=1
[   8.3390]  QUEUE_ENQUEUE          pkt=111  node=router  queue=18/20 (90%)  state=INCREMENTAL_COMPRESSION
[   8.3616]  PACKET_GENERATE        pkt=112  flow=0  size=1413B  pri=1
[   8.3616]  QUEUE_ENQUEUE          pkt=112  node=src0  queue=1/1000 (0%)  state=NORMAL
[   8.3626]  QUEUE_DEQUEUE          pkt=112  node=src0  wait=1.0ms  queue=0/1000  state=NORMAL
[   8.3626]  PACKET_TRANSMIT        pkt=112  link=src0→router  delay=1.0ms
[   8.3636]  PACKET_ARRIVAL         pkt=112  node=router  hop=1
[   8.3636]  QUEUE_ENQUEUE          pkt=112  node=router  queue=19/20 (95%)  state=INCREMENTAL_COMPRESSION
[   8.4000]  PACKET_GENERATE        pkt=113  flow=1  size=100B  pri=0
[   8.4000]  QUEUE_ENQUEUE          pkt=113  node=src1  queue=1/1000 (0%)  state=NORMAL
[   8.4010]  QUEUE_DEQUEUE          pkt=113  node=src1  wait=1.0ms  queue=0/1000  state=NORMAL
[   8.4010]  PACKET_TRANSMIT        pkt=113  link=src1→router  delay=1.0ms
[   8.4020]  QUEUE_DEQUEUE          pkt=90  node=router  wait=1990.7ms  queue=18/20  state=INCREMENTAL_COMPRESSION
[   8.4020]  PACKET_TRANSMIT        pkt=90  link=router→dst  delay=5.0ms
[   8.4020]  PACKET_ARRIVAL         pkt=113  node=router  hop=1
[   8.4020]  QUEUE_ENQUEUE          pkt=113  node=router  queue=19/20 (95%)  state=INCREMENTAL_COMPRESSION
[   8.4070]  PACKET_ARRIVAL         pkt=90  node=dst  hop=2
[   8.4070]  PACKET_DELIVER         pkt=90  flow=0  latency=1997.7ms
[   8.5020]  QUEUE_DEQUEUE          pkt=93  node=router  wait=1900.0ms  queue=18/20  state=INCREMENTAL_COMPRESSION
[   8.5020]  PACKET_TRANSMIT        pkt=93  link=router→dst  delay=5.0ms
[   8.5070]  PACKET_ARRIVAL         pkt=93  node=dst  hop=2
[   8.5070]  PACKET_DELIVER         pkt=93  flow=1  latency=1907.0ms
[   8.6000]  PACKET_GENERATE        pkt=114  flow=1  size=100B  pri=0
[   8.6000]  QUEUE_ENQUEUE          pkt=114  node=src1  queue=1/1000 (0%)  state=NORMAL
[   8.6010]  QUEUE_DEQUEUE          pkt=114  node=src1  wait=1.0ms  queue=0/1000  state=NORMAL
[   8.6010]  PACKET_TRANSMIT        pkt=114  link=src1→router  delay=1.0ms
[   8.6020]  QUEUE_DEQUEUE          pkt=94  node=router  wait=1923.1ms  queue=17/20  state=INCREMENTAL_COMPRESSION
[   8.6020]  PACKET_TRANSMIT        pkt=94  link=router→dst  delay=5.0ms
[   8.6020]  PACKET_ARRIVAL         pkt=114  node=router  hop=1
[   8.6020]  QUEUE_ENQUEUE          pkt=114  node=router  queue=18/20 (90%)  state=INCREMENTAL_COMPRESSION
[   8.6070]  PACKET_ARRIVAL         pkt=94  node=dst  hop=2
[   8.6070]  PACKET_DELIVER         pkt=94  flow=0  latency=1930.1ms
[   8.6172]  PACKET_GENERATE        pkt=115  flow=0  size=1438B  pri=1
[   8.6172]  QUEUE_ENQUEUE          pkt=115  node=src0  queue=1/1000 (0%)  state=NORMAL
[   8.6182]  QUEUE_DEQUEUE          pkt=115  node=src0  wait=1.0ms  queue=0/1000  state=NORMAL
[   8.6182]  PACKET_TRANSMIT        pkt=115  link=src0→router  delay=1.0ms
[   8.6192]  PACKET_ARRIVAL         pkt=115  node=router  hop=1
[   8.6192]  QUEUE_ENQUEUE          pkt=115  node=router  queue=19/20 (95%)  state=INCREMENTAL_COMPRESSION
[   8.7020]  QUEUE_DEQUEUE          pkt=95  node=router  wait=1900.0ms  queue=18/20  state=INCREMENTAL_COMPRESSION
[   8.7020]  PACKET_TRANSMIT        pkt=95  link=router→dst  delay=5.0ms
[   8.7070]  PACKET_ARRIVAL         pkt=95  node=dst  hop=2
[   8.7070]  PACKET_DELIVER         pkt=95  flow=1  latency=1907.0ms
[   8.8000]  PACKET_GENERATE        pkt=116  flow=1  size=100B  pri=0
[   8.8000]  QUEUE_ENQUEUE          pkt=116  node=src1  queue=1/1000 (0%)  state=NORMAL
[   8.8010]  QUEUE_DEQUEUE          pkt=116  node=src1  wait=1.0ms  queue=0/1000  state=NORMAL
[   8.8010]  PACKET_TRANSMIT        pkt=116  link=src1→router  delay=1.0ms
[   8.8020]  QUEUE_DEQUEUE          pkt=96  node=router  wait=1876.6ms  queue=17/20  state=INCREMENTAL_COMPRESSION
[   8.8020]  PACKET_TRANSMIT        pkt=96  link=router→dst  delay=5.0ms
[   8.8020]  PACKET_ARRIVAL         pkt=116  node=router  hop=1
[   8.8020]  QUEUE_ENQUEUE          pkt=116  node=router  queue=18/20 (90%)  state=INCREMENTAL_COMPRESSION
[   8.8070]  PACKET_ARRIVAL         pkt=96  node=dst  hop=2
[   8.8070]  PACKET_DELIVER         pkt=96  flow=0  latency=1883.6ms
[   8.8475]  PACKET_GENERATE        pkt=117  flow=0  size=1464B  pri=1
[   8.8475]  QUEUE_ENQUEUE          pkt=117  node=src0  queue=1/1000 (0%)  state=NORMAL
[   8.8485]  QUEUE_DEQUEUE          pkt=117  node=src0  wait=1.0ms  queue=0/1000  state=NORMAL
[   8.8485]  PACKET_TRANSMIT        pkt=117  link=src0→router  delay=1.0ms
[   8.8495]  PACKET_ARRIVAL         pkt=117  node=router  hop=1
[   8.8495]  QUEUE_ENQUEUE          pkt=117  node=router  queue=19/20 (95%)  state=INCREMENTAL_COMPRESSION
[   8.9020]  QUEUE_DEQUEUE          pkt=97  node=router  wait=1900.0ms  queue=18/20  state=INCREMENTAL_COMPRESSION
[   8.9020]  PACKET_TRANSMIT        pkt=97  link=router→dst  delay=5.0ms
[   8.9070]  PACKET_ARRIVAL         pkt=97  node=dst  hop=2
[   8.9070]  PACKET_DELIVER         pkt=97  flow=1  latency=1907.0ms
[   8.9649]  PACKET_GENERATE        pkt=118  flow=0  size=1419B  pri=1
[   8.9649]  QUEUE_ENQUEUE          pkt=118  node=src0  queue=1/1000 (0%)  state=NORMAL
[   8.9659]  QUEUE_DEQUEUE          pkt=118  node=src0  wait=1.0ms  queue=0/1000  state=NORMAL
[   8.9659]  PACKET_TRANSMIT        pkt=118  link=src0→router  delay=1.0ms
[   8.9669]  PACKET_ARRIVAL         pkt=118  node=router  hop=1
[   8.9669]  QUEUE_ENQUEUE          pkt=118  node=router  queue=19/20 (95%)  state=INCREMENTAL_COMPRESSION
[   9.0000]  PACKET_GENERATE        pkt=119  flow=1  size=100B  pri=0
[   9.0000]  QUEUE_ENQUEUE          pkt=119  node=src1  queue=1/1000 (0%)  state=NORMAL
[   9.0010]  QUEUE_DEQUEUE          pkt=119  node=src1  wait=1.0ms  queue=0/1000  state=NORMAL
[   9.0010]  PACKET_TRANSMIT        pkt=119  link=src1→router  delay=1.0ms
[   9.0020]  QUEUE_DEQUEUE          pkt=98  node=router  wait=1934.1ms  queue=18/20  state=INCREMENTAL_COMPRESSION
[   9.0020]  PACKET_TRANSMIT        pkt=98  link=router→dst  delay=5.0ms
[   9.0020]  PACKET_ARRIVAL         pkt=119  node=router  hop=1
[   9.0020]  QUEUE_ENQUEUE          pkt=119  node=router  queue=19/20 (95%)  state=INCREMENTAL_COMPRESSION
[   9.0070]  PACKET_ARRIVAL         pkt=98  node=dst  hop=2
[   9.0070]  PACKET_DELIVER         pkt=98  flow=0  latency=1941.1ms
[   9.0235]  PACKET_GENERATE        pkt=120  flow=0  size=1420B  pri=1
[   9.0235]  QUEUE_ENQUEUE          pkt=120  node=src0  queue=1/1000 (0%)  state=NORMAL
[   9.0245]  QUEUE_DEQUEUE          pkt=120  node=src0  wait=1.0ms  queue=0/1000  state=NORMAL
[   9.0245]  PACKET_TRANSMIT        pkt=120  link=src0→router  delay=1.0ms
[   9.0255]  PACKET_ARRIVAL         pkt=120  node=router  hop=1
[   9.0255]  QUEUE_ENQUEUE          pkt=120  node=router  queue=20/20 (100%)  state=INCREMENTAL_COMPRESSION
[   9.1020]  QUEUE_DEQUEUE          pkt=99  node=router  wait=1900.0ms  queue=19/20  state=INCREMENTAL_COMPRESSION
[   9.1020]  STATE_UPDATE           node=router  INCREMENTAL_COMPRESSION → DROP_LOW_PRIORITY
[   9.1020]  PACKET_TRANSMIT        pkt=99  link=router→dst  delay=5.0ms
[   9.1070]  PACKET_ARRIVAL         pkt=99  node=dst  hop=2
[   9.1070]  PACKET_DELIVER         pkt=99  flow=1  latency=1907.0ms
[   9.1204]  PACKET_GENERATE        pkt=121  flow=0  size=1499B  pri=1
[   9.1204]  QUEUE_ENQUEUE          pkt=121  node=src0  queue=1/1000 (0%)  state=NORMAL
[   9.1214]  QUEUE_DEQUEUE          pkt=121  node=src0  wait=1.0ms  queue=0/1000  state=NORMAL
[   9.1214]  PACKET_TRANSMIT        pkt=121  link=src0→router  delay=1.0ms
[   9.1224]  PACKET_ARRIVAL         pkt=121  node=router  hop=1
[   9.1224]  QUEUE_DROP(congestion) pkt=121  node=router  pri=1  state=DROP_LOW_PRIORITY
[   9.2000]  PACKET_GENERATE        pkt=122  flow=1  size=100B  pri=0
[   9.2000]  QUEUE_ENQUEUE          pkt=122  node=src1  queue=1/1000 (0%)  state=NORMAL
[   9.2010]  QUEUE_DEQUEUE          pkt=122  node=src1  wait=1.0ms  queue=0/1000  state=NORMAL
[   9.2010]  PACKET_TRANSMIT        pkt=122  link=src1→router  delay=1.0ms
[   9.2020]  QUEUE_DEQUEUE          pkt=100  node=router  wait=1991.0ms  queue=18/20  state=DROP_LOW_PRIORITY
[   9.2020]  STATE_UPDATE           node=router  DROP_LOW_PRIORITY → INCREMENTAL_COMPRESSION
[   9.2020]  PACKET_TRANSMIT        pkt=100  link=router→dst  delay=5.0ms
[   9.2020]  PACKET_ARRIVAL         pkt=122  node=router  hop=1
[   9.2020]  QUEUE_ENQUEUE          pkt=122  node=router  queue=19/20 (95%)  state=INCREMENTAL_COMPRESSION
[   9.2070]  PACKET_ARRIVAL         pkt=100  node=dst  hop=2
[   9.2070]  PACKET_DELIVER         pkt=100  flow=0  latency=1998.0ms
[   9.3020]  QUEUE_DEQUEUE          pkt=102  node=router  wait=1900.0ms  queue=18/20  state=INCREMENTAL_COMPRESSION
[   9.3020]  PACKET_TRANSMIT        pkt=102  link=router→dst  delay=5.0ms
[   9.3070]  PACKET_ARRIVAL         pkt=102  node=dst  hop=2
[   9.3070]  PACKET_DELIVER         pkt=102  flow=1  latency=1907.0ms
[   9.4000]  PACKET_GENERATE        pkt=123  flow=1  size=100B  pri=0
[   9.4000]  QUEUE_ENQUEUE          pkt=123  node=src1  queue=1/1000 (0%)  state=NORMAL
[   9.4010]  QUEUE_DEQUEUE          pkt=123  node=src1  wait=1.0ms  queue=0/1000  state=NORMAL
[   9.4010]  PACKET_TRANSMIT        pkt=123  link=src1→router  delay=1.0ms
[   9.4020]  QUEUE_DEQUEUE          pkt=103  node=router  wait=1889.2ms  queue=17/20  state=INCREMENTAL_COMPRESSION
[   9.4020]  PACKET_TRANSMIT        pkt=103  link=router→dst  delay=5.0ms
[   9.4020]  PACKET_ARRIVAL         pkt=123  node=router  hop=1
[   9.4020]  QUEUE_ENQUEUE          pkt=123  node=router  queue=18/20 (90%)  state=INCREMENTAL_COMPRESSION
[   9.4070]  PACKET_ARRIVAL         pkt=103  node=dst  hop=2
[   9.4070]  PACKET_DELIVER         pkt=103  flow=0  latency=1896.2ms
[   9.4399]  PACKET_GENERATE        pkt=124  flow=0  size=1400B  pri=1
[   9.4399]  QUEUE_ENQUEUE          pkt=124  node=src0  queue=1/1000 (0%)  state=NORMAL
[   9.4409]  QUEUE_DEQUEUE          pkt=124  node=src0  wait=1.0ms  queue=0/1000  state=NORMAL
[   9.4409]  PACKET_TRANSMIT        pkt=124  link=src0→router  delay=1.0ms
[   9.4419]  PACKET_ARRIVAL         pkt=124  node=router  hop=1
[   9.4419]  QUEUE_ENQUEUE          pkt=124  node=router  queue=19/20 (95%)  state=INCREMENTAL_COMPRESSION
[   9.5020]  QUEUE_DEQUEUE          pkt=104  node=router  wait=1945.8ms  queue=18/20  state=INCREMENTAL_COMPRESSION
[   9.5020]  PACKET_TRANSMIT        pkt=104  link=router→dst  delay=5.0ms
[   9.5070]  PACKET_ARRIVAL         pkt=104  node=dst  hop=2
[   9.5070]  PACKET_DELIVER         pkt=104  flow=0  latency=1952.8ms
[   9.5541]  PACKET_GENERATE        pkt=125  flow=0  size=1462B  pri=1
[   9.5541]  QUEUE_ENQUEUE          pkt=125  node=src0  queue=1/1000 (0%)  state=NORMAL
[   9.5551]  QUEUE_DEQUEUE          pkt=125  node=src0  wait=1.0ms  queue=0/1000  state=NORMAL
[   9.5551]  PACKET_TRANSMIT        pkt=125  link=src0→router  delay=1.0ms
[   9.5561]  PACKET_ARRIVAL         pkt=125  node=router  hop=1
[   9.5561]  QUEUE_ENQUEUE          pkt=125  node=router  queue=19/20 (95%)  state=INCREMENTAL_COMPRESSION
[   9.5566]  PACKET_GENERATE        pkt=126  flow=0  size=1446B  pri=1
[   9.5566]  QUEUE_ENQUEUE          pkt=126  node=src0  queue=1/1000 (0%)  state=NORMAL
[   9.5576]  QUEUE_DEQUEUE          pkt=126  node=src0  wait=1.0ms  queue=0/1000  state=NORMAL
[   9.5576]  PACKET_TRANSMIT        pkt=126  link=src0→router  delay=1.0ms
[   9.5586]  PACKET_ARRIVAL         pkt=126  node=router  hop=1
[   9.5586]  QUEUE_ENQUEUE          pkt=126  node=router  queue=20/20 (100%)  state=INCREMENTAL_COMPRESSION
[   9.6000]  PACKET_GENERATE        pkt=127  flow=1  size=100B  pri=0
[   9.6000]  QUEUE_ENQUEUE          pkt=127  node=src1  queue=1/1000 (0%)  state=NORMAL
[   9.6010]  QUEUE_DEQUEUE          pkt=127  node=src1  wait=1.0ms  queue=0/1000  state=NORMAL
[   9.6010]  PACKET_TRANSMIT        pkt=127  link=src1→router  delay=1.0ms
[   9.6020]  QUEUE_DEQUEUE          pkt=105  node=router  wait=2000.0ms  queue=19/20  state=INCREMENTAL_COMPRESSION
[   9.6020]  STATE_UPDATE           node=router  INCREMENTAL_COMPRESSION → DROP_LOW_PRIORITY
[   9.6020]  PACKET_TRANSMIT        pkt=105  link=router→dst  delay=5.0ms
[   9.6020]  PACKET_ARRIVAL         pkt=127  node=router  hop=1
[   9.6020]  QUEUE_ENQUEUE          pkt=127  node=router  queue=20/20 (100%)  state=DROP_LOW_PRIORITY
[   9.6070]  PACKET_ARRIVAL         pkt=105  node=dst  hop=2
[   9.6070]  PACKET_DELIVER         pkt=105  flow=1  latency=2007.0ms
[   9.7020]  QUEUE_DEQUEUE          pkt=107  node=router  wait=1900.0ms  queue=19/20  state=DROP_LOW_PRIORITY
[   9.7020]  PACKET_TRANSMIT        pkt=107  link=router→dst  delay=5.0ms
[   9.7070]  PACKET_ARRIVAL         pkt=107  node=dst  hop=2
[   9.7070]  PACKET_DELIVER         pkt=107  flow=1  latency=1907.0ms
[   9.8000]  PACKET_GENERATE        pkt=128  flow=1  size=100B  pri=0
[   9.8000]  QUEUE_ENQUEUE          pkt=128  node=src1  queue=1/1000 (0%)  state=NORMAL
[   9.8010]  QUEUE_DEQUEUE          pkt=128  node=src1  wait=1.0ms  queue=0/1000  state=NORMAL
[   9.8010]  PACKET_TRANSMIT        pkt=128  link=src1→router  delay=1.0ms
[   9.8020]  QUEUE_DEQUEUE          pkt=108  node=router  wait=1909.4ms  queue=18/20  state=DROP_LOW_PRIORITY
[   9.8020]  STATE_UPDATE           node=router  DROP_LOW_PRIORITY → INCREMENTAL_COMPRESSION
[   9.8020]  PACKET_TRANSMIT        pkt=108  link=router→dst  delay=5.0ms
[   9.8020]  PACKET_ARRIVAL         pkt=128  node=router  hop=1
[   9.8020]  QUEUE_ENQUEUE          pkt=128  node=router  queue=19/20 (95%)  state=INCREMENTAL_COMPRESSION
[   9.8070]  PACKET_ARRIVAL         pkt=108  node=dst  hop=2
[   9.8070]  PACKET_DELIVER         pkt=108  flow=0  latency=1916.4ms
[   9.8203]  PACKET_GENERATE        pkt=129  flow=0  size=1439B  pri=1
[   9.8203]  QUEUE_ENQUEUE          pkt=129  node=src0  queue=1/1000 (0%)  state=NORMAL
[   9.8213]  QUEUE_DEQUEUE          pkt=129  node=src0  wait=1.0ms  queue=0/1000  state=NORMAL
[   9.8213]  PACKET_TRANSMIT        pkt=129  link=src0→router  delay=1.0ms
[   9.8223]  PACKET_ARRIVAL         pkt=129  node=router  hop=1
[   9.8223]  QUEUE_ENQUEUE          pkt=129  node=router  queue=20/20 (100%)  state=INCREMENTAL_COMPRESSION
[   9.8545]  PACKET_GENERATE        pkt=130  flow=0  size=1430B  pri=1
[   9.8545]  QUEUE_ENQUEUE          pkt=130  node=src0  queue=1/1000 (0%)  state=NORMAL
[   9.8555]  QUEUE_DEQUEUE          pkt=130  node=src0  wait=1.0ms  queue=0/1000  state=NORMAL
[   9.8555]  PACKET_TRANSMIT        pkt=130  link=src0→router  delay=1.0ms
[   9.8565]  PACKET_ARRIVAL         pkt=130  node=router  hop=1
[   9.8565]  QUEUE_DROP(full)       pkt=130  node=router  pri=1  queue=20/20 FULL
[   9.9020]  QUEUE_DEQUEUE          pkt=109  node=router  wait=1900.0ms  queue=19/20  state=INCREMENTAL_COMPRESSION
[   9.9020]  STATE_UPDATE           node=router  INCREMENTAL_COMPRESSION → DROP_LOW_PRIORITY
[   9.9020]  PACKET_TRANSMIT        pkt=109  link=router→dst  delay=5.0ms
[   9.9070]  PACKET_ARRIVAL         pkt=109  node=dst  hop=2
[   9.9070]  PACKET_DELIVER         pkt=109  flow=1  latency=1907.0ms
[  10.0000]  PACKET_GENERATE        pkt=131  flow=1  size=100B  pri=0
[  10.0000]  QUEUE_ENQUEUE          pkt=131  node=src1  queue=1/1000 (0%)  state=NORMAL
[  10.0000]  METRIC_SAMPLE          tput= 9.90 pkt/s  PDR=0.750  lat=1497.92ms  q_occ=0.238  drops=  13  state=DROP_LOW_PRIORITY
[  10.0010]  QUEUE_DEQUEUE          pkt=131  node=src1  wait=1.0ms  queue=0/1000  state=NORMAL
[  10.0010]  PACKET_TRANSMIT        pkt=131  link=src1→router  delay=1.0ms
[  10.0020]  QUEUE_DEQUEUE          pkt=110  node=router  wait=1800.0ms  queue=18/20  state=DROP_LOW_PRIORITY
[  10.0020]  STATE_UPDATE           node=router  DROP_LOW_PRIORITY → INCREMENTAL_COMPRESSION
[  10.0020]  PACKET_TRANSMIT        pkt=110  link=router→dst  delay=5.0ms
[  10.0020]  PACKET_ARRIVAL         pkt=131  node=router  hop=1
[  10.0020]  QUEUE_ENQUEUE          pkt=131  node=router  queue=19/20 (95%)  state=INCREMENTAL_COMPRESSION
[  10.0070]  PACKET_ARRIVAL         pkt=110  node=dst  hop=2
[  10.0070]  PACKET_DELIVER         pkt=110  flow=1  latency=1807.0ms
[  10.1020]  QUEUE_DEQUEUE          pkt=111  node=router  wait=1763.0ms  queue=18/20  state=INCREMENTAL_COMPRESSION
[  10.1020]  PACKET_TRANSMIT        pkt=111  link=router→dst  delay=5.0ms
[  10.1070]  PACKET_ARRIVAL         pkt=111  node=dst  hop=2
[  10.1070]  PACKET_DELIVER         pkt=111  flow=0  latency=1770.0ms
[  10.1175]  PACKET_GENERATE        pkt=132  flow=0  size=1410B  pri=1
[  10.1175]  QUEUE_ENQUEUE          pkt=132  node=src0  queue=1/1000 (0%)  state=NORMAL
[  10.1185]  QUEUE_DEQUEUE          pkt=132  node=src0  wait=1.0ms  queue=0/1000  state=NORMAL
[  10.1185]  PACKET_TRANSMIT        pkt=132  link=src0→router  delay=1.0ms
[  10.1195]  PACKET_ARRIVAL         pkt=132  node=router  hop=1
[  10.1195]  QUEUE_ENQUEUE          pkt=132  node=router  queue=19/20 (95%)  state=INCREMENTAL_COMPRESSION
[  10.1287]  PACKET_GENERATE        pkt=133  flow=0  size=1462B  pri=1
[  10.1287]  QUEUE_ENQUEUE          pkt=133  node=src0  queue=1/1000 (0%)  state=NORMAL
[  10.1297]  QUEUE_DEQUEUE          pkt=133  node=src0  wait=1.0ms  queue=0/1000  state=NORMAL
[  10.1297]  PACKET_TRANSMIT        pkt=133  link=src0→router  delay=1.0ms
[  10.1307]  PACKET_ARRIVAL         pkt=133  node=router  hop=1
[  10.1307]  QUEUE_ENQUEUE          pkt=133  node=router  queue=20/20 (100%)  state=INCREMENTAL_COMPRESSION
[  10.2000]  PACKET_GENERATE        pkt=134  flow=1  size=100B  pri=0
[  10.2000]  QUEUE_ENQUEUE          pkt=134  node=src1  queue=1/1000 (0%)  state=NORMAL
[  10.2010]  QUEUE_DEQUEUE          pkt=134  node=src1  wait=1.0ms  queue=0/1000  state=NORMAL
[  10.2010]  PACKET_TRANSMIT        pkt=134  link=src1→router  delay=1.0ms
[  10.2020]  QUEUE_DEQUEUE          pkt=112  node=router  wait=1838.4ms  queue=19/20  state=INCREMENTAL_COMPRESSION
[  10.2020]  STATE_UPDATE           node=router  INCREMENTAL_COMPRESSION → DROP_LOW_PRIORITY
[  10.2020]  PACKET_TRANSMIT        pkt=112  link=router→dst  delay=5.0ms
[  10.2020]  PACKET_ARRIVAL         pkt=134  node=router  hop=1
[  10.2020]  QUEUE_ENQUEUE          pkt=134  node=router  queue=20/20 (100%)  state=DROP_LOW_PRIORITY
[  10.2070]  PACKET_ARRIVAL         pkt=112  node=dst  hop=2
[  10.2070]  PACKET_DELIVER         pkt=112  flow=0  latency=1845.4ms
[  10.3020]  QUEUE_DEQUEUE          pkt=113  node=router  wait=1900.0ms  queue=19/20  state=DROP_LOW_PRIORITY
[  10.3020]  PACKET_TRANSMIT        pkt=113  link=router→dst  delay=5.0ms
[  10.3070]  PACKET_ARRIVAL         pkt=113  node=dst  hop=2
[  10.3070]  PACKET_DELIVER         pkt=113  flow=1  latency=1907.0ms
[  10.3403]  PACKET_GENERATE        pkt=135  flow=0  size=1497B  pri=1
[  10.3403]  QUEUE_ENQUEUE          pkt=135  node=src0  queue=1/1000 (0%)  state=NORMAL
[  10.3413]  QUEUE_DEQUEUE          pkt=135  node=src0  wait=1.0ms  queue=0/1000  state=NORMAL
[  10.3413]  PACKET_TRANSMIT        pkt=135  link=src0→router  delay=1.0ms
[  10.3423]  PACKET_ARRIVAL         pkt=135  node=router  hop=1
[  10.3423]  QUEUE_DROP(congestion) pkt=135  node=router  pri=1  state=DROP_LOW_PRIORITY
[  10.4000]  PACKET_GENERATE        pkt=136  flow=1  size=100B  pri=0
[  10.4000]  QUEUE_ENQUEUE          pkt=136  node=src1  queue=1/1000 (0%)  state=NORMAL
[  10.4010]  QUEUE_DEQUEUE          pkt=136  node=src1  wait=1.0ms  queue=0/1000  state=NORMAL
[  10.4010]  PACKET_TRANSMIT        pkt=136  link=src1→router  delay=1.0ms
[  10.4020]  QUEUE_DEQUEUE          pkt=114  node=router  wait=1800.0ms  queue=18/20  state=DROP_LOW_PRIORITY
[  10.4020]  STATE_UPDATE           node=router  DROP_LOW_PRIORITY → INCREMENTAL_COMPRESSION
[  10.4020]  PACKET_TRANSMIT        pkt=114  link=router→dst  delay=5.0ms
[  10.4020]  PACKET_ARRIVAL         pkt=136  node=router  hop=1
[  10.4020]  QUEUE_ENQUEUE          pkt=136  node=router  queue=19/20 (95%)  state=INCREMENTAL_COMPRESSION
[  10.4070]  PACKET_ARRIVAL         pkt=114  node=dst  hop=2
[  10.4070]  PACKET_DELIVER         pkt=114  flow=1  latency=1807.0ms
[  10.4354]  PACKET_GENERATE        pkt=137  flow=0  size=1416B  pri=1
[  10.4354]  QUEUE_ENQUEUE          pkt=137  node=src0  queue=1/1000 (0%)  state=NORMAL
[  10.4364]  QUEUE_DEQUEUE          pkt=137  node=src0  wait=1.0ms  queue=0/1000  state=NORMAL
[  10.4364]  PACKET_TRANSMIT        pkt=137  link=src0→router  delay=1.0ms
[  10.4374]  PACKET_ARRIVAL         pkt=137  node=router  hop=1
[  10.4374]  QUEUE_ENQUEUE          pkt=137  node=router  queue=20/20 (100%)  state=INCREMENTAL_COMPRESSION
[  10.4526]  PACKET_GENERATE        pkt=138  flow=0  size=1460B  pri=1
[  10.4526]  QUEUE_ENQUEUE          pkt=138  node=src0  queue=1/1000 (0%)  state=NORMAL
[  10.4536]  QUEUE_DEQUEUE          pkt=138  node=src0  wait=1.0ms  queue=0/1000  state=NORMAL
[  10.4536]  PACKET_TRANSMIT        pkt=138  link=src0→router  delay=1.0ms
[  10.4546]  PACKET_ARRIVAL         pkt=138  node=router  hop=1
[  10.4546]  QUEUE_DROP(full)       pkt=138  node=router  pri=1  queue=20/20 FULL
[  10.5020]  QUEUE_DEQUEUE          pkt=115  node=router  wait=1882.8ms  queue=19/20  state=INCREMENTAL_COMPRESSION
[  10.5020]  STATE_UPDATE           node=router  INCREMENTAL_COMPRESSION → DROP_LOW_PRIORITY
[  10.5020]  PACKET_TRANSMIT        pkt=115  link=router→dst  delay=5.0ms
[  10.5070]  PACKET_ARRIVAL         pkt=115  node=dst  hop=2
[  10.5070]  PACKET_DELIVER         pkt=115  flow=0  latency=1889.8ms
[  10.6000]  PACKET_GENERATE        pkt=139  flow=1  size=100B  pri=0
[  10.6000]  QUEUE_ENQUEUE          pkt=139  node=src1  queue=1/1000 (0%)  state=NORMAL
[  10.6010]  QUEUE_DEQUEUE          pkt=139  node=src1  wait=1.0ms  queue=0/1000  state=NORMAL
[  10.6010]  PACKET_TRANSMIT        pkt=139  link=src1→router  delay=1.0ms
[  10.6020]  QUEUE_DEQUEUE          pkt=116  node=router  wait=1800.0ms  queue=18/20  state=DROP_LOW_PRIORITY
[  10.6020]  STATE_UPDATE           node=router  DROP_LOW_PRIORITY → INCREMENTAL_COMPRESSION
[  10.6020]  PACKET_TRANSMIT        pkt=116  link=router→dst  delay=5.0ms
[  10.6020]  PACKET_ARRIVAL         pkt=139  node=router  hop=1
[  10.6020]  QUEUE_ENQUEUE          pkt=139  node=router  queue=19/20 (95%)  state=INCREMENTAL_COMPRESSION
[  10.6070]  PACKET_ARRIVAL         pkt=116  node=dst  hop=2
[  10.6070]  PACKET_DELIVER         pkt=116  flow=1  latency=1807.0ms
[  10.7020]  QUEUE_DEQUEUE          pkt=117  node=router  wait=1852.5ms  queue=18/20  state=INCREMENTAL_COMPRESSION
[  10.7020]  PACKET_TRANSMIT        pkt=117  link=router→dst  delay=5.0ms
[  10.7070]  PACKET_ARRIVAL         pkt=117  node=dst  hop=2
[  10.7070]  PACKET_DELIVER         pkt=117  flow=0  latency=1859.5ms
[  10.8000]  PACKET_GENERATE        pkt=140  flow=1  size=100B  pri=0
[  10.8000]  QUEUE_ENQUEUE          pkt=140  node=src1  queue=1/1000 (0%)  state=NORMAL
[  10.8010]  QUEUE_DEQUEUE          pkt=140  node=src1  wait=1.0ms  queue=0/1000  state=NORMAL
[  10.8010]  PACKET_TRANSMIT        pkt=140  link=src1→router  delay=1.0ms
[  10.8020]  QUEUE_DEQUEUE          pkt=118  node=router  wait=1835.1ms  queue=17/20  state=INCREMENTAL_COMPRESSION
[  10.8020]  PACKET_TRANSMIT        pkt=118  link=router→dst  delay=5.0ms
[  10.8020]  PACKET_ARRIVAL         pkt=140  node=router  hop=1
[  10.8020]  QUEUE_ENQUEUE          pkt=140  node=router  queue=18/20 (90%)  state=INCREMENTAL_COMPRESSION
[  10.8070]  PACKET_ARRIVAL         pkt=118  node=dst  hop=2
[  10.8070]  PACKET_DELIVER         pkt=118  flow=0  latency=1842.1ms
[  10.8194]  PACKET_GENERATE        pkt=141  flow=0  size=1421B  pri=1
[  10.8194]  QUEUE_ENQUEUE          pkt=141  node=src0  queue=1/1000 (0%)  state=NORMAL
[  10.8204]  QUEUE_DEQUEUE          pkt=141  node=src0  wait=1.0ms  queue=0/1000  state=NORMAL
[  10.8204]  PACKET_TRANSMIT        pkt=141  link=src0→router  delay=1.0ms
[  10.8214]  PACKET_ARRIVAL         pkt=141  node=router  hop=1
[  10.8214]  QUEUE_ENQUEUE          pkt=141  node=router  queue=19/20 (95%)  state=INCREMENTAL_COMPRESSION
[  10.8579]  PACKET_GENERATE        pkt=142  flow=0  size=1477B  pri=1
[  10.8579]  QUEUE_ENQUEUE          pkt=142  node=src0  queue=1/1000 (0%)  state=NORMAL
[  10.8589]  QUEUE_DEQUEUE          pkt=142  node=src0  wait=1.0ms  queue=0/1000  state=NORMAL
[  10.8589]  PACKET_TRANSMIT        pkt=142  link=src0→router  delay=1.0ms
[  10.8599]  PACKET_ARRIVAL         pkt=142  node=router  hop=1
[  10.8599]  QUEUE_ENQUEUE          pkt=142  node=router  queue=20/20 (100%)  state=INCREMENTAL_COMPRESSION
[  10.9020]  QUEUE_DEQUEUE          pkt=119  node=router  wait=1900.0ms  queue=19/20  state=INCREMENTAL_COMPRESSION
[  10.9020]  STATE_UPDATE           node=router  INCREMENTAL_COMPRESSION → DROP_LOW_PRIORITY
[  10.9020]  PACKET_TRANSMIT        pkt=119  link=router→dst  delay=5.0ms
[  10.9070]  PACKET_ARRIVAL         pkt=119  node=dst  hop=2
[  10.9070]  PACKET_DELIVER         pkt=119  flow=1  latency=1907.0ms
[  10.9267]  PACKET_GENERATE        pkt=143  flow=0  size=1427B  pri=1
[  10.9267]  QUEUE_ENQUEUE          pkt=143  node=src0  queue=1/1000 (0%)  state=NORMAL
[  10.9277]  QUEUE_DEQUEUE          pkt=143  node=src0  wait=1.0ms  queue=0/1000  state=NORMAL
[  10.9277]  PACKET_TRANSMIT        pkt=143  link=src0→router  delay=1.0ms
[  10.9287]  PACKET_ARRIVAL         pkt=143  node=router  hop=1
[  10.9287]  QUEUE_DROP(congestion) pkt=143  node=router  pri=1  state=DROP_LOW_PRIORITY
[  11.0000]  PACKET_GENERATE        pkt=144  flow=1  size=100B  pri=0
[  11.0000]  QUEUE_ENQUEUE          pkt=144  node=src1  queue=1/1000 (0%)  state=NORMAL
[  11.0010]  QUEUE_DEQUEUE          pkt=144  node=src1  wait=1.0ms  queue=0/1000  state=NORMAL
[  11.0010]  PACKET_TRANSMIT        pkt=144  link=src1→router  delay=1.0ms
[  11.0020]  QUEUE_DEQUEUE          pkt=120  node=router  wait=1976.5ms  queue=18/20  state=DROP_LOW_PRIORITY
[  11.0020]  STATE_UPDATE           node=router  DROP_LOW_PRIORITY → INCREMENTAL_COMPRESSION
[  11.0020]  PACKET_TRANSMIT        pkt=120  link=router→dst  delay=5.0ms
[  11.0020]  PACKET_ARRIVAL         pkt=144  node=router  hop=1
[  11.0020]  QUEUE_ENQUEUE          pkt=144  node=router  queue=19/20 (95%)  state=INCREMENTAL_COMPRESSION
[  11.0070]  PACKET_ARRIVAL         pkt=120  node=dst  hop=2
[  11.0070]  PACKET_DELIVER         pkt=120  flow=0  latency=1983.5ms
[  11.1020]  QUEUE_DEQUEUE          pkt=122  node=router  wait=1900.0ms  queue=18/20  state=INCREMENTAL_COMPRESSION
[  11.1020]  PACKET_TRANSMIT        pkt=122  link=router→dst  delay=5.0ms
[  11.1070]  PACKET_ARRIVAL         pkt=122  node=dst  hop=2
[  11.1070]  PACKET_DELIVER         pkt=122  flow=1  latency=1907.0ms
[  11.2000]  PACKET_GENERATE        pkt=145  flow=1  size=100B  pri=0
[  11.2000]  QUEUE_ENQUEUE          pkt=145  node=src1  queue=1/1000 (0%)  state=NORMAL
[  11.2010]  QUEUE_DEQUEUE          pkt=145  node=src1  wait=1.0ms  queue=0/1000  state=NORMAL
[  11.2010]  PACKET_TRANSMIT        pkt=145  link=src1→router  delay=1.0ms
[  11.2020]  QUEUE_DEQUEUE          pkt=123  node=router  wait=1800.0ms  queue=17/20  state=INCREMENTAL_COMPRESSION
[  11.2020]  PACKET_TRANSMIT        pkt=123  link=router→dst  delay=5.0ms
[  11.2020]  PACKET_ARRIVAL         pkt=145  node=router  hop=1
[  11.2020]  QUEUE_ENQUEUE          pkt=145  node=router  queue=18/20 (90%)  state=INCREMENTAL_COMPRESSION
[  11.2070]  PACKET_ARRIVAL         pkt=123  node=dst  hop=2
[  11.2070]  PACKET_DELIVER         pkt=123  flow=1  latency=1807.0ms
[  11.2572]  PACKET_GENERATE        pkt=146  flow=0  size=1496B  pri=1
[  11.2572]  QUEUE_ENQUEUE          pkt=146  node=src0  queue=1/1000 (0%)  state=NORMAL
[  11.2582]  QUEUE_DEQUEUE          pkt=146  node=src0  wait=1.0ms  queue=0/1000  state=NORMAL
[  11.2582]  PACKET_TRANSMIT        pkt=146  link=src0→router  delay=1.0ms
[  11.2592]  PACKET_ARRIVAL         pkt=146  node=router  hop=1
[  11.2592]  QUEUE_ENQUEUE          pkt=146  node=router  queue=19/20 (95%)  state=INCREMENTAL_COMPRESSION
[  11.3020]  QUEUE_DEQUEUE          pkt=124  node=router  wait=1860.1ms  queue=18/20  state=INCREMENTAL_COMPRESSION
[  11.3020]  PACKET_TRANSMIT        pkt=124  link=router→dst  delay=5.0ms
[  11.3070]  PACKET_ARRIVAL         pkt=124  node=dst  hop=2
[  11.3070]  PACKET_DELIVER         pkt=124  flow=0  latency=1867.1ms
[  11.4000]  PACKET_GENERATE        pkt=147  flow=1  size=100B  pri=0
[  11.4000]  QUEUE_ENQUEUE          pkt=147  node=src1  queue=1/1000 (0%)  state=NORMAL
[  11.4010]  QUEUE_DEQUEUE          pkt=147  node=src1  wait=1.0ms  queue=0/1000  state=NORMAL
[  11.4010]  PACKET_TRANSMIT        pkt=147  link=src1→router  delay=1.0ms
[  11.4020]  QUEUE_DEQUEUE          pkt=125  node=router  wait=1845.9ms  queue=17/20  state=INCREMENTAL_COMPRESSION
[  11.4020]  PACKET_TRANSMIT        pkt=125  link=router→dst  delay=5.0ms
[  11.4020]  PACKET_ARRIVAL         pkt=147  node=router  hop=1
[  11.4020]  QUEUE_ENQUEUE          pkt=147  node=router  queue=18/20 (90%)  state=INCREMENTAL_COMPRESSION
[  11.4070]  PACKET_ARRIVAL         pkt=125  node=dst  hop=2
[  11.4070]  PACKET_DELIVER         pkt=125  flow=0  latency=1852.9ms
[  11.4208]  PACKET_GENERATE        pkt=148  flow=0  size=1425B  pri=1
[  11.4208]  QUEUE_ENQUEUE          pkt=148  node=src0  queue=1/1000 (0%)  state=NORMAL
[  11.4218]  QUEUE_DEQUEUE          pkt=148  node=src0  wait=1.0ms  queue=0/1000  state=NORMAL
[  11.4218]  PACKET_TRANSMIT        pkt=148  link=src0→router  delay=1.0ms
[  11.4228]  PACKET_ARRIVAL         pkt=148  node=router  hop=1
[  11.4228]  QUEUE_ENQUEUE          pkt=148  node=router  queue=19/20 (95%)  state=INCREMENTAL_COMPRESSION
[  11.5020]  QUEUE_DEQUEUE          pkt=126  node=router  wait=1943.4ms  queue=18/20  state=INCREMENTAL_COMPRESSION
[  11.5020]  PACKET_TRANSMIT        pkt=126  link=router→dst  delay=5.0ms
[  11.5070]  PACKET_ARRIVAL         pkt=126  node=dst  hop=2
[  11.5070]  PACKET_DELIVER         pkt=126  flow=0  latency=1950.4ms
[  11.5768]  PACKET_GENERATE        pkt=149  flow=0  size=1451B  pri=1
[  11.5768]  QUEUE_ENQUEUE          pkt=149  node=src0  queue=1/1000 (0%)  state=NORMAL
[  11.5778]  QUEUE_DEQUEUE          pkt=149  node=src0  wait=1.0ms  queue=0/1000  state=NORMAL
[  11.5778]  PACKET_TRANSMIT        pkt=149  link=src0→router  delay=1.0ms
[  11.5788]  PACKET_ARRIVAL         pkt=149  node=router  hop=1
[  11.5788]  QUEUE_ENQUEUE          pkt=149  node=router  queue=19/20 (95%)  state=INCREMENTAL_COMPRESSION
[  11.6000]  PACKET_GENERATE        pkt=150  flow=1  size=100B  pri=0
[  11.6000]  QUEUE_ENQUEUE          pkt=150  node=src1  queue=1/1000 (0%)  state=NORMAL
[  11.6010]  QUEUE_DEQUEUE          pkt=150  node=src1  wait=1.0ms  queue=0/1000  state=NORMAL
[  11.6010]  PACKET_TRANSMIT        pkt=150  link=src1→router  delay=1.0ms
[  11.6020]  QUEUE_DEQUEUE          pkt=127  node=router  wait=2000.0ms  queue=18/20  state=INCREMENTAL_COMPRESSION
[  11.6020]  PACKET_TRANSMIT        pkt=127  link=router→dst  delay=5.0ms
[  11.6020]  PACKET_ARRIVAL         pkt=150  node=router  hop=1
[  11.6020]  QUEUE_ENQUEUE          pkt=150  node=router  queue=19/20 (95%)  state=INCREMENTAL_COMPRESSION
[  11.6070]  PACKET_ARRIVAL         pkt=127  node=dst  hop=2
[  11.6070]  PACKET_DELIVER         pkt=127  flow=1  latency=2007.0ms
[  11.7020]  QUEUE_DEQUEUE          pkt=128  node=router  wait=1900.0ms  queue=18/20  state=INCREMENTAL_COMPRESSION
[  11.7020]  PACKET_TRANSMIT        pkt=128  link=router→dst  delay=5.0ms
[  11.7070]  PACKET_ARRIVAL         pkt=128  node=dst  hop=2
[  11.7070]  PACKET_DELIVER         pkt=128  flow=1  latency=1907.0ms
[  11.8000]  PACKET_GENERATE        pkt=151  flow=1  size=100B  pri=0
[  11.8000]  QUEUE_ENQUEUE          pkt=151  node=src1  queue=1/1000 (0%)  state=NORMAL
[  11.8010]  QUEUE_DEQUEUE          pkt=151  node=src1  wait=1.0ms  queue=0/1000  state=NORMAL
[  11.8010]  PACKET_TRANSMIT        pkt=151  link=src1→router  delay=1.0ms
[  11.8020]  QUEUE_DEQUEUE          pkt=129  node=router  wait=1979.7ms  queue=17/20  state=INCREMENTAL_COMPRESSION
[  11.8020]  PACKET_TRANSMIT        pkt=129  link=router→dst  delay=5.0ms
[  11.8020]  PACKET_ARRIVAL         pkt=151  node=router  hop=1
[  11.8020]  QUEUE_ENQUEUE          pkt=151  node=router  queue=18/20 (90%)  state=INCREMENTAL_COMPRESSION
[  11.8070]  PACKET_ARRIVAL         pkt=129  node=dst  hop=2
[  11.8070]  PACKET_DELIVER         pkt=129  flow=0  latency=1986.7ms
[  11.9020]  QUEUE_DEQUEUE          pkt=131  node=router  wait=1900.0ms  queue=17/20  state=INCREMENTAL_COMPRESSION
[  11.9020]  PACKET_TRANSMIT        pkt=131  link=router→dst  delay=5.0ms
[  11.9070]  PACKET_ARRIVAL         pkt=131  node=dst  hop=2
[  11.9070]  PACKET_DELIVER         pkt=131  flow=1  latency=1907.0ms
[  12.0000]  PACKET_GENERATE        pkt=152  flow=1  size=100B  pri=0
[  12.0000]  QUEUE_ENQUEUE          pkt=152  node=src1  queue=1/1000 (0%)  state=NORMAL
[  12.0010]  QUEUE_DEQUEUE          pkt=152  node=src1  wait=1.0ms  queue=0/1000  state=NORMAL
[  12.0010]  PACKET_TRANSMIT        pkt=152  link=src1→router  delay=1.0ms
[  12.0020]  QUEUE_DEQUEUE          pkt=132  node=router  wait=1882.5ms  queue=16/20  state=INCREMENTAL_COMPRESSION
[  12.0020]  STATE_UPDATE           node=router  INCREMENTAL_COMPRESSION → DELTA_COMPRESSION
[  12.0020]  PACKET_TRANSMIT        pkt=132  link=router→dst  delay=5.0ms
[  12.0020]  PACKET_ARRIVAL         pkt=152  node=router  hop=1
[  12.0020]  QUEUE_ENQUEUE          pkt=152  node=router  queue=17/20 (85%)  state=DELTA_COMPRESSION
[  12.0070]  PACKET_ARRIVAL         pkt=132  node=dst  hop=2
[  12.0070]  PACKET_DELIVER         pkt=132  flow=0  latency=1889.5ms
[  12.1020]  QUEUE_DEQUEUE          pkt=133  node=router  wait=1971.3ms  queue=16/20  state=DELTA_COMPRESSION
[  12.1020]  PACKET_TRANSMIT        pkt=133  link=router→dst  delay=5.0ms
[  12.1070]  PACKET_ARRIVAL         pkt=133  node=dst  hop=2
[  12.1070]  PACKET_DELIVER         pkt=133  flow=0  latency=1978.3ms
[  12.2000]  PACKET_GENERATE        pkt=153  flow=1  size=100B  pri=0
[  12.2000]  QUEUE_ENQUEUE          pkt=153  node=src1  queue=1/1000 (0%)  state=NORMAL
[  12.2010]  QUEUE_DEQUEUE          pkt=153  node=src1  wait=1.0ms  queue=0/1000  state=NORMAL
[  12.2010]  PACKET_TRANSMIT        pkt=153  link=src1→router  delay=1.0ms
[  12.2020]  QUEUE_DEQUEUE          pkt=134  node=router  wait=2000.0ms  queue=15/20  state=DELTA_COMPRESSION
[  12.2020]  PACKET_TRANSMIT        pkt=134  link=router→dst  delay=5.0ms
[  12.2020]  PACKET_ARRIVAL         pkt=153  node=router  hop=1
[  12.2020]  QUEUE_ENQUEUE          pkt=153  node=router  queue=16/20 (80%)  state=DELTA_COMPRESSION
[  12.2070]  PACKET_ARRIVAL         pkt=134  node=dst  hop=2
[  12.2070]  PACKET_DELIVER         pkt=134  flow=1  latency=2007.0ms
[  12.2429]  PACKET_GENERATE        pkt=154  flow=0  size=1483B  pri=1
[  12.2429]  QUEUE_ENQUEUE          pkt=154  node=src0  queue=1/1000 (0%)  state=NORMAL
[  12.2439]  QUEUE_DEQUEUE          pkt=154  node=src0  wait=1.0ms  queue=0/1000  state=NORMAL
[  12.2439]  PACKET_TRANSMIT        pkt=154  link=src0→router  delay=1.0ms
[  12.2449]  PACKET_ARRIVAL         pkt=154  node=router  hop=1
[  12.2449]  QUEUE_ENQUEUE          pkt=154  node=router  queue=17/20 (85%)  state=DELTA_COMPRESSION
[  12.3013]  PACKET_GENERATE        pkt=155  flow=0  size=1466B  pri=1
[  12.3013]  QUEUE_ENQUEUE          pkt=155  node=src0  queue=1/1000 (0%)  state=NORMAL
[  12.3020]  QUEUE_DEQUEUE          pkt=136  node=router  wait=1900.0ms  queue=16/20  state=DELTA_COMPRESSION
[  12.3020]  PACKET_TRANSMIT        pkt=136  link=router→dst  delay=5.0ms
[  12.3023]  QUEUE_DEQUEUE          pkt=155  node=src0  wait=1.0ms  queue=0/1000  state=NORMAL
[  12.3023]  PACKET_TRANSMIT        pkt=155  link=src0→router  delay=1.0ms
[  12.3033]  PACKET_ARRIVAL         pkt=155  node=router  hop=1
[  12.3033]  QUEUE_ENQUEUE          pkt=155  node=router  queue=17/20 (85%)  state=DELTA_COMPRESSION
[  12.3070]  PACKET_ARRIVAL         pkt=136  node=dst  hop=2
[  12.3070]  PACKET_DELIVER         pkt=136  flow=1  latency=1907.0ms
[  12.3764]  PACKET_GENERATE        pkt=156  flow=0  size=1431B  pri=1
[  12.3764]  QUEUE_ENQUEUE          pkt=156  node=src0  queue=1/1000 (0%)  state=NORMAL
[  12.3774]  QUEUE_DEQUEUE          pkt=156  node=src0  wait=1.0ms  queue=0/1000  state=NORMAL
[  12.3774]  PACKET_TRANSMIT        pkt=156  link=src0→router  delay=1.0ms
[  12.3784]  PACKET_ARRIVAL         pkt=156  node=router  hop=1
[  12.3784]  QUEUE_ENQUEUE          pkt=156  node=router  queue=18/20 (90%)  state=DELTA_COMPRESSION
[  12.4000]  PACKET_GENERATE        pkt=157  flow=1  size=100B  pri=0
[  12.4000]  QUEUE_ENQUEUE          pkt=157  node=src1  queue=1/1000 (0%)  state=NORMAL
[  12.4010]  QUEUE_DEQUEUE          pkt=157  node=src1  wait=1.0ms  queue=0/1000  state=NORMAL
[  12.4010]  PACKET_TRANSMIT        pkt=157  link=src1→router  delay=1.0ms
[  12.4020]  QUEUE_DEQUEUE          pkt=137  node=router  wait=1964.6ms  queue=17/20  state=DELTA_COMPRESSION
[  12.4020]  STATE_UPDATE           node=router  DELTA_COMPRESSION → INCREMENTAL_COMPRESSION
[  12.4020]  PACKET_TRANSMIT        pkt=137  link=router→dst  delay=5.0ms
[  12.4020]  PACKET_ARRIVAL         pkt=157  node=router  hop=1
[  12.4020]  QUEUE_ENQUEUE          pkt=157  node=router  queue=18/20 (90%)  state=INCREMENTAL_COMPRESSION
[  12.4070]  PACKET_ARRIVAL         pkt=137  node=dst  hop=2
[  12.4070]  PACKET_DELIVER         pkt=137  flow=0  latency=1971.6ms
[  12.4082]  PACKET_GENERATE        pkt=158  flow=0  size=1443B  pri=1
[  12.4082]  QUEUE_ENQUEUE          pkt=158  node=src0  queue=1/1000 (0%)  state=NORMAL
[  12.4092]  QUEUE_DEQUEUE          pkt=158  node=src0  wait=1.0ms  queue=0/1000  state=NORMAL
[  12.4092]  PACKET_TRANSMIT        pkt=158  link=src0→router  delay=1.0ms
[  12.4102]  PACKET_ARRIVAL         pkt=158  node=router  hop=1
[  12.4102]  QUEUE_ENQUEUE          pkt=158  node=router  queue=19/20 (95%)  state=INCREMENTAL_COMPRESSION
[  12.4109]  PACKET_GENERATE        pkt=159  flow=0  size=1470B  pri=1
[  12.4109]  QUEUE_ENQUEUE          pkt=159  node=src0  queue=1/1000 (0%)  state=NORMAL
[  12.4119]  QUEUE_DEQUEUE          pkt=159  node=src0  wait=1.0ms  queue=0/1000  state=NORMAL
[  12.4119]  PACKET_TRANSMIT        pkt=159  link=src0→router  delay=1.0ms
[  12.4129]  PACKET_ARRIVAL         pkt=159  node=router  hop=1
[  12.4129]  QUEUE_ENQUEUE          pkt=159  node=router  queue=20/20 (100%)  state=INCREMENTAL_COMPRESSION
[  12.4435]  PACKET_GENERATE        pkt=160  flow=0  size=1428B  pri=1
[  12.4435]  QUEUE_ENQUEUE          pkt=160  node=src0  queue=1/1000 (0%)  state=NORMAL
[  12.4444]  PACKET_GENERATE        pkt=161  flow=0  size=1490B  pri=1
[  12.4444]  QUEUE_ENQUEUE          pkt=161  node=src0  queue=2/1000 (0%)  state=NORMAL
[  12.4445]  QUEUE_DEQUEUE          pkt=160  node=src0  wait=1.0ms  queue=1/1000  state=NORMAL
[  12.4445]  PACKET_TRANSMIT        pkt=160  link=src0→router  delay=1.0ms
[  12.4455]  QUEUE_DEQUEUE          pkt=161  node=src0  wait=1.1ms  queue=0/1000  state=NORMAL
[  12.4455]  PACKET_ARRIVAL         pkt=160  node=router  hop=1
[  12.4455]  PACKET_TRANSMIT        pkt=161  link=src0→router  delay=1.0ms
[  12.4455]  QUEUE_DROP(full)       pkt=160  node=router  pri=1  queue=20/20 FULL
[  12.4465]  PACKET_ARRIVAL         pkt=161  node=router  hop=1
[  12.4465]  QUEUE_DROP(full)       pkt=161  node=router  pri=1  queue=20/20 FULL
[  12.5020]  QUEUE_DEQUEUE          pkt=139  node=router  wait=1900.0ms  queue=19/20  state=INCREMENTAL_COMPRESSION
[  12.5020]  STATE_UPDATE           node=router  INCREMENTAL_COMPRESSION → DROP_LOW_PRIORITY
[  12.5020]  PACKET_TRANSMIT        pkt=139  link=router→dst  delay=5.0ms
[  12.5070]  PACKET_ARRIVAL         pkt=139  node=dst  hop=2
[  12.5070]  PACKET_DELIVER         pkt=139  flow=1  latency=1907.0ms
[  12.5691]  PACKET_GENERATE        pkt=162  flow=0  size=1429B  pri=1
[  12.5691]  QUEUE_ENQUEUE          pkt=162  node=src0  queue=1/1000 (0%)  state=NORMAL
[  12.5701]  QUEUE_DEQUEUE          pkt=162  node=src0  wait=1.0ms  queue=0/1000  state=NORMAL
[  12.5701]  PACKET_TRANSMIT        pkt=162  link=src0→router  delay=1.0ms
[  12.5711]  PACKET_ARRIVAL         pkt=162  node=router  hop=1
[  12.5711]  QUEUE_DROP(congestion) pkt=162  node=router  pri=1  state=DROP_LOW_PRIORITY
[  12.5778]  PACKET_GENERATE        pkt=163  flow=0  size=1404B  pri=1
[  12.5778]  QUEUE_ENQUEUE          pkt=163  node=src0  queue=1/1000 (0%)  state=NORMAL
[  12.5788]  QUEUE_DEQUEUE          pkt=163  node=src0  wait=1.0ms  queue=0/1000  state=NORMAL
[  12.5788]  PACKET_TRANSMIT        pkt=163  link=src0→router  delay=1.0ms
[  12.5798]  PACKET_ARRIVAL         pkt=163  node=router  hop=1
[  12.5798]  QUEUE_DROP(congestion) pkt=163  node=router  pri=1  state=DROP_LOW_PRIORITY
[  12.6000]  PACKET_GENERATE        pkt=164  flow=1  size=100B  pri=0
[  12.6000]  QUEUE_ENQUEUE          pkt=164  node=src1  queue=1/1000 (0%)  state=NORMAL
[  12.6010]  QUEUE_DEQUEUE          pkt=164  node=src1  wait=1.0ms  queue=0/1000  state=NORMAL
[  12.6010]  PACKET_TRANSMIT        pkt=164  link=src1→router  delay=1.0ms
[  12.6020]  QUEUE_DEQUEUE          pkt=140  node=router  wait=1800.0ms  queue=18/20  state=DROP_LOW_PRIORITY
[  12.6020]  STATE_UPDATE           node=router  DROP_LOW_PRIORITY → INCREMENTAL_COMPRESSION
[  12.6020]  PACKET_TRANSMIT        pkt=140  link=router→dst  delay=5.0ms
[  12.6020]  PACKET_ARRIVAL         pkt=164  node=router  hop=1
[  12.6020]  QUEUE_ENQUEUE          pkt=164  node=router  queue=19/20 (95%)  state=INCREMENTAL_COMPRESSION
[  12.6070]  PACKET_ARRIVAL         pkt=140  node=dst  hop=2
[  12.6070]  PACKET_DELIVER         pkt=140  flow=1  latency=1807.0ms
[  12.7020]  QUEUE_DEQUEUE          pkt=141  node=router  wait=1880.6ms  queue=18/20  state=INCREMENTAL_COMPRESSION
[  12.7020]  PACKET_TRANSMIT        pkt=141  link=router→dst  delay=5.0ms
[  12.7070]  PACKET_ARRIVAL         pkt=141  node=dst  hop=2
[  12.7070]  PACKET_DELIVER         pkt=141  flow=0  latency=1887.6ms
[  12.8000]  PACKET_GENERATE        pkt=165  flow=1  size=100B  pri=0
[  12.8000]  QUEUE_ENQUEUE          pkt=165  node=src1  queue=1/1000 (0%)  state=NORMAL
[  12.8010]  QUEUE_DEQUEUE          pkt=165  node=src1  wait=1.0ms  queue=0/1000  state=NORMAL
[  12.8010]  PACKET_TRANSMIT        pkt=165  link=src1→router  delay=1.0ms
[  12.8020]  QUEUE_DEQUEUE          pkt=142  node=router  wait=1942.1ms  queue=17/20  state=INCREMENTAL_COMPRESSION
[  12.8020]  PACKET_TRANSMIT        pkt=142  link=router→dst  delay=5.0ms
[  12.8020]  PACKET_ARRIVAL         pkt=165  node=router  hop=1
[  12.8020]  QUEUE_ENQUEUE          pkt=165  node=router  queue=18/20 (90%)  state=INCREMENTAL_COMPRESSION
[  12.8070]  PACKET_ARRIVAL         pkt=142  node=dst  hop=2
[  12.8070]  PACKET_DELIVER         pkt=142  flow=0  latency=1949.1ms
[  12.8233]  PACKET_GENERATE        pkt=166  flow=0  size=1409B  pri=1
[  12.8233]  QUEUE_ENQUEUE          pkt=166  node=src0  queue=1/1000 (0%)  state=NORMAL
[  12.8243]  QUEUE_DEQUEUE          pkt=166  node=src0  wait=1.0ms  queue=0/1000  state=NORMAL
[  12.8243]  PACKET_TRANSMIT        pkt=166  link=src0→router  delay=1.0ms
[  12.8253]  PACKET_ARRIVAL         pkt=166  node=router  hop=1
[  12.8253]  QUEUE_ENQUEUE          pkt=166  node=router  queue=19/20 (95%)  state=INCREMENTAL_COMPRESSION
[  12.9020]  QUEUE_DEQUEUE          pkt=144  node=router  wait=1900.0ms  queue=18/20  state=INCREMENTAL_COMPRESSION
[  12.9020]  PACKET_TRANSMIT        pkt=144  link=router→dst  delay=5.0ms
[  12.9070]  PACKET_ARRIVAL         pkt=144  node=dst  hop=2
[  12.9070]  PACKET_DELIVER         pkt=144  flow=1  latency=1907.0ms
[  12.9135]  PACKET_GENERATE        pkt=167  flow=0  size=1435B  pri=1
[  12.9135]  QUEUE_ENQUEUE          pkt=167  node=src0  queue=1/1000 (0%)  state=NORMAL
[  12.9145]  QUEUE_DEQUEUE          pkt=167  node=src0  wait=1.0ms  queue=0/1000  state=NORMAL
[  12.9145]  PACKET_TRANSMIT        pkt=167  link=src0→router  delay=1.0ms
[  12.9155]  PACKET_ARRIVAL         pkt=167  node=router  hop=1
[  12.9155]  QUEUE_ENQUEUE          pkt=167  node=router  queue=19/20 (95%)  state=INCREMENTAL_COMPRESSION
[  13.0000]  PACKET_GENERATE        pkt=168  flow=1  size=100B  pri=0
[  13.0000]  QUEUE_ENQUEUE          pkt=168  node=src1  queue=1/1000 (0%)  state=NORMAL
[  13.0010]  QUEUE_DEQUEUE          pkt=168  node=src1  wait=1.0ms  queue=0/1000  state=NORMAL
[  13.0010]  PACKET_TRANSMIT        pkt=168  link=src1→router  delay=1.0ms
[  13.0020]  QUEUE_DEQUEUE          pkt=145  node=router  wait=1800.0ms  queue=18/20  state=INCREMENTAL_COMPRESSION
[  13.0020]  PACKET_TRANSMIT        pkt=145  link=router→dst  delay=5.0ms
[  13.0020]  PACKET_ARRIVAL         pkt=168  node=router  hop=1
[  13.0020]  QUEUE_ENQUEUE          pkt=168  node=router  queue=19/20 (95%)  state=INCREMENTAL_COMPRESSION
[  13.0070]  PACKET_ARRIVAL         pkt=145  node=dst  hop=2
[  13.0070]  PACKET_DELIVER         pkt=145  flow=1  latency=1807.0ms
[  13.0517]  PACKET_GENERATE        pkt=169  flow=0  size=1427B  pri=1
[  13.0517]  QUEUE_ENQUEUE          pkt=169  node=src0  queue=1/1000 (0%)  state=NORMAL
[  13.0527]  QUEUE_DEQUEUE          pkt=169  node=src0  wait=1.0ms  queue=0/1000  state=NORMAL
[  13.0527]  PACKET_TRANSMIT        pkt=169  link=src0→router  delay=1.0ms
[  13.0537]  PACKET_ARRIVAL         pkt=169  node=router  hop=1
[  13.0537]  QUEUE_ENQUEUE          pkt=169  node=router  queue=20/20 (100%)  state=INCREMENTAL_COMPRESSION
[  13.1020]  QUEUE_DEQUEUE          pkt=146  node=router  wait=1842.8ms  queue=19/20  state=INCREMENTAL_COMPRESSION
[  13.1020]  STATE_UPDATE           node=router  INCREMENTAL_COMPRESSION → DROP_LOW_PRIORITY
[  13.1020]  PACKET_TRANSMIT        pkt=146  link=router→dst  delay=5.0ms
[  13.1070]  PACKET_ARRIVAL         pkt=146  node=dst  hop=2
[  13.1070]  PACKET_DELIVER         pkt=146  flow=0  latency=1849.8ms
[  13.1486]  PACKET_GENERATE        pkt=170  flow=0  size=1492B  pri=1
[  13.1486]  QUEUE_ENQUEUE          pkt=170  node=src0  queue=1/1000 (0%)  state=NORMAL
[  13.1496]  QUEUE_DEQUEUE          pkt=170  node=src0  wait=1.0ms  queue=0/1000  state=NORMAL
[  13.1496]  PACKET_TRANSMIT        pkt=170  link=src0→router  delay=1.0ms
[  13.1506]  PACKET_ARRIVAL         pkt=170  node=router  hop=1
[  13.1506]  QUEUE_DROP(congestion) pkt=170  node=router  pri=1  state=DROP_LOW_PRIORITY
[  13.2000]  PACKET_GENERATE        pkt=171  flow=1  size=100B  pri=0
[  13.2000]  QUEUE_ENQUEUE          pkt=171  node=src1  queue=1/1000 (0%)  state=NORMAL
[  13.2010]  QUEUE_DEQUEUE          pkt=171  node=src1  wait=1.0ms  queue=0/1000  state=NORMAL
[  13.2010]  PACKET_TRANSMIT        pkt=171  link=src1→router  delay=1.0ms
[  13.2020]  QUEUE_DEQUEUE          pkt=147  node=router  wait=1800.0ms  queue=18/20  state=DROP_LOW_PRIORITY
[  13.2020]  STATE_UPDATE           node=router  DROP_LOW_PRIORITY → INCREMENTAL_COMPRESSION
[  13.2020]  PACKET_TRANSMIT        pkt=147  link=router→dst  delay=5.0ms
[  13.2020]  PACKET_ARRIVAL         pkt=171  node=router  hop=1
[  13.2020]  QUEUE_ENQUEUE          pkt=171  node=router  queue=19/20 (95%)  state=INCREMENTAL_COMPRESSION
[  13.2070]  PACKET_ARRIVAL         pkt=147  node=dst  hop=2
[  13.2070]  PACKET_DELIVER         pkt=147  flow=1  latency=1807.0ms
[  13.3020]  QUEUE_DEQUEUE          pkt=148  node=router  wait=1879.2ms  queue=18/20  state=INCREMENTAL_COMPRESSION
[  13.3020]  PACKET_TRANSMIT        pkt=148  link=router→dst  delay=5.0ms
[  13.3070]  PACKET_ARRIVAL         pkt=148  node=dst  hop=2
[  13.3070]  PACKET_DELIVER         pkt=148  flow=0  latency=1886.2ms
[  13.4000]  PACKET_GENERATE        pkt=172  flow=1  size=100B  pri=0
[  13.4000]  QUEUE_ENQUEUE          pkt=172  node=src1  queue=1/1000 (0%)  state=NORMAL
[  13.4010]  QUEUE_DEQUEUE          pkt=172  node=src1  wait=1.0ms  queue=0/1000  state=NORMAL
[  13.4010]  PACKET_TRANSMIT        pkt=172  link=src1→router  delay=1.0ms
[  13.4020]  QUEUE_DEQUEUE          pkt=149  node=router  wait=1823.2ms  queue=17/20  state=INCREMENTAL_COMPRESSION
[  13.4020]  PACKET_TRANSMIT        pkt=149  link=router→dst  delay=5.0ms
[  13.4020]  PACKET_ARRIVAL         pkt=172  node=router  hop=1
[  13.4020]  QUEUE_ENQUEUE          pkt=172  node=router  queue=18/20 (90%)  state=INCREMENTAL_COMPRESSION
[  13.4070]  PACKET_ARRIVAL         pkt=149  node=dst  hop=2
[  13.4070]  PACKET_DELIVER         pkt=149  flow=0  latency=1830.2ms
[  13.4912]  PACKET_GENERATE        pkt=173  flow=0  size=1473B  pri=1
[  13.4912]  QUEUE_ENQUEUE          pkt=173  node=src0  queue=1/1000 (0%)  state=NORMAL
[  13.4922]  QUEUE_DEQUEUE          pkt=173  node=src0  wait=1.0ms  queue=0/1000  state=NORMAL
[  13.4922]  PACKET_TRANSMIT        pkt=173  link=src0→router  delay=1.0ms
[  13.4932]  PACKET_ARRIVAL         pkt=173  node=router  hop=1
[  13.4932]  QUEUE_ENQUEUE          pkt=173  node=router  queue=19/20 (95%)  state=INCREMENTAL_COMPRESSION
[  13.5020]  QUEUE_DEQUEUE          pkt=150  node=router  wait=1900.0ms  queue=18/20  state=INCREMENTAL_COMPRESSION
[  13.5020]  PACKET_TRANSMIT        pkt=150  link=router→dst  delay=5.0ms
[  13.5070]  PACKET_ARRIVAL         pkt=150  node=dst  hop=2
[  13.5070]  PACKET_DELIVER         pkt=150  flow=1  latency=1907.0ms
[  13.5985]  PACKET_GENERATE        pkt=174  flow=0  size=1431B  pri=1
[  13.5985]  QUEUE_ENQUEUE          pkt=174  node=src0  queue=1/1000 (0%)  state=NORMAL
[  13.5995]  QUEUE_DEQUEUE          pkt=174  node=src0  wait=1.0ms  queue=0/1000  state=NORMAL
[  13.5995]  PACKET_TRANSMIT        pkt=174  link=src0→router  delay=1.0ms
[  13.6000]  PACKET_GENERATE        pkt=175  flow=1  size=100B  pri=0
[  13.6000]  QUEUE_ENQUEUE          pkt=175  node=src1  queue=1/1000 (0%)  state=NORMAL
[  13.6005]  PACKET_ARRIVAL         pkt=174  node=router  hop=1
[  13.6005]  QUEUE_ENQUEUE          pkt=174  node=router  queue=19/20 (95%)  state=INCREMENTAL_COMPRESSION
[  13.6010]  QUEUE_DEQUEUE          pkt=175  node=src1  wait=1.0ms  queue=0/1000  state=NORMAL
[  13.6010]  PACKET_TRANSMIT        pkt=175  link=src1→router  delay=1.0ms
[  13.6020]  QUEUE_DEQUEUE          pkt=151  node=router  wait=1800.0ms  queue=18/20  state=INCREMENTAL_COMPRESSION
[  13.6020]  PACKET_TRANSMIT        pkt=151  link=router→dst  delay=5.0ms
[  13.6020]  PACKET_ARRIVAL         pkt=175  node=router  hop=1
[  13.6020]  QUEUE_ENQUEUE          pkt=175  node=router  queue=19/20 (95%)  state=INCREMENTAL_COMPRESSION
[  13.6070]  PACKET_ARRIVAL         pkt=151  node=dst  hop=2
[  13.6070]  PACKET_DELIVER         pkt=151  flow=1  latency=1807.0ms
[  13.7020]  QUEUE_DEQUEUE          pkt=152  node=router  wait=1700.0ms  queue=18/20  state=INCREMENTAL_COMPRESSION
[  13.7020]  PACKET_TRANSMIT        pkt=152  link=router→dst  delay=5.0ms
[  13.7070]  PACKET_ARRIVAL         pkt=152  node=dst  hop=2
[  13.7070]  PACKET_DELIVER         pkt=152  flow=1  latency=1707.0ms
[  13.7904]  PACKET_GENERATE        pkt=176  flow=0  size=1452B  pri=1
[  13.7904]  QUEUE_ENQUEUE          pkt=176  node=src0  queue=1/1000 (0%)  state=NORMAL
[  13.7914]  QUEUE_DEQUEUE          pkt=176  node=src0  wait=1.0ms  queue=0/1000  state=NORMAL
[  13.7914]  PACKET_TRANSMIT        pkt=176  link=src0→router  delay=1.0ms
[  13.7924]  PACKET_ARRIVAL         pkt=176  node=router  hop=1
[  13.7924]  QUEUE_ENQUEUE          pkt=176  node=router  queue=19/20 (95%)  state=INCREMENTAL_COMPRESSION
[  13.8000]  PACKET_GENERATE        pkt=177  flow=1  size=100B  pri=0
[  13.8000]  QUEUE_ENQUEUE          pkt=177  node=src1  queue=1/1000 (0%)  state=NORMAL
[  13.8010]  QUEUE_DEQUEUE          pkt=177  node=src1  wait=1.0ms  queue=0/1000  state=NORMAL
[  13.8010]  PACKET_TRANSMIT        pkt=177  link=src1→router  delay=1.0ms
[  13.8020]  QUEUE_DEQUEUE          pkt=153  node=router  wait=1600.0ms  queue=18/20  state=INCREMENTAL_COMPRESSION
[  13.8020]  PACKET_TRANSMIT        pkt=153  link=router→dst  delay=5.0ms
[  13.8020]  PACKET_ARRIVAL         pkt=177  node=router  hop=1
[  13.8020]  QUEUE_ENQUEUE          pkt=177  node=router  queue=19/20 (95%)  state=INCREMENTAL_COMPRESSION
[  13.8070]  PACKET_ARRIVAL         pkt=153  node=dst  hop=2
[  13.8070]  PACKET_DELIVER         pkt=153  flow=1  latency=1607.0ms
[  13.8169]  PACKET_GENERATE        pkt=178  flow=0  size=1412B  pri=1
[  13.8169]  QUEUE_ENQUEUE          pkt=178  node=src0  queue=1/1000 (0%)  state=NORMAL
[  13.8179]  QUEUE_DEQUEUE          pkt=178  node=src0  wait=1.0ms  queue=0/1000  state=NORMAL
[  13.8179]  PACKET_TRANSMIT        pkt=178  link=src0→router  delay=1.0ms
[  13.8189]  PACKET_ARRIVAL         pkt=178  node=router  hop=1
[  13.8189]  QUEUE_ENQUEUE          pkt=178  node=router  queue=20/20 (100%)  state=INCREMENTAL_COMPRESSION
[  13.9020]  QUEUE_DEQUEUE          pkt=154  node=router  wait=1657.1ms  queue=19/20  state=INCREMENTAL_COMPRESSION
[  13.9020]  STATE_UPDATE           node=router  INCREMENTAL_COMPRESSION → DROP_LOW_PRIORITY
[  13.9020]  PACKET_TRANSMIT        pkt=154  link=router→dst  delay=5.0ms
[  13.9070]  PACKET_ARRIVAL         pkt=154  node=dst  hop=2
[  13.9070]  PACKET_DELIVER         pkt=154  flow=0  latency=1664.1ms
[  13.9513]  PACKET_GENERATE        pkt=179  flow=0  size=1445B  pri=1
[  13.9513]  QUEUE_ENQUEUE          pkt=179  node=src0  queue=1/1000 (0%)  state=NORMAL
[  13.9523]  QUEUE_DEQUEUE          pkt=179  node=src0  wait=1.0ms  queue=0/1000  state=NORMAL
[  13.9523]  PACKET_TRANSMIT        pkt=179  link=src0→router  delay=1.0ms
[  13.9533]  PACKET_ARRIVAL         pkt=179  node=router  hop=1
[  13.9533]  QUEUE_DROP(congestion) pkt=179  node=router  pri=1  state=DROP_LOW_PRIORITY
[  14.0000]  PACKET_GENERATE        pkt=180  flow=1  size=100B  pri=0
[  14.0000]  QUEUE_ENQUEUE          pkt=180  node=src1  queue=1/1000 (0%)  state=NORMAL
[  14.0010]  QUEUE_DEQUEUE          pkt=180  node=src1  wait=1.0ms  queue=0/1000  state=NORMAL
[  14.0010]  PACKET_TRANSMIT        pkt=180  link=src1→router  delay=1.0ms
[  14.0020]  QUEUE_DEQUEUE          pkt=155  node=router  wait=1698.7ms  queue=18/20  state=DROP_LOW_PRIORITY
[  14.0020]  STATE_UPDATE           node=router  DROP_LOW_PRIORITY → INCREMENTAL_COMPRESSION
[  14.0020]  PACKET_TRANSMIT        pkt=155  link=router→dst  delay=5.0ms
[  14.0020]  PACKET_ARRIVAL         pkt=180  node=router  hop=1
[  14.0020]  QUEUE_ENQUEUE          pkt=180  node=router  queue=19/20 (95%)  state=INCREMENTAL_COMPRESSION
[  14.0070]  PACKET_ARRIVAL         pkt=155  node=dst  hop=2
[  14.0070]  PACKET_DELIVER         pkt=155  flow=0  latency=1705.7ms
[  14.0202]  PACKET_GENERATE        pkt=181  flow=0  size=1459B  pri=1
[  14.0202]  QUEUE_ENQUEUE          pkt=181  node=src0  queue=1/1000 (0%)  state=NORMAL
[  14.0212]  QUEUE_DEQUEUE          pkt=181  node=src0  wait=1.0ms  queue=0/1000  state=NORMAL
[  14.0212]  PACKET_TRANSMIT        pkt=181  link=src0→router  delay=1.0ms
[  14.0222]  PACKET_ARRIVAL         pkt=181  node=router  hop=1
[  14.0222]  QUEUE_ENQUEUE          pkt=181  node=router  queue=20/20 (100%)  state=INCREMENTAL_COMPRESSION
[  14.1020]  QUEUE_DEQUEUE          pkt=156  node=router  wait=1723.6ms  queue=19/20  state=INCREMENTAL_COMPRESSION
[  14.1020]  STATE_UPDATE           node=router  INCREMENTAL_COMPRESSION → DROP_LOW_PRIORITY
[  14.1020]  PACKET_TRANSMIT        pkt=156  link=router→dst  delay=5.0ms
[  14.1070]  PACKET_ARRIVAL         pkt=156  node=dst  hop=2
[  14.1070]  PACKET_DELIVER         pkt=156  flow=0  latency=1730.6ms
[  14.2000]  PACKET_GENERATE        pkt=182  flow=1  size=100B  pri=0
[  14.2000]  QUEUE_ENQUEUE          pkt=182  node=src1  queue=1/1000 (0%)  state=NORMAL
[  14.2010]  QUEUE_DEQUEUE          pkt=182  node=src1  wait=1.0ms  queue=0/1000  state=NORMAL
[  14.2010]  PACKET_TRANSMIT        pkt=182  link=src1→router  delay=1.0ms
[  14.2020]  QUEUE_DEQUEUE          pkt=157  node=router  wait=1800.0ms  queue=18/20  state=DROP_LOW_PRIORITY
[  14.2020]  STATE_UPDATE           node=router  DROP_LOW_PRIORITY → INCREMENTAL_COMPRESSION
[  14.2020]  PACKET_TRANSMIT        pkt=157  link=router→dst  delay=5.0ms
[  14.2020]  PACKET_ARRIVAL         pkt=182  node=router  hop=1
[  14.2020]  QUEUE_ENQUEUE          pkt=182  node=router  queue=19/20 (95%)  state=INCREMENTAL_COMPRESSION
[  14.2070]  PACKET_ARRIVAL         pkt=157  node=dst  hop=2
[  14.2070]  PACKET_DELIVER         pkt=157  flow=1  latency=1807.0ms
[  14.2694]  PACKET_GENERATE        pkt=183  flow=0  size=1406B  pri=1
[  14.2694]  QUEUE_ENQUEUE          pkt=183  node=src0  queue=1/1000 (0%)  state=NORMAL
[  14.2704]  QUEUE_DEQUEUE          pkt=183  node=src0  wait=1.0ms  queue=0/1000  state=NORMAL
[  14.2704]  PACKET_TRANSMIT        pkt=183  link=src0→router  delay=1.0ms
[  14.2714]  PACKET_ARRIVAL         pkt=183  node=router  hop=1
[  14.2714]  QUEUE_ENQUEUE          pkt=183  node=router  queue=20/20 (100%)  state=INCREMENTAL_COMPRESSION
[  14.3020]  QUEUE_DEQUEUE          pkt=158  node=router  wait=1891.8ms  queue=19/20  state=INCREMENTAL_COMPRESSION
[  14.3020]  STATE_UPDATE           node=router  INCREMENTAL_COMPRESSION → DROP_LOW_PRIORITY
[  14.3020]  PACKET_TRANSMIT        pkt=158  link=router→dst  delay=5.0ms
[  14.3070]  PACKET_ARRIVAL         pkt=158  node=dst  hop=2
[  14.3070]  PACKET_DELIVER         pkt=158  flow=0  latency=1898.8ms
[  14.4000]  PACKET_GENERATE        pkt=184  flow=1  size=100B  pri=0
[  14.4000]  QUEUE_ENQUEUE          pkt=184  node=src1  queue=1/1000 (0%)  state=NORMAL
[  14.4010]  QUEUE_DEQUEUE          pkt=184  node=src1  wait=1.0ms  queue=0/1000  state=NORMAL
[  14.4010]  PACKET_TRANSMIT        pkt=184  link=src1→router  delay=1.0ms
[  14.4020]  QUEUE_DEQUEUE          pkt=159  node=router  wait=1989.1ms  queue=18/20  state=DROP_LOW_PRIORITY
[  14.4020]  STATE_UPDATE           node=router  DROP_LOW_PRIORITY → INCREMENTAL_COMPRESSION
[  14.4020]  PACKET_TRANSMIT        pkt=159  link=router→dst  delay=5.0ms
[  14.4020]  PACKET_ARRIVAL         pkt=184  node=router  hop=1
[  14.4020]  QUEUE_ENQUEUE          pkt=184  node=router  queue=19/20 (95%)  state=INCREMENTAL_COMPRESSION
[  14.4070]  PACKET_ARRIVAL         pkt=159  node=dst  hop=2
[  14.4070]  PACKET_DELIVER         pkt=159  flow=0  latency=1996.1ms
[  14.4093]  PACKET_GENERATE        pkt=185  flow=0  size=1482B  pri=1
[  14.4093]  QUEUE_ENQUEUE          pkt=185  node=src0  queue=1/1000 (0%)  state=NORMAL
[  14.4103]  QUEUE_DEQUEUE          pkt=185  node=src0  wait=1.0ms  queue=0/1000  state=NORMAL
[  14.4103]  PACKET_TRANSMIT        pkt=185  link=src0→router  delay=1.0ms
[  14.4113]  PACKET_ARRIVAL         pkt=185  node=router  hop=1
[  14.4113]  QUEUE_ENQUEUE          pkt=185  node=router  queue=20/20 (100%)  state=INCREMENTAL_COMPRESSION
[  14.4222]  PACKET_GENERATE        pkt=186  flow=0  size=1451B  pri=1
[  14.4222]  QUEUE_ENQUEUE          pkt=186  node=src0  queue=1/1000 (0%)  state=NORMAL
[  14.4232]  QUEUE_DEQUEUE          pkt=186  node=src0  wait=1.0ms  queue=0/1000  state=NORMAL
[  14.4232]  PACKET_TRANSMIT        pkt=186  link=src0→router  delay=1.0ms
[  14.4242]  PACKET_ARRIVAL         pkt=186  node=router  hop=1
[  14.4242]  QUEUE_DROP(full)       pkt=186  node=router  pri=1  queue=20/20 FULL
[  14.5020]  QUEUE_DEQUEUE          pkt=164  node=router  wait=1900.0ms  queue=19/20  state=INCREMENTAL_COMPRESSION
[  14.5020]  STATE_UPDATE           node=router  INCREMENTAL_COMPRESSION → DROP_LOW_PRIORITY
[  14.5020]  PACKET_TRANSMIT        pkt=164  link=router→dst  delay=5.0ms
[  14.5070]  PACKET_ARRIVAL         pkt=164  node=dst  hop=2
[  14.5070]  PACKET_DELIVER         pkt=164  flow=1  latency=1907.0ms
[  14.5851]  PACKET_GENERATE        pkt=187  flow=0  size=1413B  pri=1
[  14.5851]  QUEUE_ENQUEUE          pkt=187  node=src0  queue=1/1000 (0%)  state=NORMAL
[  14.5861]  QUEUE_DEQUEUE          pkt=187  node=src0  wait=1.0ms  queue=0/1000  state=NORMAL
[  14.5861]  PACKET_TRANSMIT        pkt=187  link=src0→router  delay=1.0ms
[  14.5871]  PACKET_ARRIVAL         pkt=187  node=router  hop=1
[  14.5871]  QUEUE_DROP(congestion) pkt=187  node=router  pri=1  state=DROP_LOW_PRIORITY
[  14.6000]  PACKET_GENERATE        pkt=188  flow=1  size=100B  pri=0
[  14.6000]  QUEUE_ENQUEUE          pkt=188  node=src1  queue=1/1000 (0%)  state=NORMAL
[  14.6010]  QUEUE_DEQUEUE          pkt=188  node=src1  wait=1.0ms  queue=0/1000  state=NORMAL
[  14.6010]  PACKET_TRANSMIT        pkt=188  link=src1→router  delay=1.0ms
[  14.6020]  QUEUE_DEQUEUE          pkt=165  node=router  wait=1800.0ms  queue=18/20  state=DROP_LOW_PRIORITY
[  14.6020]  STATE_UPDATE           node=router  DROP_LOW_PRIORITY → INCREMENTAL_COMPRESSION
[  14.6020]  PACKET_TRANSMIT        pkt=165  link=router→dst  delay=5.0ms
[  14.6020]  PACKET_ARRIVAL         pkt=188  node=router  hop=1
[  14.6020]  QUEUE_ENQUEUE          pkt=188  node=router  queue=19/20 (95%)  state=INCREMENTAL_COMPRESSION
[  14.6070]  PACKET_ARRIVAL         pkt=165  node=dst  hop=2
[  14.6070]  PACKET_DELIVER         pkt=165  flow=1  latency=1807.0ms
[  14.6208]  PACKET_GENERATE        pkt=189  flow=0  size=1424B  pri=1
[  14.6208]  QUEUE_ENQUEUE          pkt=189  node=src0  queue=1/1000 (0%)  state=NORMAL
[  14.6218]  QUEUE_DEQUEUE          pkt=189  node=src0  wait=1.0ms  queue=0/1000  state=NORMAL
[  14.6218]  PACKET_TRANSMIT        pkt=189  link=src0→router  delay=1.0ms
[  14.6228]  PACKET_ARRIVAL         pkt=189  node=router  hop=1
[  14.6228]  QUEUE_ENQUEUE          pkt=189  node=router  queue=20/20 (100%)  state=INCREMENTAL_COMPRESSION
[  14.7020]  QUEUE_DEQUEUE          pkt=166  node=router  wait=1876.7ms  queue=19/20  state=INCREMENTAL_COMPRESSION
[  14.7020]  STATE_UPDATE           node=router  INCREMENTAL_COMPRESSION → DROP_LOW_PRIORITY
[  14.7020]  PACKET_TRANSMIT        pkt=166  link=router→dst  delay=5.0ms
[  14.7070]  PACKET_ARRIVAL         pkt=166  node=dst  hop=2
[  14.7070]  PACKET_DELIVER         pkt=166  flow=0  latency=1883.7ms
[  14.7169]  PACKET_GENERATE        pkt=190  flow=0  size=1417B  pri=1
[  14.7169]  QUEUE_ENQUEUE          pkt=190  node=src0  queue=1/1000 (0%)  state=NORMAL
[  14.7179]  QUEUE_DEQUEUE          pkt=190  node=src0  wait=1.0ms  queue=0/1000  state=NORMAL
[  14.7179]  PACKET_TRANSMIT        pkt=190  link=src0→router  delay=1.0ms
[  14.7189]  PACKET_ARRIVAL         pkt=190  node=router  hop=1
[  14.7189]  QUEUE_DROP(congestion) pkt=190  node=router  pri=1  state=DROP_LOW_PRIORITY
[  14.7854]  PACKET_GENERATE        pkt=191  flow=0  size=1435B  pri=1
[  14.7854]  QUEUE_ENQUEUE          pkt=191  node=src0  queue=1/1000 (0%)  state=NORMAL
[  14.7864]  QUEUE_DEQUEUE          pkt=191  node=src0  wait=1.0ms  queue=0/1000  state=NORMAL
[  14.7864]  PACKET_TRANSMIT        pkt=191  link=src0→router  delay=1.0ms
[  14.7874]  PACKET_ARRIVAL         pkt=191  node=router  hop=1
[  14.7874]  QUEUE_DROP(congestion) pkt=191  node=router  pri=1  state=DROP_LOW_PRIORITY
[  14.8000]  PACKET_GENERATE        pkt=192  flow=1  size=100B  pri=0
[  14.8000]  QUEUE_ENQUEUE          pkt=192  node=src1  queue=1/1000 (0%)  state=NORMAL
[  14.8010]  QUEUE_DEQUEUE          pkt=192  node=src1  wait=1.0ms  queue=0/1000  state=NORMAL
[  14.8010]  PACKET_TRANSMIT        pkt=192  link=src1→router  delay=1.0ms
[  14.8020]  QUEUE_DEQUEUE          pkt=167  node=router  wait=1886.5ms  queue=18/20  state=DROP_LOW_PRIORITY
[  14.8020]  STATE_UPDATE           node=router  DROP_LOW_PRIORITY → INCREMENTAL_COMPRESSION
[  14.8020]  PACKET_TRANSMIT        pkt=167  link=router→dst  delay=5.0ms
[  14.8020]  PACKET_ARRIVAL         pkt=192  node=router  hop=1
[  14.8020]  QUEUE_ENQUEUE          pkt=192  node=router  queue=19/20 (95%)  state=INCREMENTAL_COMPRESSION
[  14.8070]  PACKET_ARRIVAL         pkt=167  node=dst  hop=2
[  14.8070]  PACKET_DELIVER         pkt=167  flow=0  latency=1893.5ms
[  14.8630]  PACKET_GENERATE        pkt=193  flow=0  size=1409B  pri=1
[  14.8630]  QUEUE_ENQUEUE          pkt=193  node=src0  queue=1/1000 (0%)  state=NORMAL
[  14.8640]  QUEUE_DEQUEUE          pkt=193  node=src0  wait=1.0ms  queue=0/1000  state=NORMAL
[  14.8640]  PACKET_TRANSMIT        pkt=193  link=src0→router  delay=1.0ms
[  14.8650]  PACKET_ARRIVAL         pkt=193  node=router  hop=1
[  14.8650]  QUEUE_ENQUEUE          pkt=193  node=router  queue=20/20 (100%)  state=INCREMENTAL_COMPRESSION
[  14.9020]  QUEUE_DEQUEUE          pkt=168  node=router  wait=1900.0ms  queue=19/20  state=INCREMENTAL_COMPRESSION
[  14.9020]  STATE_UPDATE           node=router  INCREMENTAL_COMPRESSION → DROP_LOW_PRIORITY
[  14.9020]  PACKET_TRANSMIT        pkt=168  link=router→dst  delay=5.0ms
[  14.9070]  PACKET_ARRIVAL         pkt=168  node=dst  hop=2
[  14.9070]  PACKET_DELIVER         pkt=168  flow=1  latency=1907.0ms
[  14.9362]  PACKET_GENERATE        pkt=194  flow=0  size=1470B  pri=1
[  14.9362]  QUEUE_ENQUEUE          pkt=194  node=src0  queue=1/1000 (0%)  state=NORMAL
[  14.9372]  QUEUE_DEQUEUE          pkt=194  node=src0  wait=1.0ms  queue=0/1000  state=NORMAL
[  14.9372]  PACKET_TRANSMIT        pkt=194  link=src0→router  delay=1.0ms
[  14.9382]  PACKET_ARRIVAL         pkt=194  node=router  hop=1
[  14.9382]  QUEUE_DROP(congestion) pkt=194  node=router  pri=1  state=DROP_LOW_PRIORITY
[  14.9491]  PACKET_GENERATE        pkt=195  flow=0  size=1483B  pri=1
[  14.9491]  QUEUE_ENQUEUE          pkt=195  node=src0  queue=1/1000 (0%)  state=NORMAL
[  14.9501]  QUEUE_DEQUEUE          pkt=195  node=src0  wait=1.0ms  queue=0/1000  state=NORMAL
[  14.9501]  PACKET_TRANSMIT        pkt=195  link=src0→router  delay=1.0ms
[  14.9511]  PACKET_ARRIVAL         pkt=195  node=router  hop=1
[  14.9511]  QUEUE_DROP(congestion) pkt=195  node=router  pri=1  state=DROP_LOW_PRIORITY
[  15.0000]  PACKET_GENERATE        pkt=196  flow=1  size=100B  pri=0
[  15.0000]  QUEUE_ENQUEUE          pkt=196  node=src1  queue=1/1000 (0%)  state=NORMAL
[  15.0010]  QUEUE_DEQUEUE          pkt=196  node=src1  wait=1.0ms  queue=0/1000  state=NORMAL
[  15.0010]  PACKET_TRANSMIT        pkt=196  link=src1→router  delay=1.0ms
[  15.0020]  QUEUE_DEQUEUE          pkt=169  node=router  wait=1948.3ms  queue=18/20  state=DROP_LOW_PRIORITY
[  15.0020]  STATE_UPDATE           node=router  DROP_LOW_PRIORITY → INCREMENTAL_COMPRESSION
[  15.0020]  PACKET_TRANSMIT        pkt=169  link=router→dst  delay=5.0ms
[  15.0020]  PACKET_ARRIVAL         pkt=196  node=router  hop=1
[  15.0020]  QUEUE_ENQUEUE          pkt=196  node=router  queue=19/20 (95%)  state=INCREMENTAL_COMPRESSION
[  15.0070]  PACKET_ARRIVAL         pkt=169  node=dst  hop=2
[  15.0070]  PACKET_DELIVER         pkt=169  flow=0  latency=1955.3ms
[  15.1020]  QUEUE_DEQUEUE          pkt=171  node=router  wait=1900.0ms  queue=18/20  state=INCREMENTAL_COMPRESSION
[  15.1020]  PACKET_TRANSMIT        pkt=171  link=router→dst  delay=5.0ms
[  15.1070]  PACKET_ARRIVAL         pkt=171  node=dst  hop=2
[  15.1070]  PACKET_DELIVER         pkt=171  flow=1  latency=1907.0ms
[  15.2000]  PACKET_GENERATE        pkt=197  flow=1  size=100B  pri=0
[  15.2000]  QUEUE_ENQUEUE          pkt=197  node=src1  queue=1/1000 (0%)  state=NORMAL
[  15.2010]  QUEUE_DEQUEUE          pkt=197  node=src1  wait=1.0ms  queue=0/1000  state=NORMAL
[  15.2010]  PACKET_TRANSMIT        pkt=197  link=src1→router  delay=1.0ms
[  15.2020]  QUEUE_DEQUEUE          pkt=172  node=router  wait=1800.0ms  queue=17/20  state=INCREMENTAL_COMPRESSION
[  15.2020]  PACKET_TRANSMIT        pkt=172  link=router→dst  delay=5.0ms
[  15.2020]  PACKET_ARRIVAL         pkt=197  node=router  hop=1
[  15.2020]  QUEUE_ENQUEUE          pkt=197  node=router  queue=18/20 (90%)  state=INCREMENTAL_COMPRESSION
[  15.2070]  PACKET_ARRIVAL         pkt=172  node=dst  hop=2
[  15.2070]  PACKET_DELIVER         pkt=172  flow=1  latency=1807.0ms
[  15.3020]  QUEUE_DEQUEUE          pkt=173  node=router  wait=1808.8ms  queue=17/20  state=INCREMENTAL_COMPRESSION
[  15.3020]  PACKET_TRANSMIT        pkt=173  link=router→dst  delay=5.0ms
[  15.3070]  PACKET_ARRIVAL         pkt=173  node=dst  hop=2
[  15.3070]  PACKET_DELIVER         pkt=173  flow=0  latency=1815.8ms
[  15.4000]  PACKET_GENERATE        pkt=198  flow=1  size=100B  pri=0
[  15.4000]  QUEUE_ENQUEUE          pkt=198  node=src1  queue=1/1000 (0%)  state=NORMAL
[  15.4010]  QUEUE_DEQUEUE          pkt=198  node=src1  wait=1.0ms  queue=0/1000  state=NORMAL
[  15.4010]  PACKET_TRANSMIT        pkt=198  link=src1→router  delay=1.0ms
[  15.4020]  QUEUE_DEQUEUE          pkt=174  node=router  wait=1801.5ms  queue=16/20  state=INCREMENTAL_COMPRESSION
[  15.4020]  STATE_UPDATE           node=router  INCREMENTAL_COMPRESSION → DELTA_COMPRESSION
[  15.4020]  PACKET_TRANSMIT        pkt=174  link=router→dst  delay=5.0ms
[  15.4020]  PACKET_ARRIVAL         pkt=198  node=router  hop=1
[  15.4020]  QUEUE_ENQUEUE          pkt=198  node=router  queue=17/20 (85%)  state=DELTA_COMPRESSION
[  15.4070]  PACKET_ARRIVAL         pkt=174  node=dst  hop=2
[  15.4070]  PACKET_DELIVER         pkt=174  flow=0  latency=1808.5ms
[  15.5020]  QUEUE_DEQUEUE          pkt=175  node=router  wait=1900.0ms  queue=16/20  state=DELTA_COMPRESSION
[  15.5020]  PACKET_TRANSMIT        pkt=175  link=router→dst  delay=5.0ms
[  15.5070]  PACKET_ARRIVAL         pkt=175  node=dst  hop=2
[  15.5070]  PACKET_DELIVER         pkt=175  flow=1  latency=1907.0ms
[  15.6000]  PACKET_GENERATE        pkt=199  flow=1  size=100B  pri=0
[  15.6000]  QUEUE_ENQUEUE          pkt=199  node=src1  queue=1/1000 (0%)  state=NORMAL
[  15.6010]  QUEUE_DEQUEUE          pkt=199  node=src1  wait=1.0ms  queue=0/1000  state=NORMAL
[  15.6010]  PACKET_TRANSMIT        pkt=199  link=src1→router  delay=1.0ms
[  15.6020]  QUEUE_DEQUEUE          pkt=176  node=router  wait=1809.6ms  queue=15/20  state=DELTA_COMPRESSION
[  15.6020]  PACKET_TRANSMIT        pkt=176  link=router→dst  delay=5.0ms
[  15.6020]  PACKET_ARRIVAL         pkt=199  node=router  hop=1
[  15.6020]  QUEUE_ENQUEUE          pkt=199  node=router  queue=16/20 (80%)  state=DELTA_COMPRESSION
[  15.6070]  PACKET_ARRIVAL         pkt=176  node=dst  hop=2
[  15.6070]  PACKET_DELIVER         pkt=176  flow=0  latency=1816.6ms
[  15.7020]  QUEUE_DEQUEUE          pkt=177  node=router  wait=1900.0ms  queue=15/20  state=DELTA_COMPRESSION
[  15.7020]  PACKET_TRANSMIT        pkt=177  link=router→dst  delay=5.0ms
[  15.7070]  PACKET_ARRIVAL         pkt=177  node=dst  hop=2
[  15.7070]  PACKET_DELIVER         pkt=177  flow=1  latency=1907.0ms
[  15.8000]  PACKET_GENERATE        pkt=200  flow=1  size=100B  pri=0
[  15.8000]  QUEUE_ENQUEUE          pkt=200  node=src1  queue=1/1000 (0%)  state=NORMAL
[  15.8010]  QUEUE_DEQUEUE          pkt=200  node=src1  wait=1.0ms  queue=0/1000  state=NORMAL
[  15.8010]  PACKET_TRANSMIT        pkt=200  link=src1→router  delay=1.0ms
[  15.8020]  QUEUE_DEQUEUE          pkt=178  node=router  wait=1983.1ms  queue=14/20  state=DELTA_COMPRESSION
[  15.8020]  PACKET_TRANSMIT        pkt=178  link=router→dst  delay=5.0ms
[  15.8020]  PACKET_ARRIVAL         pkt=200  node=router  hop=1
[  15.8020]  QUEUE_ENQUEUE          pkt=200  node=router  queue=15/20 (75%)  state=DELTA_COMPRESSION
[  15.8070]  PACKET_ARRIVAL         pkt=178  node=dst  hop=2
[  15.8070]  PACKET_DELIVER         pkt=178  flow=0  latency=1990.1ms
[  15.8540]  PACKET_GENERATE        pkt=201  flow=0  size=1401B  pri=1
[  15.8540]  QUEUE_ENQUEUE          pkt=201  node=src0  queue=1/1000 (0%)  state=NORMAL
[  15.8550]  QUEUE_DEQUEUE          pkt=201  node=src0  wait=1.0ms  queue=0/1000  state=NORMAL
[  15.8550]  PACKET_TRANSMIT        pkt=201  link=src0→router  delay=1.0ms
[  15.8560]  PACKET_ARRIVAL         pkt=201  node=router  hop=1
[  15.8560]  QUEUE_ENQUEUE          pkt=201  node=router  queue=16/20 (80%)  state=DELTA_COMPRESSION
[  15.9020]  QUEUE_DEQUEUE          pkt=180  node=router  wait=1900.0ms  queue=15/20  state=DELTA_COMPRESSION
[  15.9020]  PACKET_TRANSMIT        pkt=180  link=router→dst  delay=5.0ms
[  15.9070]  PACKET_ARRIVAL         pkt=180  node=dst  hop=2
[  15.9070]  PACKET_DELIVER         pkt=180  flow=1  latency=1907.0ms
[  16.0000]  PACKET_GENERATE        pkt=202  flow=1  size=100B  pri=0
[  16.0000]  QUEUE_ENQUEUE          pkt=202  node=src1  queue=1/1000 (0%)  state=NORMAL
[  16.0010]  QUEUE_DEQUEUE          pkt=202  node=src1  wait=1.0ms  queue=0/1000  state=NORMAL
[  16.0010]  PACKET_TRANSMIT        pkt=202  link=src1→router  delay=1.0ms
[  16.0020]  QUEUE_DEQUEUE          pkt=181  node=router  wait=1979.8ms  queue=14/20  state=DELTA_COMPRESSION
[  16.0020]  PACKET_TRANSMIT        pkt=181  link=router→dst  delay=5.0ms
[  16.0020]  PACKET_ARRIVAL         pkt=202  node=router  hop=1
[  16.0020]  QUEUE_ENQUEUE          pkt=202  node=router  queue=15/20 (75%)  state=DELTA_COMPRESSION
[  16.0070]  PACKET_ARRIVAL         pkt=181  node=dst  hop=2
[  16.0070]  PACKET_DELIVER         pkt=181  flow=0  latency=1986.8ms
[  16.1020]  QUEUE_DEQUEUE          pkt=182  node=router  wait=1900.0ms  queue=14/20  state=DELTA_COMPRESSION
[  16.1020]  PACKET_TRANSMIT        pkt=182  link=router→dst  delay=5.0ms
[  16.1070]  PACKET_ARRIVAL         pkt=182  node=dst  hop=2
[  16.1070]  PACKET_DELIVER         pkt=182  flow=1  latency=1907.0ms
[  16.2000]  PACKET_GENERATE        pkt=203  flow=1  size=100B  pri=0
[  16.2000]  QUEUE_ENQUEUE          pkt=203  node=src1  queue=1/1000 (0%)  state=NORMAL
[  16.2010]  QUEUE_DEQUEUE          pkt=203  node=src1  wait=1.0ms  queue=0/1000  state=NORMAL
[  16.2010]  PACKET_TRANSMIT        pkt=203  link=src1→router  delay=1.0ms
[  16.2020]  QUEUE_DEQUEUE          pkt=183  node=router  wait=1930.6ms  queue=13/20  state=DELTA_COMPRESSION
[  16.2020]  STATE_UPDATE           node=router  DELTA_COMPRESSION → HEADER_COMPRESSION
[  16.2020]  PACKET_TRANSMIT        pkt=183  link=router→dst  delay=5.0ms
[  16.2020]  PACKET_ARRIVAL         pkt=203  node=router  hop=1
[  16.2020]  QUEUE_ENQUEUE          pkt=203  node=router  queue=14/20 (70%)  state=HEADER_COMPRESSION
[  16.2070]  PACKET_ARRIVAL         pkt=183  node=dst  hop=2
[  16.2070]  PACKET_DELIVER         pkt=183  flow=0  latency=1937.6ms
[  16.2882]  PACKET_GENERATE        pkt=204  flow=0  size=1496B  pri=1
[  16.2882]  QUEUE_ENQUEUE          pkt=204  node=src0  queue=1/1000 (0%)  state=NORMAL
[  16.2892]  QUEUE_DEQUEUE          pkt=204  node=src0  wait=1.0ms  queue=0/1000  state=NORMAL
[  16.2892]  PACKET_TRANSMIT        pkt=204  link=src0→router  delay=1.0ms
[  16.2902]  PACKET_ARRIVAL         pkt=204  node=router  hop=1
[  16.2902]  QUEUE_ENQUEUE          pkt=204  node=router  queue=15/20 (75%)  state=HEADER_COMPRESSION
[  16.3020]  QUEUE_DEQUEUE          pkt=184  node=router  wait=1900.0ms  queue=14/20  state=HEADER_COMPRESSION
[  16.3020]  STATE_UPDATE           node=router  HEADER_COMPRESSION → DELTA_COMPRESSION
[  16.3020]  PACKET_TRANSMIT        pkt=184  link=router→dst  delay=5.0ms
[  16.3070]  PACKET_ARRIVAL         pkt=184  node=dst  hop=2
[  16.3070]  PACKET_DELIVER         pkt=184  flow=1  latency=1907.0ms
[  16.4000]  PACKET_GENERATE        pkt=205  flow=1  size=100B  pri=0
[  16.4000]  QUEUE_ENQUEUE          pkt=205  node=src1  queue=1/1000 (0%)  state=NORMAL
[  16.4010]  QUEUE_DEQUEUE          pkt=205  node=src1  wait=1.0ms  queue=0/1000  state=NORMAL
[  16.4010]  PACKET_TRANSMIT        pkt=205  link=src1→router  delay=1.0ms
[  16.4020]  QUEUE_DEQUEUE          pkt=185  node=router  wait=1990.7ms  queue=13/20  state=DELTA_COMPRESSION
[  16.4020]  STATE_UPDATE           node=router  DELTA_COMPRESSION → HEADER_COMPRESSION
[  16.4020]  PACKET_TRANSMIT        pkt=185  link=router→dst  delay=5.0ms
[  16.4020]  PACKET_ARRIVAL         pkt=205  node=router  hop=1
[  16.4020]  QUEUE_ENQUEUE          pkt=205  node=router  queue=14/20 (70%)  state=HEADER_COMPRESSION
[  16.4070]  PACKET_ARRIVAL         pkt=185  node=dst  hop=2
[  16.4070]  PACKET_DELIVER         pkt=185  flow=0  latency=1997.7ms
[  16.5020]  QUEUE_DEQUEUE          pkt=188  node=router  wait=1900.0ms  queue=13/20  state=HEADER_COMPRESSION
[  16.5020]  PACKET_TRANSMIT        pkt=188  link=router→dst  delay=5.0ms
[  16.5070]  PACKET_ARRIVAL         pkt=188  node=dst  hop=2
[  16.5070]  PACKET_DELIVER         pkt=188  flow=1  latency=1907.0ms
[  16.5243]  PACKET_GENERATE        pkt=206  flow=0  size=1421B  pri=1
[  16.5243]  QUEUE_ENQUEUE          pkt=206  node=src0  queue=1/1000 (0%)  state=NORMAL
[  16.5253]  QUEUE_DEQUEUE          pkt=206  node=src0  wait=1.0ms  queue=0/1000  state=NORMAL
[  16.5253]  PACKET_TRANSMIT        pkt=206  link=src0→router  delay=1.0ms
[  16.5263]  PACKET_ARRIVAL         pkt=206  node=router  hop=1
[  16.5263]  QUEUE_ENQUEUE          pkt=206  node=router  queue=14/20 (70%)  state=HEADER_COMPRESSION
[  16.5895]  PACKET_GENERATE        pkt=207  flow=0  size=1461B  pri=1
[  16.5895]  QUEUE_ENQUEUE          pkt=207  node=src0  queue=1/1000 (0%)  state=NORMAL
[  16.5905]  QUEUE_DEQUEUE          pkt=207  node=src0  wait=1.0ms  queue=0/1000  state=NORMAL
[  16.5905]  PACKET_TRANSMIT        pkt=207  link=src0→router  delay=1.0ms
[  16.5915]  PACKET_ARRIVAL         pkt=207  node=router  hop=1
[  16.5915]  QUEUE_ENQUEUE          pkt=207  node=router  queue=15/20 (75%)  state=HEADER_COMPRESSION
[  16.6000]  PACKET_GENERATE        pkt=208  flow=1  size=100B  pri=0
[  16.6000]  QUEUE_ENQUEUE          pkt=208  node=src1  queue=1/1000 (0%)  state=NORMAL
[  16.6010]  QUEUE_DEQUEUE          pkt=208  node=src1  wait=1.0ms  queue=0/1000  state=NORMAL
[  16.6010]  PACKET_TRANSMIT        pkt=208  link=src1→router  delay=1.0ms
[  16.6020]  QUEUE_DEQUEUE          pkt=189  node=router  wait=1979.2ms  queue=14/20  state=HEADER_COMPRESSION
[  16.6020]  STATE_UPDATE           node=router  HEADER_COMPRESSION → DELTA_COMPRESSION
[  16.6020]  PACKET_TRANSMIT        pkt=189  link=router→dst  delay=5.0ms
[  16.6020]  PACKET_ARRIVAL         pkt=208  node=router  hop=1
[  16.6020]  QUEUE_ENQUEUE          pkt=208  node=router  queue=15/20 (75%)  state=DELTA_COMPRESSION
[  16.6070]  PACKET_ARRIVAL         pkt=189  node=dst  hop=2
[  16.6070]  PACKET_DELIVER         pkt=189  flow=0  latency=1986.2ms
[  16.6196]  PACKET_GENERATE        pkt=209  flow=0  size=1451B  pri=1
[  16.6196]  QUEUE_ENQUEUE          pkt=209  node=src0  queue=1/1000 (0%)  state=NORMAL
[  16.6206]  QUEUE_DEQUEUE          pkt=209  node=src0  wait=1.0ms  queue=0/1000  state=NORMAL
[  16.6206]  PACKET_TRANSMIT        pkt=209  link=src0→router  delay=1.0ms
[  16.6216]  PACKET_ARRIVAL         pkt=209  node=router  hop=1
[  16.6216]  QUEUE_ENQUEUE          pkt=209  node=router  queue=16/20 (80%)  state=DELTA_COMPRESSION
[  16.7020]  QUEUE_DEQUEUE          pkt=192  node=router  wait=1900.0ms  queue=15/20  state=DELTA_COMPRESSION
[  16.7020]  PACKET_TRANSMIT        pkt=192  link=router→dst  delay=5.0ms
[  16.7070]  PACKET_ARRIVAL         pkt=192  node=dst  hop=2
[  16.7070]  PACKET_DELIVER         pkt=192  flow=1  latency=1907.0ms
[  16.8000]  PACKET_GENERATE        pkt=210  flow=1  size=100B  pri=0
[  16.8000]  QUEUE_ENQUEUE          pkt=210  node=src1  queue=1/1000 (0%)  state=NORMAL
[  16.8010]  QUEUE_DEQUEUE          pkt=210  node=src1  wait=1.0ms  queue=0/1000  state=NORMAL
[  16.8010]  PACKET_TRANSMIT        pkt=210  link=src1→router  delay=1.0ms
[  16.8020]  QUEUE_DEQUEUE          pkt=193  node=router  wait=1937.0ms  queue=14/20  state=DELTA_COMPRESSION
[  16.8020]  PACKET_TRANSMIT        pkt=193  link=router→dst  delay=5.0ms
[  16.8020]  PACKET_ARRIVAL         pkt=210  node=router  hop=1
[  16.8020]  QUEUE_ENQUEUE          pkt=210  node=router  queue=15/20 (75%)  state=DELTA_COMPRESSION
[  16.8070]  PACKET_ARRIVAL         pkt=193  node=dst  hop=2
[  16.8070]  PACKET_DELIVER         pkt=193  flow=0  latency=1944.0ms
[  16.9020]  QUEUE_DEQUEUE          pkt=196  node=router  wait=1900.0ms  queue=14/20  state=DELTA_COMPRESSION
[  16.9020]  PACKET_TRANSMIT        pkt=196  link=router→dst  delay=5.0ms
[  16.9070]  PACKET_ARRIVAL         pkt=196  node=dst  hop=2
[  16.9070]  PACKET_DELIVER         pkt=196  flow=1  latency=1907.0ms
[  16.9105]  PACKET_GENERATE        pkt=211  flow=0  size=1421B  pri=1
[  16.9105]  QUEUE_ENQUEUE          pkt=211  node=src0  queue=1/1000 (0%)  state=NORMAL
[  16.9115]  QUEUE_DEQUEUE          pkt=211  node=src0  wait=1.0ms  queue=0/1000  state=NORMAL
[  16.9115]  PACKET_TRANSMIT        pkt=211  link=src0→router  delay=1.0ms
[  16.9125]  PACKET_ARRIVAL         pkt=211  node=router  hop=1
[  16.9125]  QUEUE_ENQUEUE          pkt=211  node=router  queue=15/20 (75%)  state=DELTA_COMPRESSION
[  16.9700]  PACKET_GENERATE        pkt=212  flow=0  size=1449B  pri=1
[  16.9700]  QUEUE_ENQUEUE          pkt=212  node=src0  queue=1/1000 (0%)  state=NORMAL
[  16.9710]  QUEUE_DEQUEUE          pkt=212  node=src0  wait=1.0ms  queue=0/1000  state=NORMAL
[  16.9710]  PACKET_TRANSMIT        pkt=212  link=src0→router  delay=1.0ms
[  16.9720]  PACKET_ARRIVAL         pkt=212  node=router  hop=1
[  16.9720]  QUEUE_ENQUEUE          pkt=212  node=router  queue=16/20 (80%)  state=DELTA_COMPRESSION
[  17.0000]  PACKET_GENERATE        pkt=213  flow=1  size=100B  pri=0
[  17.0000]  QUEUE_ENQUEUE          pkt=213  node=src1  queue=1/1000 (0%)  state=NORMAL
[  17.0010]  QUEUE_DEQUEUE          pkt=213  node=src1  wait=1.0ms  queue=0/1000  state=NORMAL
[  17.0010]  PACKET_TRANSMIT        pkt=213  link=src1→router  delay=1.0ms
[  17.0020]  QUEUE_DEQUEUE          pkt=197  node=router  wait=1800.0ms  queue=15/20  state=DELTA_COMPRESSION
[  17.0020]  PACKET_ARRIVAL         pkt=213  node=router  hop=1
[  17.0020]  PACKET_TRANSMIT        pkt=197  link=router→dst  delay=5.0ms
[  17.0020]  QUEUE_ENQUEUE          pkt=213  node=router  queue=16/20 (80%)  state=DELTA_COMPRESSION
[  17.0070]  PACKET_ARRIVAL         pkt=197  node=dst  hop=2
[  17.0070]  PACKET_DELIVER         pkt=197  flow=1  latency=1807.0ms
[  17.0085]  PACKET_GENERATE        pkt=214  flow=0  size=1500B  pri=1
[  17.0085]  QUEUE_ENQUEUE          pkt=214  node=src0  queue=1/1000 (0%)  state=NORMAL
[  17.0095]  QUEUE_DEQUEUE          pkt=214  node=src0  wait=1.0ms  queue=0/1000  state=NORMAL
[  17.0095]  PACKET_TRANSMIT        pkt=214  link=src0→router  delay=1.0ms
[  17.0105]  PACKET_ARRIVAL         pkt=214  node=router  hop=1
[  17.0105]  QUEUE_ENQUEUE          pkt=214  node=router  queue=17/20 (85%)  state=DELTA_COMPRESSION
[  17.1020]  QUEUE_DEQUEUE          pkt=198  node=router  wait=1700.0ms  queue=16/20  state=DELTA_COMPRESSION
[  17.1020]  PACKET_TRANSMIT        pkt=198  link=router→dst  delay=5.0ms
[  17.1070]  PACKET_ARRIVAL         pkt=198  node=dst  hop=2
[  17.1070]  PACKET_DELIVER         pkt=198  flow=1  latency=1707.0ms
[  17.2000]  PACKET_GENERATE        pkt=215  flow=1  size=100B  pri=0
[  17.2000]  QUEUE_ENQUEUE          pkt=215  node=src1  queue=1/1000 (0%)  state=NORMAL
[  17.2008]  PACKET_GENERATE        pkt=216  flow=0  size=1436B  pri=1
[  17.2008]  QUEUE_ENQUEUE          pkt=216  node=src0  queue=1/1000 (0%)  state=NORMAL
[  17.2010]  QUEUE_DEQUEUE          pkt=215  node=src1  wait=1.0ms  queue=0/1000  state=NORMAL
[  17.2010]  PACKET_TRANSMIT        pkt=215  link=src1→router  delay=1.0ms
[  17.2018]  QUEUE_DEQUEUE          pkt=216  node=src0  wait=1.0ms  queue=0/1000  state=NORMAL
[  17.2018]  PACKET_TRANSMIT        pkt=216  link=src0→router  delay=1.0ms
[  17.2020]  PACKET_ARRIVAL         pkt=215  node=router  hop=1
[  17.2020]  QUEUE_ENQUEUE          pkt=215  node=router  queue=17/20 (85%)  state=DELTA_COMPRESSION
[  17.2020]  QUEUE_DEQUEUE          pkt=199  node=router  wait=1600.0ms  queue=16/20  state=DELTA_COMPRESSION
[  17.2020]  PACKET_TRANSMIT        pkt=199  link=router→dst  delay=5.0ms
[  17.2028]  PACKET_ARRIVAL         pkt=216  node=router  hop=1
[  17.2028]  QUEUE_ENQUEUE          pkt=216  node=router  queue=17/20 (85%)  state=DELTA_COMPRESSION
[  17.2070]  PACKET_ARRIVAL         pkt=199  node=dst  hop=2
[  17.2070]  PACKET_DELIVER         pkt=199  flow=1  latency=1607.0ms
[  17.2695]  PACKET_GENERATE        pkt=217  flow=0  size=1493B  pri=1
[  17.2695]  QUEUE_ENQUEUE          pkt=217  node=src0  queue=1/1000 (0%)  state=NORMAL
[  17.2705]  QUEUE_DEQUEUE          pkt=217  node=src0  wait=1.0ms  queue=0/1000  state=NORMAL
[  17.2705]  PACKET_TRANSMIT        pkt=217  link=src0→router  delay=1.0ms
[  17.2715]  PACKET_ARRIVAL         pkt=217  node=router  hop=1
[  17.2715]  QUEUE_ENQUEUE          pkt=217  node=router  queue=18/20 (90%)  state=DELTA_COMPRESSION
[  17.3020]  QUEUE_DEQUEUE          pkt=200  node=router  wait=1500.0ms  queue=17/20  state=DELTA_COMPRESSION
[  17.3020]  STATE_UPDATE           node=router  DELTA_COMPRESSION → INCREMENTAL_COMPRESSION
[  17.3020]  PACKET_TRANSMIT        pkt=200  link=router→dst  delay=5.0ms
[  17.3070]  PACKET_ARRIVAL         pkt=200  node=dst  hop=2
[  17.3070]  PACKET_DELIVER         pkt=200  flow=1  latency=1507.0ms
[  17.4000]  PACKET_GENERATE        pkt=218  flow=1  size=100B  pri=0
[  17.4000]  QUEUE_ENQUEUE          pkt=218  node=src1  queue=1/1000 (0%)  state=NORMAL
[  17.4010]  QUEUE_DEQUEUE          pkt=218  node=src1  wait=1.0ms  queue=0/1000  state=NORMAL
[  17.4010]  PACKET_TRANSMIT        pkt=218  link=src1→router  delay=1.0ms
[  17.4020]  PACKET_ARRIVAL         pkt=218  node=router  hop=1
[  17.4020]  QUEUE_ENQUEUE          pkt=218  node=router  queue=18/20 (90%)  state=INCREMENTAL_COMPRESSION
[  17.4020]  QUEUE_DEQUEUE          pkt=201  node=router  wait=1546.0ms  queue=17/20  state=INCREMENTAL_COMPRESSION
[  17.4020]  PACKET_TRANSMIT        pkt=201  link=router→dst  delay=5.0ms
[  17.4070]  PACKET_ARRIVAL         pkt=201  node=dst  hop=2
[  17.4070]  PACKET_DELIVER         pkt=201  flow=0  latency=1553.0ms
[  17.5020]  QUEUE_DEQUEUE          pkt=202  node=router  wait=1500.0ms  queue=16/20  state=INCREMENTAL_COMPRESSION
[  17.5020]  STATE_UPDATE           node=router  INCREMENTAL_COMPRESSION → DELTA_COMPRESSION
[  17.5020]  PACKET_TRANSMIT        pkt=202  link=router→dst  delay=5.0ms
[  17.5070]  PACKET_ARRIVAL         pkt=202  node=dst  hop=2
[  17.5070]  PACKET_DELIVER         pkt=202  flow=1  latency=1507.0ms
[  17.6000]  PACKET_GENERATE        pkt=219  flow=1  size=100B  pri=0
[  17.6000]  QUEUE_ENQUEUE          pkt=219  node=src1  queue=1/1000 (0%)  state=NORMAL
[  17.6010]  QUEUE_DEQUEUE          pkt=219  node=src1  wait=1.0ms  queue=0/1000  state=NORMAL
[  17.6010]  PACKET_TRANSMIT        pkt=219  link=src1→router  delay=1.0ms
[  17.6020]  PACKET_ARRIVAL         pkt=219  node=router  hop=1
[  17.6020]  QUEUE_ENQUEUE          pkt=219  node=router  queue=17/20 (85%)  state=DELTA_COMPRESSION
[  17.6020]  QUEUE_DEQUEUE          pkt=203  node=router  wait=1400.0ms  queue=16/20  state=DELTA_COMPRESSION
[  17.6020]  PACKET_TRANSMIT        pkt=203  link=router→dst  delay=5.0ms
[  17.6070]  PACKET_ARRIVAL         pkt=203  node=dst  hop=2
[  17.6070]  PACKET_DELIVER         pkt=203  flow=1  latency=1407.0ms
[  17.7020]  QUEUE_DEQUEUE          pkt=204  node=router  wait=1411.8ms  queue=15/20  state=DELTA_COMPRESSION
[  17.7020]  PACKET_TRANSMIT        pkt=204  link=router→dst  delay=5.0ms
[  17.7070]  PACKET_ARRIVAL         pkt=204  node=dst  hop=2
[  17.7070]  PACKET_DELIVER         pkt=204  flow=0  latency=1418.8ms
[  17.8000]  PACKET_GENERATE        pkt=220  flow=1  size=100B  pri=0
[  17.8000]  QUEUE_ENQUEUE          pkt=220  node=src1  queue=1/1000 (0%)  state=NORMAL
[  17.8010]  QUEUE_DEQUEUE          pkt=220  node=src1  wait=1.0ms  queue=0/1000  state=NORMAL
[  17.8010]  PACKET_TRANSMIT        pkt=220  link=src1→router  delay=1.0ms
[  17.8020]  PACKET_ARRIVAL         pkt=220  node=router  hop=1
[  17.8020]  QUEUE_ENQUEUE          pkt=220  node=router  queue=16/20 (80%)  state=DELTA_COMPRESSION
[  17.8020]  QUEUE_DEQUEUE          pkt=205  node=router  wait=1400.0ms  queue=15/20  state=DELTA_COMPRESSION
[  17.8020]  PACKET_TRANSMIT        pkt=205  link=router→dst  delay=5.0ms
[  17.8070]  PACKET_ARRIVAL         pkt=205  node=dst  hop=2
[  17.8070]  PACKET_DELIVER         pkt=205  flow=1  latency=1407.0ms
[  17.9020]  QUEUE_DEQUEUE          pkt=206  node=router  wait=1375.7ms  queue=14/20  state=DELTA_COMPRESSION
[  17.9020]  PACKET_TRANSMIT        pkt=206  link=router→dst  delay=5.0ms
[  17.9070]  PACKET_ARRIVAL         pkt=206  node=dst  hop=2
[  17.9070]  PACKET_DELIVER         pkt=206  flow=0  latency=1382.7ms
[  17.9428]  PACKET_GENERATE        pkt=221  flow=0  size=1471B  pri=1
[  17.9428]  QUEUE_ENQUEUE          pkt=221  node=src0  queue=1/1000 (0%)  state=NORMAL
[  17.9438]  QUEUE_DEQUEUE          pkt=221  node=src0  wait=1.0ms  queue=0/1000  state=NORMAL
[  17.9438]  PACKET_TRANSMIT        pkt=221  link=src0→router  delay=1.0ms
[  17.9448]  PACKET_ARRIVAL         pkt=221  node=router  hop=1
[  17.9448]  QUEUE_ENQUEUE          pkt=221  node=router  queue=15/20 (75%)  state=DELTA_COMPRESSION
[  18.0000]  PACKET_GENERATE        pkt=222  flow=1  size=100B  pri=0
[  18.0000]  QUEUE_ENQUEUE          pkt=222  node=src1  queue=1/1000 (0%)  state=NORMAL
[  18.0010]  QUEUE_DEQUEUE          pkt=222  node=src1  wait=1.0ms  queue=0/1000  state=NORMAL
[  18.0010]  PACKET_TRANSMIT        pkt=222  link=src1→router  delay=1.0ms
[  18.0020]  PACKET_ARRIVAL         pkt=222  node=router  hop=1
[  18.0020]  QUEUE_ENQUEUE          pkt=222  node=router  queue=16/20 (80%)  state=DELTA_COMPRESSION
[  18.0020]  QUEUE_DEQUEUE          pkt=207  node=router  wait=1410.5ms  queue=15/20  state=DELTA_COMPRESSION
[  18.0020]  PACKET_TRANSMIT        pkt=207  link=router→dst  delay=5.0ms
[  18.0070]  PACKET_ARRIVAL         pkt=207  node=dst  hop=2
[  18.0070]  PACKET_DELIVER         pkt=207  flow=0  latency=1417.5ms
[  18.0784]  PACKET_GENERATE        pkt=223  flow=0  size=1462B  pri=1
[  18.0784]  QUEUE_ENQUEUE          pkt=223  node=src0  queue=1/1000 (0%)  state=NORMAL
[  18.0794]  QUEUE_DEQUEUE          pkt=223  node=src0  wait=1.0ms  queue=0/1000  state=NORMAL
[  18.0794]  PACKET_TRANSMIT        pkt=223  link=src0→router  delay=1.0ms
[  18.0804]  PACKET_ARRIVAL         pkt=223  node=router  hop=1
[  18.0804]  QUEUE_ENQUEUE          pkt=223  node=router  queue=16/20 (80%)  state=DELTA_COMPRESSION
[  18.0994]  PACKET_GENERATE        pkt=224  flow=0  size=1437B  pri=1
[  18.0994]  QUEUE_ENQUEUE          pkt=224  node=src0  queue=1/1000 (0%)  state=NORMAL
[  18.1004]  QUEUE_DEQUEUE          pkt=224  node=src0  wait=1.0ms  queue=0/1000  state=NORMAL
[  18.1004]  PACKET_TRANSMIT        pkt=224  link=src0→router  delay=1.0ms
[  18.1014]  PACKET_ARRIVAL         pkt=224  node=router  hop=1
[  18.1014]  QUEUE_ENQUEUE          pkt=224  node=router  queue=17/20 (85%)  state=DELTA_COMPRESSION
[  18.1020]  QUEUE_DEQUEUE          pkt=208  node=router  wait=1500.0ms  queue=16/20  state=DELTA_COMPRESSION
[  18.1020]  PACKET_TRANSMIT        pkt=208  link=router→dst  delay=5.0ms
[  18.1070]  PACKET_ARRIVAL         pkt=208  node=dst  hop=2
[  18.1070]  PACKET_DELIVER         pkt=208  flow=1  latency=1507.0ms
[  18.1301]  PACKET_GENERATE        pkt=225  flow=0  size=1407B  pri=1
[  18.1301]  QUEUE_ENQUEUE          pkt=225  node=src0  queue=1/1000 (0%)  state=NORMAL
[  18.1311]  QUEUE_DEQUEUE          pkt=225  node=src0  wait=1.0ms  queue=0/1000  state=NORMAL
[  18.1311]  PACKET_TRANSMIT        pkt=225  link=src0→router  delay=1.0ms
[  18.1321]  PACKET_ARRIVAL         pkt=225  node=router  hop=1
[  18.1321]  QUEUE_ENQUEUE          pkt=225  node=router  queue=17/20 (85%)  state=DELTA_COMPRESSION
[  18.2000]  PACKET_GENERATE        pkt=226  flow=1  size=100B  pri=0
[  18.2000]  QUEUE_ENQUEUE          pkt=226  node=src1  queue=1/1000 (0%)  state=NORMAL
[  18.2010]  QUEUE_DEQUEUE          pkt=226  node=src1  wait=1.0ms  queue=0/1000  state=NORMAL
[  18.2010]  PACKET_TRANSMIT        pkt=226  link=src1→router  delay=1.0ms
[  18.2020]  PACKET_ARRIVAL         pkt=226  node=router  hop=1
[  18.2020]  QUEUE_ENQUEUE          pkt=226  node=router  queue=18/20 (90%)  state=DELTA_COMPRESSION
[  18.2020]  QUEUE_DEQUEUE          pkt=209  node=router  wait=1580.4ms  queue=17/20  state=DELTA_COMPRESSION
[  18.2020]  STATE_UPDATE           node=router  DELTA_COMPRESSION → INCREMENTAL_COMPRESSION
[  18.2020]  PACKET_TRANSMIT        pkt=209  link=router→dst  delay=5.0ms
[  18.2070]  PACKET_ARRIVAL         pkt=209  node=dst  hop=2
[  18.2070]  PACKET_DELIVER         pkt=209  flow=0  latency=1587.4ms
[  18.2383]  PACKET_GENERATE        pkt=227  flow=0  size=1469B  pri=1
[  18.2383]  QUEUE_ENQUEUE          pkt=227  node=src0  queue=1/1000 (0%)  state=NORMAL
[  18.2393]  QUEUE_DEQUEUE          pkt=227  node=src0  wait=1.0ms  queue=0/1000  state=NORMAL
[  18.2393]  PACKET_TRANSMIT        pkt=227  link=src0→router  delay=1.0ms
[  18.2403]  PACKET_ARRIVAL         pkt=227  node=router  hop=1
[  18.2403]  QUEUE_ENQUEUE          pkt=227  node=router  queue=18/20 (90%)  state=INCREMENTAL_COMPRESSION
[  18.2461]  PACKET_GENERATE        pkt=228  flow=0  size=1440B  pri=1
[  18.2461]  QUEUE_ENQUEUE          pkt=228  node=src0  queue=1/1000 (0%)  state=NORMAL
[  18.2471]  QUEUE_DEQUEUE          pkt=228  node=src0  wait=1.0ms  queue=0/1000  state=NORMAL
[  18.2471]  PACKET_TRANSMIT        pkt=228  link=src0→router  delay=1.0ms
[  18.2481]  PACKET_ARRIVAL         pkt=228  node=router  hop=1
[  18.2481]  QUEUE_ENQUEUE          pkt=228  node=router  queue=19/20 (95%)  state=INCREMENTAL_COMPRESSION
[  18.2535]  PACKET_GENERATE        pkt=229  flow=0  size=1474B  pri=1
[  18.2535]  QUEUE_ENQUEUE          pkt=229  node=src0  queue=1/1000 (0%)  state=NORMAL
[  18.2545]  QUEUE_DEQUEUE          pkt=229  node=src0  wait=1.0ms  queue=0/1000  state=NORMAL
[  18.2545]  PACKET_TRANSMIT        pkt=229  link=src0→router  delay=1.0ms
[  18.2555]  PACKET_ARRIVAL         pkt=229  node=router  hop=1
[  18.2555]  QUEUE_ENQUEUE          pkt=229  node=router  queue=20/20 (100%)  state=INCREMENTAL_COMPRESSION
[  18.3020]  QUEUE_DEQUEUE          pkt=210  node=router  wait=1500.0ms  queue=19/20  state=INCREMENTAL_COMPRESSION
[  18.3020]  STATE_UPDATE           node=router  INCREMENTAL_COMPRESSION → DROP_LOW_PRIORITY
[  18.3020]  PACKET_TRANSMIT        pkt=210  link=router→dst  delay=5.0ms
[  18.3070]  PACKET_ARRIVAL         pkt=210  node=dst  hop=2
[  18.3070]  PACKET_DELIVER         pkt=210  flow=1  latency=1507.0ms
[  18.3345]  PACKET_GENERATE        pkt=230  flow=0  size=1467B  pri=1
[  18.3345]  QUEUE_ENQUEUE          pkt=230  node=src0  queue=1/1000 (0%)  state=NORMAL
[  18.3355]  QUEUE_DEQUEUE          pkt=230  node=src0  wait=1.0ms  queue=0/1000  state=NORMAL
[  18.3355]  PACKET_TRANSMIT        pkt=230  link=src0→router  delay=1.0ms
[  18.3365]  PACKET_ARRIVAL         pkt=230  node=router  hop=1
[  18.3365]  QUEUE_DROP(congestion) pkt=230  node=router  pri=1  state=DROP_LOW_PRIORITY
[  18.3559]  PACKET_GENERATE        pkt=231  flow=0  size=1465B  pri=1
[  18.3559]  QUEUE_ENQUEUE          pkt=231  node=src0  queue=1/1000 (0%)  state=NORMAL
[  18.3569]  QUEUE_DEQUEUE          pkt=231  node=src0  wait=1.0ms  queue=0/1000  state=NORMAL
[  18.3569]  PACKET_TRANSMIT        pkt=231  link=src0→router  delay=1.0ms
[  18.3579]  PACKET_ARRIVAL         pkt=231  node=router  hop=1
[  18.3579]  QUEUE_DROP(congestion) pkt=231  node=router  pri=1  state=DROP_LOW_PRIORITY
[  18.3663]  PACKET_GENERATE        pkt=232  flow=0  size=1423B  pri=1
[  18.3663]  QUEUE_ENQUEUE          pkt=232  node=src0  queue=1/1000 (0%)  state=NORMAL
[  18.3673]  QUEUE_DEQUEUE          pkt=232  node=src0  wait=1.0ms  queue=0/1000  state=NORMAL
[  18.3673]  PACKET_TRANSMIT        pkt=232  link=src0→router  delay=1.0ms
[  18.3683]  PACKET_ARRIVAL         pkt=232  node=router  hop=1
[  18.3683]  QUEUE_DROP(congestion) pkt=232  node=router  pri=1  state=DROP_LOW_PRIORITY
[  18.3752]  PACKET_GENERATE        pkt=233  flow=0  size=1408B  pri=1
[  18.3752]  QUEUE_ENQUEUE          pkt=233  node=src0  queue=1/1000 (0%)  state=NORMAL
[  18.3762]  QUEUE_DEQUEUE          pkt=233  node=src0  wait=1.0ms  queue=0/1000  state=NORMAL
[  18.3762]  PACKET_TRANSMIT        pkt=233  link=src0→router  delay=1.0ms
[  18.3772]  PACKET_ARRIVAL         pkt=233  node=router  hop=1
[  18.3772]  QUEUE_DROP(congestion) pkt=233  node=router  pri=1  state=DROP_LOW_PRIORITY
[  18.4000]  PACKET_GENERATE        pkt=234  flow=1  size=100B  pri=0
[  18.4000]  QUEUE_ENQUEUE          pkt=234  node=src1  queue=1/1000 (0%)  state=NORMAL
[  18.4010]  QUEUE_DEQUEUE          pkt=234  node=src1  wait=1.0ms  queue=0/1000  state=NORMAL
[  18.4010]  PACKET_TRANSMIT        pkt=234  link=src1→router  delay=1.0ms
[  18.4020]  PACKET_ARRIVAL         pkt=234  node=router  hop=1
[  18.4020]  QUEUE_ENQUEUE          pkt=234  node=router  queue=20/20 (100%)  state=DROP_LOW_PRIORITY
[  18.4020]  QUEUE_DEQUEUE          pkt=211  node=router  wait=1489.5ms  queue=19/20  state=DROP_LOW_PRIORITY
[  18.4020]  PACKET_TRANSMIT        pkt=211  link=router→dst  delay=5.0ms
[  18.4070]  PACKET_ARRIVAL         pkt=211  node=dst  hop=2
[  18.4070]  PACKET_DELIVER         pkt=211  flow=0  latency=1496.5ms
[  18.5020]  QUEUE_DEQUEUE          pkt=212  node=router  wait=1530.0ms  queue=18/20  state=DROP_LOW_PRIORITY
[  18.5020]  STATE_UPDATE           node=router  DROP_LOW_PRIORITY → INCREMENTAL_COMPRESSION
[  18.5020]  PACKET_TRANSMIT        pkt=212  link=router→dst  delay=5.0ms
[  18.5070]  PACKET_ARRIVAL         pkt=212  node=dst  hop=2
[  18.5070]  PACKET_DELIVER         pkt=212  flow=0  latency=1537.0ms
[  18.5158]  PACKET_GENERATE        pkt=235  flow=0  size=1430B  pri=1
[  18.5158]  QUEUE_ENQUEUE          pkt=235  node=src0  queue=1/1000 (0%)  state=NORMAL
[  18.5168]  QUEUE_DEQUEUE          pkt=235  node=src0  wait=1.0ms  queue=0/1000  state=NORMAL
[  18.5168]  PACKET_TRANSMIT        pkt=235  link=src0→router  delay=1.0ms
[  18.5178]  PACKET_ARRIVAL         pkt=235  node=router  hop=1
[  18.5178]  QUEUE_ENQUEUE          pkt=235  node=router  queue=19/20 (95%)  state=INCREMENTAL_COMPRESSION
[  18.5804]  PACKET_GENERATE        pkt=236  flow=0  size=1472B  pri=1
[  18.5804]  QUEUE_ENQUEUE          pkt=236  node=src0  queue=1/1000 (0%)  state=NORMAL
[  18.5814]  QUEUE_DEQUEUE          pkt=236  node=src0  wait=1.0ms  queue=0/1000  state=NORMAL
[  18.5814]  PACKET_TRANSMIT        pkt=236  link=src0→router  delay=1.0ms
[  18.5824]  PACKET_ARRIVAL         pkt=236  node=router  hop=1
[  18.5824]  QUEUE_ENQUEUE          pkt=236  node=router  queue=20/20 (100%)  state=INCREMENTAL_COMPRESSION
[  18.6000]  PACKET_GENERATE        pkt=237  flow=1  size=100B  pri=0
[  18.6000]  QUEUE_ENQUEUE          pkt=237  node=src1  queue=1/1000 (0%)  state=NORMAL
[  18.6010]  QUEUE_DEQUEUE          pkt=237  node=src1  wait=1.0ms  queue=0/1000  state=NORMAL
[  18.6010]  PACKET_TRANSMIT        pkt=237  link=src1→router  delay=1.0ms
[  18.6020]  PACKET_ARRIVAL         pkt=237  node=router  hop=1
[  18.6020]  QUEUE_DROP(full)       pkt=237  node=router  pri=0  queue=20/20 FULL
[  18.6020]  QUEUE_DEQUEUE          pkt=213  node=router  wait=1600.0ms  queue=19/20  state=INCREMENTAL_COMPRESSION
[  18.6020]  STATE_UPDATE           node=router  INCREMENTAL_COMPRESSION → DROP_LOW_PRIORITY
[  18.6020]  PACKET_TRANSMIT        pkt=213  link=router→dst  delay=5.0ms
[  18.6070]  PACKET_ARRIVAL         pkt=213  node=dst  hop=2
[  18.6070]  PACKET_DELIVER         pkt=213  flow=1  latency=1607.0ms
[  18.6157]  PACKET_GENERATE        pkt=238  flow=0  size=1476B  pri=1
[  18.6157]  QUEUE_ENQUEUE          pkt=238  node=src0  queue=1/1000 (0%)  state=NORMAL
[  18.6167]  QUEUE_DEQUEUE          pkt=238  node=src0  wait=1.0ms  queue=0/1000  state=NORMAL
[  18.6167]  PACKET_TRANSMIT        pkt=238  link=src0→router  delay=1.0ms
[  18.6177]  PACKET_ARRIVAL         pkt=238  node=router  hop=1
[  18.6177]  QUEUE_DROP(congestion) pkt=238  node=router  pri=1  state=DROP_LOW_PRIORITY
[  18.6208]  PACKET_GENERATE        pkt=239  flow=0  size=1410B  pri=1
[  18.6208]  QUEUE_ENQUEUE          pkt=239  node=src0  queue=1/1000 (0%)  state=NORMAL
[  18.6218]  QUEUE_DEQUEUE          pkt=239  node=src0  wait=1.0ms  queue=0/1000  state=NORMAL
[  18.6218]  PACKET_TRANSMIT        pkt=239  link=src0→router  delay=1.0ms
[  18.6228]  PACKET_ARRIVAL         pkt=239  node=router  hop=1
[  18.6228]  QUEUE_DROP(congestion) pkt=239  node=router  pri=1  state=DROP_LOW_PRIORITY
[  18.6887]  PACKET_GENERATE        pkt=240  flow=0  size=1474B  pri=1
[  18.6887]  QUEUE_ENQUEUE          pkt=240  node=src0  queue=1/1000 (0%)  state=NORMAL
[  18.6897]  QUEUE_DEQUEUE          pkt=240  node=src0  wait=1.0ms  queue=0/1000  state=NORMAL
[  18.6897]  PACKET_TRANSMIT        pkt=240  link=src0→router  delay=1.0ms
[  18.6907]  PACKET_ARRIVAL         pkt=240  node=router  hop=1
[  18.6907]  QUEUE_DROP(congestion) pkt=240  node=router  pri=1  state=DROP_LOW_PRIORITY
[  18.7020]  QUEUE_DEQUEUE          pkt=214  node=router  wait=1691.5ms  queue=18/20  state=DROP_LOW_PRIORITY
[  18.7020]  STATE_UPDATE           node=router  DROP_LOW_PRIORITY → INCREMENTAL_COMPRESSION
[  18.7020]  PACKET_TRANSMIT        pkt=214  link=router→dst  delay=5.0ms
[  18.7070]  PACKET_ARRIVAL         pkt=214  node=dst  hop=2
[  18.7070]  PACKET_DELIVER         pkt=214  flow=0  latency=1698.5ms
[  18.7928]  PACKET_GENERATE        pkt=241  flow=0  size=1440B  pri=1
[  18.7928]  QUEUE_ENQUEUE          pkt=241  node=src0  queue=1/1000 (0%)  state=NORMAL
[  18.7938]  QUEUE_DEQUEUE          pkt=241  node=src0  wait=1.0ms  queue=0/1000  state=NORMAL
[  18.7938]  PACKET_TRANSMIT        pkt=241  link=src0→router  delay=1.0ms
[  18.7948]  PACKET_ARRIVAL         pkt=241  node=router  hop=1
[  18.7948]  QUEUE_ENQUEUE          pkt=241  node=router  queue=19/20 (95%)  state=INCREMENTAL_COMPRESSION
[  18.8000]  PACKET_GENERATE        pkt=242  flow=1  size=100B  pri=0
[  18.8000]  QUEUE_ENQUEUE          pkt=242  node=src1  queue=1/1000 (0%)  state=NORMAL
[  18.8010]  QUEUE_DEQUEUE          pkt=242  node=src1  wait=1.0ms  queue=0/1000  state=NORMAL
[  18.8010]  PACKET_TRANSMIT        pkt=242  link=src1→router  delay=1.0ms
[  18.8020]  PACKET_ARRIVAL         pkt=242  node=router  hop=1
[  18.8020]  QUEUE_ENQUEUE          pkt=242  node=router  queue=20/20 (100%)  state=INCREMENTAL_COMPRESSION
[  18.8020]  QUEUE_DEQUEUE          pkt=215  node=router  wait=1600.0ms  queue=19/20  state=INCREMENTAL_COMPRESSION
[  18.8020]  STATE_UPDATE           node=router  INCREMENTAL_COMPRESSION → DROP_LOW_PRIORITY
[  18.8020]  PACKET_TRANSMIT        pkt=215  link=router→dst  delay=5.0ms
[  18.8070]  PACKET_ARRIVAL         pkt=215  node=dst  hop=2
[  18.8070]  PACKET_DELIVER         pkt=215  flow=1  latency=1607.0ms
[  18.9020]  QUEUE_DEQUEUE          pkt=216  node=router  wait=1699.2ms  queue=18/20  state=DROP_LOW_PRIORITY
[  18.9020]  STATE_UPDATE           node=router  DROP_LOW_PRIORITY → INCREMENTAL_COMPRESSION
[  18.9020]  PACKET_TRANSMIT        pkt=216  link=router→dst  delay=5.0ms
[  18.9070]  PACKET_ARRIVAL         pkt=216  node=dst  hop=2
[  18.9070]  PACKET_DELIVER         pkt=216  flow=0  latency=1706.2ms
[  19.0000]  PACKET_GENERATE        pkt=243  flow=1  size=100B  pri=0
[  19.0000]  QUEUE_ENQUEUE          pkt=243  node=src1  queue=1/1000 (0%)  state=NORMAL
[  19.0010]  QUEUE_DEQUEUE          pkt=243  node=src1  wait=1.0ms  queue=0/1000  state=NORMAL
[  19.0010]  PACKET_TRANSMIT        pkt=243  link=src1→router  delay=1.0ms
[  19.0020]  PACKET_ARRIVAL         pkt=243  node=router  hop=1
[  19.0020]  QUEUE_ENQUEUE          pkt=243  node=router  queue=19/20 (95%)  state=INCREMENTAL_COMPRESSION
[  19.0020]  QUEUE_DEQUEUE          pkt=217  node=router  wait=1730.5ms  queue=18/20  state=INCREMENTAL_COMPRESSION
[  19.0020]  PACKET_TRANSMIT        pkt=217  link=router→dst  delay=5.0ms
[  19.0070]  PACKET_ARRIVAL         pkt=217  node=dst  hop=2
[  19.0070]  PACKET_DELIVER         pkt=217  flow=0  latency=1737.5ms
[  19.1020]  QUEUE_DEQUEUE          pkt=218  node=router  wait=1700.0ms  queue=17/20  state=INCREMENTAL_COMPRESSION
[  19.1020]  PACKET_TRANSMIT        pkt=218  link=router→dst  delay=5.0ms
[  19.1070]  PACKET_ARRIVAL         pkt=218  node=dst  hop=2
[  19.1070]  PACKET_DELIVER         pkt=218  flow=1  latency=1707.0ms
[  19.1339]  PACKET_GENERATE        pkt=244  flow=0  size=1426B  pri=1
[  19.1339]  QUEUE_ENQUEUE          pkt=244  node=src0  queue=1/1000 (0%)  state=NORMAL
[  19.1349]  QUEUE_DEQUEUE          pkt=244  node=src0  wait=1.0ms  queue=0/1000  state=NORMAL
[  19.1349]  PACKET_TRANSMIT        pkt=244  link=src0→router  delay=1.0ms
[  19.1359]  PACKET_ARRIVAL         pkt=244  node=router  hop=1
[  19.1359]  QUEUE_ENQUEUE          pkt=244  node=router  queue=18/20 (90%)  state=INCREMENTAL_COMPRESSION
[  19.2000]  PACKET_GENERATE        pkt=245  flow=1  size=100B  pri=0
[  19.2000]  QUEUE_ENQUEUE          pkt=245  node=src1  queue=1/1000 (0%)  state=NORMAL
[  19.2010]  QUEUE_DEQUEUE          pkt=245  node=src1  wait=1.0ms  queue=0/1000  state=NORMAL
[  19.2010]  PACKET_TRANSMIT        pkt=245  link=src1→router  delay=1.0ms
[  19.2020]  PACKET_ARRIVAL         pkt=245  node=router  hop=1
[  19.2020]  QUEUE_ENQUEUE          pkt=245  node=router  queue=19/20 (95%)  state=INCREMENTAL_COMPRESSION
[  19.2020]  QUEUE_DEQUEUE          pkt=219  node=router  wait=1600.0ms  queue=18/20  state=INCREMENTAL_COMPRESSION
[  19.2020]  PACKET_TRANSMIT        pkt=219  link=router→dst  delay=5.0ms
[  19.2070]  PACKET_ARRIVAL         pkt=219  node=dst  hop=2
[  19.2070]  PACKET_DELIVER         pkt=219  flow=1  latency=1607.0ms
[  19.2724]  PACKET_GENERATE        pkt=246  flow=0  size=1440B  pri=1
[  19.2724]  QUEUE_ENQUEUE          pkt=246  node=src0  queue=1/1000 (0%)  state=NORMAL
[  19.2734]  QUEUE_DEQUEUE          pkt=246  node=src0  wait=1.0ms  queue=0/1000  state=NORMAL
[  19.2734]  PACKET_TRANSMIT        pkt=246  link=src0→router  delay=1.0ms
[  19.2744]  PACKET_ARRIVAL         pkt=246  node=router  hop=1
[  19.2744]  QUEUE_ENQUEUE          pkt=246  node=router  queue=19/20 (95%)  state=INCREMENTAL_COMPRESSION
[  19.3020]  QUEUE_DEQUEUE          pkt=220  node=router  wait=1500.0ms  queue=18/20  state=INCREMENTAL_COMPRESSION
[  19.3020]  PACKET_TRANSMIT        pkt=220  link=router→dst  delay=5.0ms
[  19.3065]  PACKET_GENERATE        pkt=247  flow=0  size=1450B  pri=1
[  19.3065]  QUEUE_ENQUEUE          pkt=247  node=src0  queue=1/1000 (0%)  state=NORMAL
[  19.3070]  PACKET_ARRIVAL         pkt=220  node=dst  hop=2
[  19.3070]  PACKET_DELIVER         pkt=220  flow=1  latency=1507.0ms
[  19.3075]  QUEUE_DEQUEUE          pkt=247  node=src0  wait=1.0ms  queue=0/1000  state=NORMAL
[  19.3075]  PACKET_TRANSMIT        pkt=247  link=src0→router  delay=1.0ms
[  19.3085]  PACKET_ARRIVAL         pkt=247  node=router  hop=1
[  19.3085]  QUEUE_ENQUEUE          pkt=247  node=router  queue=19/20 (95%)  state=INCREMENTAL_COMPRESSION
[  19.3241]  PACKET_GENERATE        pkt=248  flow=0  size=1482B  pri=1
[  19.3241]  QUEUE_ENQUEUE          pkt=248  node=src0  queue=1/1000 (0%)  state=NORMAL
[  19.3251]  QUEUE_DEQUEUE          pkt=248  node=src0  wait=1.0ms  queue=0/1000  state=NORMAL
[  19.3251]  PACKET_TRANSMIT        pkt=248  link=src0→router  delay=1.0ms
[  19.3261]  PACKET_ARRIVAL         pkt=248  node=router  hop=1
[  19.3261]  QUEUE_ENQUEUE          pkt=248  node=router  queue=20/20 (100%)  state=INCREMENTAL_COMPRESSION
[  19.3686]  PACKET_GENERATE        pkt=249  flow=0  size=1440B  pri=1
[  19.3686]  QUEUE_ENQUEUE          pkt=249  node=src0  queue=1/1000 (0%)  state=NORMAL
[  19.3696]  QUEUE_DEQUEUE          pkt=249  node=src0  wait=1.0ms  queue=0/1000  state=NORMAL
[  19.3696]  PACKET_TRANSMIT        pkt=249  link=src0→router  delay=1.0ms
[  19.3706]  PACKET_ARRIVAL         pkt=249  node=router  hop=1
[  19.3706]  QUEUE_DROP(full)       pkt=249  node=router  pri=1  queue=20/20 FULL
[  19.4000]  PACKET_GENERATE        pkt=250  flow=1  size=100B  pri=0
[  19.4000]  QUEUE_ENQUEUE          pkt=250  node=src1  queue=1/1000 (0%)  state=NORMAL
[  19.4010]  QUEUE_DEQUEUE          pkt=250  node=src1  wait=1.0ms  queue=0/1000  state=NORMAL
[  19.4010]  PACKET_TRANSMIT        pkt=250  link=src1→router  delay=1.0ms
[  19.4020]  PACKET_ARRIVAL         pkt=250  node=router  hop=1
[  19.4020]  QUEUE_DROP(full)       pkt=250  node=router  pri=0  queue=20/20 FULL
[  19.4020]  QUEUE_DEQUEUE          pkt=221  node=router  wait=1457.2ms  queue=19/20  state=INCREMENTAL_COMPRESSION
[  19.4020]  STATE_UPDATE           node=router  INCREMENTAL_COMPRESSION → DROP_LOW_PRIORITY
[  19.4020]  PACKET_TRANSMIT        pkt=221  link=router→dst  delay=5.0ms
[  19.4070]  PACKET_ARRIVAL         pkt=221  node=dst  hop=2
[  19.4070]  PACKET_DELIVER         pkt=221  flow=0  latency=1464.2ms
[  19.5020]  QUEUE_DEQUEUE          pkt=222  node=router  wait=1500.0ms  queue=18/20  state=DROP_LOW_PRIORITY
[  19.5020]  STATE_UPDATE           node=router  DROP_LOW_PRIORITY → INCREMENTAL_COMPRESSION
[  19.5020]  PACKET_TRANSMIT        pkt=222  link=router→dst  delay=5.0ms
[  19.5070]  PACKET_ARRIVAL         pkt=222  node=dst  hop=2
[  19.5070]  PACKET_DELIVER         pkt=222  flow=1  latency=1507.0ms
[  19.6000]  PACKET_GENERATE        pkt=251  flow=1  size=100B  pri=0
[  19.6000]  QUEUE_ENQUEUE          pkt=251  node=src1  queue=1/1000 (0%)  state=NORMAL
[  19.6010]  QUEUE_DEQUEUE          pkt=251  node=src1  wait=1.0ms  queue=0/1000  state=NORMAL
[  19.6010]  PACKET_TRANSMIT        pkt=251  link=src1→router  delay=1.0ms
[  19.6020]  PACKET_ARRIVAL         pkt=251  node=router  hop=1
[  19.6020]  QUEUE_ENQUEUE          pkt=251  node=router  queue=19/20 (95%)  state=INCREMENTAL_COMPRESSION
[  19.6020]  QUEUE_DEQUEUE          pkt=223  node=router  wait=1521.6ms  queue=18/20  state=INCREMENTAL_COMPRESSION
[  19.6020]  PACKET_TRANSMIT        pkt=223  link=router→dst  delay=5.0ms
[  19.6070]  PACKET_ARRIVAL         pkt=223  node=dst  hop=2
[  19.6070]  PACKET_DELIVER         pkt=223  flow=0  latency=1528.6ms
[  19.6993]  PACKET_GENERATE        pkt=252  flow=0  size=1409B  pri=1
[  19.6993]  QUEUE_ENQUEUE          pkt=252  node=src0  queue=1/1000 (0%)  state=NORMAL
[  19.7003]  QUEUE_DEQUEUE          pkt=252  node=src0  wait=1.0ms  queue=0/1000  state=NORMAL
[  19.7003]  PACKET_TRANSMIT        pkt=252  link=src0→router  delay=1.0ms
[  19.7005]  PACKET_GENERATE        pkt=253  flow=0  size=1479B  pri=1
[  19.7005]  QUEUE_ENQUEUE          pkt=253  node=src0  queue=1/1000 (0%)  state=NORMAL
[  19.7013]  PACKET_ARRIVAL         pkt=252  node=router  hop=1
[  19.7013]  QUEUE_ENQUEUE          pkt=252  node=router  queue=19/20 (95%)  state=INCREMENTAL_COMPRESSION
[  19.7015]  QUEUE_DEQUEUE          pkt=253  node=src0  wait=1.0ms  queue=0/1000  state=NORMAL
[  19.7015]  PACKET_TRANSMIT        pkt=253  link=src0→router  delay=1.0ms
[  19.7020]  QUEUE_DEQUEUE          pkt=224  node=router  wait=1600.6ms  queue=18/20  state=INCREMENTAL_COMPRESSION
[  19.7020]  PACKET_TRANSMIT        pkt=224  link=router→dst  delay=5.0ms
[  19.7025]  PACKET_ARRIVAL         pkt=253  node=router  hop=1
[  19.7025]  QUEUE_ENQUEUE          pkt=253  node=router  queue=19/20 (95%)  state=INCREMENTAL_COMPRESSION
[  19.7070]  PACKET_ARRIVAL         pkt=224  node=dst  hop=2
[  19.7070]  PACKET_DELIVER         pkt=224  flow=0  latency=1607.6ms
[  19.8000]  PACKET_GENERATE        pkt=254  flow=1  size=100B  pri=0
[  19.8000]  QUEUE_ENQUEUE          pkt=254  node=src1  queue=1/1000 (0%)  state=NORMAL
[  19.8010]  QUEUE_DEQUEUE          pkt=254  node=src1  wait=1.0ms  queue=0/1000  state=NORMAL
[  19.8010]  PACKET_TRANSMIT        pkt=254  link=src1→router  delay=1.0ms
[  19.8020]  PACKET_ARRIVAL         pkt=254  node=router  hop=1
[  19.8020]  QUEUE_ENQUEUE          pkt=254  node=router  queue=20/20 (100%)  state=INCREMENTAL_COMPRESSION
[  19.8020]  QUEUE_DEQUEUE          pkt=225  node=router  wait=1669.9ms  queue=19/20  state=INCREMENTAL_COMPRESSION
[  19.8020]  STATE_UPDATE           node=router  INCREMENTAL_COMPRESSION → DROP_LOW_PRIORITY
[  19.8020]  PACKET_TRANSMIT        pkt=225  link=router→dst  delay=5.0ms
[  19.8070]  PACKET_ARRIVAL         pkt=225  node=dst  hop=2
[  19.8070]  PACKET_DELIVER         pkt=225  flow=0  latency=1676.9ms
[  19.9020]  QUEUE_DEQUEUE          pkt=226  node=router  wait=1700.0ms  queue=18/20  state=DROP_LOW_PRIORITY
[  19.9020]  STATE_UPDATE           node=router  DROP_LOW_PRIORITY → INCREMENTAL_COMPRESSION
[  19.9020]  PACKET_TRANSMIT        pkt=226  link=router→dst  delay=5.0ms
[  19.9070]  PACKET_ARRIVAL         pkt=226  node=dst  hop=2
[  19.9070]  PACKET_DELIVER         pkt=226  flow=1  latency=1707.0ms
[  20.0000]  PACKET_GENERATE        pkt=255  flow=1  size=100B  pri=0
[  20.0000]  QUEUE_ENQUEUE          pkt=255  node=src1  queue=1/1000 (0%)  state=NORMAL
[  20.0000]  METRIC_SAMPLE          tput=10.00 pkt/s  PDR=0.777  lat=1642.03ms  q_occ=0.225  drops=  38  state=INCREMENTAL_COMPRESSION
[  20.0010]  QUEUE_DEQUEUE          pkt=255  node=src1  wait=1.0ms  queue=0/1000  state=NORMAL
[  20.0010]  PACKET_TRANSMIT        pkt=255  link=src1→router  delay=1.0ms
[  20.0020]  PACKET_ARRIVAL         pkt=255  node=router  hop=1
[  20.0020]  QUEUE_ENQUEUE          pkt=255  node=router  queue=19/20 (95%)  state=INCREMENTAL_COMPRESSION
[  20.0020]  QUEUE_DEQUEUE          pkt=227  node=router  wait=1761.7ms  queue=18/20  state=INCREMENTAL_COMPRESSION
[  20.0020]  PACKET_TRANSMIT        pkt=227  link=router→dst  delay=5.0ms
[  20.0070]  PACKET_ARRIVAL         pkt=227  node=dst  hop=2
[  20.0070]  PACKET_DELIVER         pkt=227  flow=0  latency=1768.7ms
[  20.1020]  QUEUE_DEQUEUE          pkt=228  node=router  wait=1853.9ms  queue=17/20  state=INCREMENTAL_COMPRESSION
[  20.1020]  PACKET_TRANSMIT        pkt=228  link=router→dst  delay=5.0ms
[  20.1070]  PACKET_ARRIVAL         pkt=228  node=dst  hop=2
[  20.1070]  PACKET_DELIVER         pkt=228  flow=0  latency=1860.9ms
[  20.2000]  PACKET_GENERATE        pkt=256  flow=1  size=100B  pri=0
[  20.2000]  QUEUE_ENQUEUE          pkt=256  node=src1  queue=1/1000 (0%)  state=NORMAL
[  20.2010]  QUEUE_DEQUEUE          pkt=256  node=src1  wait=1.0ms  queue=0/1000  state=NORMAL
[  20.2010]  PACKET_TRANSMIT        pkt=256  link=src1→router  delay=1.0ms
[  20.2020]  PACKET_ARRIVAL         pkt=256  node=router  hop=1
[  20.2020]  QUEUE_ENQUEUE          pkt=256  node=router  queue=18/20 (90%)  state=INCREMENTAL_COMPRESSION
[  20.2020]  QUEUE_DEQUEUE          pkt=229  node=router  wait=1946.5ms  queue=17/20  state=INCREMENTAL_COMPRESSION
[  20.2020]  PACKET_TRANSMIT        pkt=229  link=router→dst  delay=5.0ms
[  20.2070]  PACKET_ARRIVAL         pkt=229  node=dst  hop=2
[  20.2070]  PACKET_DELIVER         pkt=229  flow=0  latency=1953.5ms
[  20.3020]  QUEUE_DEQUEUE          pkt=234  node=router  wait=1900.0ms  queue=16/20  state=INCREMENTAL_COMPRESSION
[  20.3020]  STATE_UPDATE           node=router  INCREMENTAL_COMPRESSION → DELTA_COMPRESSION
[  20.3020]  PACKET_TRANSMIT        pkt=234  link=router→dst  delay=5.0ms
[  20.3070]  PACKET_ARRIVAL         pkt=234  node=dst  hop=2
[  20.3070]  PACKET_DELIVER         pkt=234  flow=1  latency=1907.0ms
[  20.4000]  PACKET_GENERATE        pkt=257  flow=1  size=100B  pri=0
[  20.4000]  QUEUE_ENQUEUE          pkt=257  node=src1  queue=1/1000 (0%)  state=NORMAL
[  20.4010]  QUEUE_DEQUEUE          pkt=257  node=src1  wait=1.0ms  queue=0/1000  state=NORMAL
[  20.4010]  PACKET_TRANSMIT        pkt=257  link=src1→router  delay=1.0ms
[  20.4020]  PACKET_ARRIVAL         pkt=257  node=router  hop=1
[  20.4020]  QUEUE_ENQUEUE          pkt=257  node=router  queue=17/20 (85%)  state=DELTA_COMPRESSION
[  20.4020]  QUEUE_DEQUEUE          pkt=235  node=router  wait=1884.2ms  queue=16/20  state=DELTA_COMPRESSION
[  20.4020]  PACKET_TRANSMIT        pkt=235  link=router→dst  delay=5.0ms
[  20.4070]  PACKET_ARRIVAL         pkt=235  node=dst  hop=2
[  20.4070]  PACKET_DELIVER         pkt=235  flow=0  latency=1891.2ms
[  20.5020]  QUEUE_DEQUEUE          pkt=236  node=router  wait=1919.6ms  queue=15/20  state=DELTA_COMPRESSION
[  20.5020]  PACKET_TRANSMIT        pkt=236  link=router→dst  delay=5.0ms
[  20.5070]  PACKET_ARRIVAL         pkt=236  node=dst  hop=2
[  20.5070]  PACKET_DELIVER         pkt=236  flow=0  latency=1926.6ms
[  20.5095]  PACKET_GENERATE        pkt=258  flow=0  size=1412B  pri=1
[  20.5095]  QUEUE_ENQUEUE          pkt=258  node=src0  queue=1/1000 (0%)  state=NORMAL
[  20.5105]  QUEUE_DEQUEUE          pkt=258  node=src0  wait=1.0ms  queue=0/1000  state=NORMAL
[  20.5105]  PACKET_TRANSMIT        pkt=258  link=src0→router  delay=1.0ms
[  20.5115]  PACKET_ARRIVAL         pkt=258  node=router  hop=1
[  20.5115]  QUEUE_ENQUEUE          pkt=258  node=router  queue=16/20 (80%)  state=DELTA_COMPRESSION
[  20.5190]  PACKET_GENERATE        pkt=259  flow=0  size=1427B  pri=1
[  20.5190]  QUEUE_ENQUEUE          pkt=259  node=src0  queue=1/1000 (0%)  state=NORMAL
[  20.5200]  QUEUE_DEQUEUE          pkt=259  node=src0  wait=1.0ms  queue=0/1000  state=NORMAL
[  20.5200]  PACKET_TRANSMIT        pkt=259  link=src0→router  delay=1.0ms
[  20.5210]  PACKET_ARRIVAL         pkt=259  node=router  hop=1
[  20.5210]  QUEUE_ENQUEUE          pkt=259  node=router  queue=17/20 (85%)  state=DELTA_COMPRESSION
[  20.6000]  PACKET_GENERATE        pkt=260  flow=1  size=100B  pri=0
[  20.6000]  QUEUE_ENQUEUE          pkt=260  node=src1  queue=1/1000 (0%)  state=NORMAL
[  20.6010]  QUEUE_DEQUEUE          pkt=260  node=src1  wait=1.0ms  queue=0/1000  state=NORMAL
[  20.6010]  PACKET_TRANSMIT        pkt=260  link=src1→router  delay=1.0ms
[  20.6020]  PACKET_ARRIVAL         pkt=260  node=router  hop=1
[  20.6020]  QUEUE_ENQUEUE          pkt=260  node=router  queue=18/20 (90%)  state=DELTA_COMPRESSION
[  20.6020]  QUEUE_DEQUEUE          pkt=241  node=router  wait=1807.2ms  queue=17/20  state=DELTA_COMPRESSION
[  20.6020]  STATE_UPDATE           node=router  DELTA_COMPRESSION → INCREMENTAL_COMPRESSION
[  20.6020]  PACKET_TRANSMIT        pkt=241  link=router→dst  delay=5.0ms
[  20.6070]  PACKET_ARRIVAL         pkt=241  node=dst  hop=2
[  20.6070]  PACKET_DELIVER         pkt=241  flow=0  latency=1814.2ms
[  20.6072]  PACKET_GENERATE        pkt=261  flow=0  size=1416B  pri=1
[  20.6072]  QUEUE_ENQUEUE          pkt=261  node=src0  queue=1/1000 (0%)  state=NORMAL
[  20.6082]  QUEUE_DEQUEUE          pkt=261  node=src0  wait=1.0ms  queue=0/1000  state=NORMAL
[  20.6082]  PACKET_TRANSMIT        pkt=261  link=src0→router  delay=1.0ms
[  20.6092]  PACKET_ARRIVAL         pkt=261  node=router  hop=1
[  20.6092]  QUEUE_ENQUEUE          pkt=261  node=router  queue=18/20 (90%)  state=INCREMENTAL_COMPRESSION
[  20.7020]  QUEUE_DEQUEUE          pkt=242  node=router  wait=1900.0ms  queue=17/20  state=INCREMENTAL_COMPRESSION
[  20.7020]  PACKET_TRANSMIT        pkt=242  link=router→dst  delay=5.0ms
[  20.7070]  PACKET_ARRIVAL         pkt=242  node=dst  hop=2
[  20.7070]  PACKET_DELIVER         pkt=242  flow=1  latency=1907.0ms
[  20.8000]  PACKET_GENERATE        pkt=262  flow=1  size=100B  pri=0
[  20.8000]  QUEUE_ENQUEUE          pkt=262  node=src1  queue=1/1000 (0%)  state=NORMAL
[  20.8010]  QUEUE_DEQUEUE          pkt=262  node=src1  wait=1.0ms  queue=0/1000  state=NORMAL
[  20.8010]  PACKET_TRANSMIT        pkt=262  link=src1→router  delay=1.0ms
[  20.8020]  PACKET_ARRIVAL         pkt=262  node=router  hop=1
[  20.8020]  QUEUE_ENQUEUE          pkt=262  node=router  queue=18/20 (90%)  state=INCREMENTAL_COMPRESSION
[  20.8020]  QUEUE_DEQUEUE          pkt=243  node=router  wait=1800.0ms  queue=17/20  state=INCREMENTAL_COMPRESSION
[  20.8020]  PACKET_TRANSMIT        pkt=243  link=router→dst  delay=5.0ms
[  20.8070]  PACKET_ARRIVAL         pkt=243  node=dst  hop=2
[  20.8070]  PACKET_DELIVER         pkt=243  flow=1  latency=1807.0ms
[  20.9020]  QUEUE_DEQUEUE          pkt=244  node=router  wait=1766.1ms  queue=16/20  state=INCREMENTAL_COMPRESSION
[  20.9020]  STATE_UPDATE           node=router  INCREMENTAL_COMPRESSION → DELTA_COMPRESSION
[  20.9020]  PACKET_TRANSMIT        pkt=244  link=router→dst  delay=5.0ms
[  20.9070]  PACKET_ARRIVAL         pkt=244  node=dst  hop=2
[  20.9070]  PACKET_DELIVER         pkt=244  flow=0  latency=1773.1ms
[  20.9455]  PACKET_GENERATE        pkt=263  flow=0  size=1408B  pri=1
[  20.9455]  QUEUE_ENQUEUE          pkt=263  node=src0  queue=1/1000 (0%)  state=NORMAL
[  20.9465]  QUEUE_DEQUEUE          pkt=263  node=src0  wait=1.0ms  queue=0/1000  state=NORMAL
[  20.9465]  PACKET_TRANSMIT        pkt=263  link=src0→router  delay=1.0ms
[  20.9475]  PACKET_ARRIVAL         pkt=263  node=router  hop=1
[  20.9475]  QUEUE_ENQUEUE          pkt=263  node=router  queue=17/20 (85%)  state=DELTA_COMPRESSION
[  21.0000]  PACKET_GENERATE        pkt=264  flow=1  size=100B  pri=0
[  21.0000]  QUEUE_ENQUEUE          pkt=264  node=src1  queue=1/1000 (0%)  state=NORMAL
[  21.0010]  QUEUE_DEQUEUE          pkt=264  node=src1  wait=1.0ms  queue=0/1000  state=NORMAL
[  21.0010]  PACKET_TRANSMIT        pkt=264  link=src1→router  delay=1.0ms
[  21.0020]  PACKET_ARRIVAL         pkt=264  node=router  hop=1
[  21.0020]  QUEUE_ENQUEUE          pkt=264  node=router  queue=18/20 (90%)  state=DELTA_COMPRESSION
[  21.0020]  QUEUE_DEQUEUE          pkt=245  node=router  wait=1800.0ms  queue=17/20  state=DELTA_COMPRESSION
[  21.0020]  STATE_UPDATE           node=router  DELTA_COMPRESSION → INCREMENTAL_COMPRESSION
[  21.0020]  PACKET_TRANSMIT        pkt=245  link=router→dst  delay=5.0ms
[  21.0070]  PACKET_ARRIVAL         pkt=245  node=dst  hop=2
[  21.0070]  PACKET_DELIVER         pkt=245  flow=1  latency=1807.0ms
[  21.1020]  QUEUE_DEQUEUE          pkt=246  node=router  wait=1827.6ms  queue=16/20  state=INCREMENTAL_COMPRESSION
[  21.1020]  STATE_UPDATE           node=router  INCREMENTAL_COMPRESSION → DELTA_COMPRESSION
[  21.1020]  PACKET_TRANSMIT        pkt=246  link=router→dst  delay=5.0ms
[  21.1070]  PACKET_ARRIVAL         pkt=246  node=dst  hop=2
[  21.1070]  PACKET_DELIVER         pkt=246  flow=0  latency=1834.6ms
[  21.2000]  PACKET_GENERATE        pkt=265  flow=1  size=100B  pri=0
[  21.2000]  QUEUE_ENQUEUE          pkt=265  node=src1  queue=1/1000 (0%)  state=NORMAL
[  21.2010]  QUEUE_DEQUEUE          pkt=265  node=src1  wait=1.0ms  queue=0/1000  state=NORMAL
[  21.2010]  PACKET_TRANSMIT        pkt=265  link=src1→router  delay=1.0ms
[  21.2020]  PACKET_ARRIVAL         pkt=265  node=router  hop=1
[  21.2020]  QUEUE_ENQUEUE          pkt=265  node=router  queue=17/20 (85%)  state=DELTA_COMPRESSION
[  21.2020]  QUEUE_DEQUEUE          pkt=247  node=router  wait=1893.5ms  queue=16/20  state=DELTA_COMPRESSION
[  21.2020]  PACKET_TRANSMIT        pkt=247  link=router→dst  delay=5.0ms
[  21.2070]  PACKET_ARRIVAL         pkt=247  node=dst  hop=2
[  21.2070]  PACKET_DELIVER         pkt=247  flow=0  latency=1900.5ms
[  21.2098]  PACKET_GENERATE        pkt=266  flow=0  size=1447B  pri=1
[  21.2098]  QUEUE_ENQUEUE          pkt=266  node=src0  queue=1/1000 (0%)  state=NORMAL
[  21.2108]  QUEUE_DEQUEUE          pkt=266  node=src0  wait=1.0ms  queue=0/1000  state=NORMAL
[  21.2108]  PACKET_TRANSMIT        pkt=266  link=src0→router  delay=1.0ms
[  21.2118]  PACKET_ARRIVAL         pkt=266  node=router  hop=1
[  21.2118]  QUEUE_ENQUEUE          pkt=266  node=router  queue=17/20 (85%)  state=DELTA_COMPRESSION
[  21.2517]  PACKET_GENERATE        pkt=267  flow=0  size=1456B  pri=1
[  21.2517]  QUEUE_ENQUEUE          pkt=267  node=src0  queue=1/1000 (0%)  state=NORMAL
[  21.2527]  QUEUE_DEQUEUE          pkt=267  node=src0  wait=1.0ms  queue=0/1000  state=NORMAL
[  21.2527]  PACKET_TRANSMIT        pkt=267  link=src0→router  delay=1.0ms
[  21.2537]  PACKET_ARRIVAL         pkt=267  node=router  hop=1
[  21.2537]  QUEUE_ENQUEUE          pkt=267  node=router  queue=18/20 (90%)  state=DELTA_COMPRESSION
[  21.3020]  QUEUE_DEQUEUE          pkt=248  node=router  wait=1975.9ms  queue=17/20  state=DELTA_COMPRESSION
[  21.3020]  STATE_UPDATE           node=router  DELTA_COMPRESSION → INCREMENTAL_COMPRESSION
[  21.3020]  PACKET_TRANSMIT        pkt=248  link=router→dst  delay=5.0ms
[  21.3070]  PACKET_ARRIVAL         pkt=248  node=dst  hop=2
[  21.3070]  PACKET_DELIVER         pkt=248  flow=0  latency=1982.9ms
[  21.4000]  PACKET_GENERATE        pkt=268  flow=1  size=100B  pri=0
[  21.4000]  QUEUE_ENQUEUE          pkt=268  node=src1  queue=1/1000 (0%)  state=NORMAL
[  21.4010]  QUEUE_DEQUEUE          pkt=268  node=src1  wait=1.0ms  queue=0/1000  state=NORMAL
[  21.4010]  PACKET_TRANSMIT        pkt=268  link=src1→router  delay=1.0ms
[  21.4020]  PACKET_ARRIVAL         pkt=268  node=router  hop=1
[  21.4020]  QUEUE_ENQUEUE          pkt=268  node=router  queue=18/20 (90%)  state=INCREMENTAL_COMPRESSION
[  21.4020]  QUEUE_DEQUEUE          pkt=251  node=router  wait=1800.0ms  queue=17/20  state=INCREMENTAL_COMPRESSION
[  21.4020]  PACKET_TRANSMIT        pkt=251  link=router→dst  delay=5.0ms
[  21.4070]  PACKET_ARRIVAL         pkt=251  node=dst  hop=2
[  21.4070]  PACKET_DELIVER         pkt=251  flow=1  latency=1807.0ms
[  21.4760]  PACKET_GENERATE        pkt=269  flow=0  size=1490B  pri=1
[  21.4760]  QUEUE_ENQUEUE          pkt=269  node=src0  queue=1/1000 (0%)  state=NORMAL
[  21.4770]  QUEUE_DEQUEUE          pkt=269  node=src0  wait=1.0ms  queue=0/1000  state=NORMAL
[  21.4770]  PACKET_TRANSMIT        pkt=269  link=src0→router  delay=1.0ms
[  21.4780]  PACKET_ARRIVAL         pkt=269  node=router  hop=1
[  21.4780]  QUEUE_ENQUEUE          pkt=269  node=router  queue=18/20 (90%)  state=INCREMENTAL_COMPRESSION
[  21.5020]  QUEUE_DEQUEUE          pkt=252  node=router  wait=1800.7ms  queue=17/20  state=INCREMENTAL_COMPRESSION
[  21.5020]  PACKET_TRANSMIT        pkt=252  link=router→dst  delay=5.0ms
[  21.5070]  PACKET_ARRIVAL         pkt=252  node=dst  hop=2
[  21.5070]  PACKET_DELIVER         pkt=252  flow=0  latency=1807.7ms
[  21.5210]  PACKET_GENERATE        pkt=270  flow=0  size=1483B  pri=1
[  21.5210]  QUEUE_ENQUEUE          pkt=270  node=src0  queue=1/1000 (0%)  state=NORMAL
[  21.5220]  QUEUE_DEQUEUE          pkt=270  node=src0  wait=1.0ms  queue=0/1000  state=NORMAL
[  21.5220]  PACKET_TRANSMIT        pkt=270  link=src0→router  delay=1.0ms
[  21.5230]  PACKET_ARRIVAL         pkt=270  node=router  hop=1
[  21.5230]  QUEUE_ENQUEUE          pkt=270  node=router  queue=18/20 (90%)  state=INCREMENTAL_COMPRESSION
[  21.6000]  PACKET_GENERATE        pkt=271  flow=1  size=100B  pri=0
[  21.6000]  QUEUE_ENQUEUE          pkt=271  node=src1  queue=1/1000 (0%)  state=NORMAL
[  21.6010]  QUEUE_DEQUEUE          pkt=271  node=src1  wait=1.0ms  queue=0/1000  state=NORMAL
[  21.6010]  PACKET_TRANSMIT        pkt=271  link=src1→router  delay=1.0ms
[  21.6020]  PACKET_ARRIVAL         pkt=271  node=router  hop=1
[  21.6020]  QUEUE_ENQUEUE          pkt=271  node=router  queue=19/20 (95%)  state=INCREMENTAL_COMPRESSION
[  21.6020]  QUEUE_DEQUEUE          pkt=253  node=router  wait=1899.5ms  queue=18/20  state=INCREMENTAL_COMPRESSION
[  21.6020]  PACKET_TRANSMIT        pkt=253  link=router→dst  delay=5.0ms
[  21.6070]  PACKET_ARRIVAL         pkt=253  node=dst  hop=2
[  21.6070]  PACKET_DELIVER         pkt=253  flow=0  latency=1906.5ms
[  21.6151]  PACKET_GENERATE        pkt=272  flow=0  size=1485B  pri=1
[  21.6151]  QUEUE_ENQUEUE          pkt=272  node=src0  queue=1/1000 (0%)  state=NORMAL
[  21.6161]  QUEUE_DEQUEUE          pkt=272  node=src0  wait=1.0ms  queue=0/1000  state=NORMAL
[  21.6161]  PACKET_TRANSMIT        pkt=272  link=src0→router  delay=1.0ms
[  21.6171]  PACKET_ARRIVAL         pkt=272  node=router  hop=1
[  21.6171]  QUEUE_ENQUEUE          pkt=272  node=router  queue=19/20 (95%)  state=INCREMENTAL_COMPRESSION
[  21.7020]  QUEUE_DEQUEUE          pkt=254  node=router  wait=1900.0ms  queue=18/20  state=INCREMENTAL_COMPRESSION
[  21.7020]  PACKET_TRANSMIT        pkt=254  link=router→dst  delay=5.0ms
[  21.7070]  PACKET_ARRIVAL         pkt=254  node=dst  hop=2
[  21.7070]  PACKET_DELIVER         pkt=254  flow=1  latency=1907.0ms
[  21.8000]  PACKET_GENERATE        pkt=273  flow=1  size=100B  pri=0
[  21.8000]  QUEUE_ENQUEUE          pkt=273  node=src1  queue=1/1000 (0%)  state=NORMAL
[  21.8010]  QUEUE_DEQUEUE          pkt=273  node=src1  wait=1.0ms  queue=0/1000  state=NORMAL
[  21.8010]  PACKET_TRANSMIT        pkt=273  link=src1→router  delay=1.0ms
[  21.8020]  PACKET_ARRIVAL         pkt=273  node=router  hop=1
[  21.8020]  QUEUE_ENQUEUE          pkt=273  node=router  queue=19/20 (95%)  state=INCREMENTAL_COMPRESSION
[  21.8020]  QUEUE_DEQUEUE          pkt=255  node=router  wait=1800.0ms  queue=18/20  state=INCREMENTAL_COMPRESSION
[  21.8020]  PACKET_TRANSMIT        pkt=255  link=router→dst  delay=5.0ms
[  21.8070]  PACKET_ARRIVAL         pkt=255  node=dst  hop=2
[  21.8070]  PACKET_DELIVER         pkt=255  flow=1  latency=1807.0ms
[  21.8275]  PACKET_GENERATE        pkt=274  flow=0  size=1438B  pri=1
[  21.8275]  QUEUE_ENQUEUE          pkt=274  node=src0  queue=1/1000 (0%)  state=NORMAL
[  21.8285]  QUEUE_DEQUEUE          pkt=274  node=src0  wait=1.0ms  queue=0/1000  state=NORMAL
[  21.8285]  PACKET_TRANSMIT        pkt=274  link=src0→router  delay=1.0ms
[  21.8295]  PACKET_ARRIVAL         pkt=274  node=router  hop=1
[  21.8295]  QUEUE_ENQUEUE          pkt=274  node=router  queue=19/20 (95%)  state=INCREMENTAL_COMPRESSION
[  21.9020]  QUEUE_DEQUEUE          pkt=256  node=router  wait=1700.0ms  queue=18/20  state=INCREMENTAL_COMPRESSION
[  21.9020]  PACKET_TRANSMIT        pkt=256  link=router→dst  delay=5.0ms
[  21.9070]  PACKET_ARRIVAL         pkt=256  node=dst  hop=2
[  21.9070]  PACKET_DELIVER         pkt=256  flow=1  latency=1707.0ms
[  22.0000]  PACKET_GENERATE        pkt=275  flow=1  size=100B  pri=0
[  22.0000]  QUEUE_ENQUEUE          pkt=275  node=src1  queue=1/1000 (0%)  state=NORMAL
[  22.0010]  QUEUE_DEQUEUE          pkt=275  node=src1  wait=1.0ms  queue=0/1000  state=NORMAL
[  22.0010]  PACKET_TRANSMIT        pkt=275  link=src1→router  delay=1.0ms
[  22.0020]  PACKET_ARRIVAL         pkt=275  node=router  hop=1
[  22.0020]  QUEUE_ENQUEUE          pkt=275  node=router  queue=19/20 (95%)  state=INCREMENTAL_COMPRESSION
[  22.0020]  QUEUE_DEQUEUE          pkt=257  node=router  wait=1600.0ms  queue=18/20  state=INCREMENTAL_COMPRESSION
[  22.0020]  PACKET_TRANSMIT        pkt=257  link=router→dst  delay=5.0ms
[  22.0070]  PACKET_ARRIVAL         pkt=257  node=dst  hop=2
[  22.0070]  PACKET_DELIVER         pkt=257  flow=1  latency=1607.0ms
[  22.1020]  QUEUE_DEQUEUE          pkt=258  node=router  wait=1590.5ms  queue=17/20  state=INCREMENTAL_COMPRESSION
[  22.1020]  PACKET_TRANSMIT        pkt=258  link=router→dst  delay=5.0ms
[  22.1070]  PACKET_ARRIVAL         pkt=258  node=dst  hop=2
[  22.1070]  PACKET_DELIVER         pkt=258  flow=0  latency=1597.5ms
[  22.1631]  PACKET_GENERATE        pkt=276  flow=0  size=1413B  pri=1
[  22.1631]  QUEUE_ENQUEUE          pkt=276  node=src0  queue=1/1000 (0%)  state=NORMAL
[  22.1641]  QUEUE_DEQUEUE          pkt=276  node=src0  wait=1.0ms  queue=0/1000  state=NORMAL
[  22.1641]  PACKET_TRANSMIT        pkt=276  link=src0→router  delay=1.0ms
[  22.1651]  PACKET_ARRIVAL         pkt=276  node=router  hop=1
[  22.1651]  QUEUE_ENQUEUE          pkt=276  node=router  queue=18/20 (90%)  state=INCREMENTAL_COMPRESSION
[  22.2000]  PACKET_GENERATE        pkt=277  flow=1  size=100B  pri=0
[  22.2000]  QUEUE_ENQUEUE          pkt=277  node=src1  queue=1/1000 (0%)  state=NORMAL
[  22.2010]  QUEUE_DEQUEUE          pkt=277  node=src1  wait=1.0ms  queue=0/1000  state=NORMAL
[  22.2010]  PACKET_TRANSMIT        pkt=277  link=src1→router  delay=1.0ms
[  22.2020]  PACKET_ARRIVAL         pkt=277  node=router  hop=1
[  22.2020]  QUEUE_ENQUEUE          pkt=277  node=router  queue=19/20 (95%)  state=INCREMENTAL_COMPRESSION
[  22.2020]  QUEUE_DEQUEUE          pkt=259  node=router  wait=1681.0ms  queue=18/20  state=INCREMENTAL_COMPRESSION
[  22.2020]  PACKET_TRANSMIT        pkt=259  link=router→dst  delay=5.0ms
[  22.2070]  PACKET_ARRIVAL         pkt=259  node=dst  hop=2
[  22.2070]  PACKET_DELIVER         pkt=259  flow=0  latency=1688.0ms
[  22.3020]  QUEUE_DEQUEUE          pkt=260  node=router  wait=1700.0ms  queue=17/20  state=INCREMENTAL_COMPRESSION
[  22.3020]  PACKET_TRANSMIT        pkt=260  link=router→dst  delay=5.0ms
[  22.3070]  PACKET_ARRIVAL         pkt=260  node=dst  hop=2
[  22.3070]  PACKET_DELIVER         pkt=260  flow=1  latency=1707.0ms
[  22.4000]  PACKET_GENERATE        pkt=278  flow=1  size=100B  pri=0
[  22.4000]  QUEUE_ENQUEUE          pkt=278  node=src1  queue=1/1000 (0%)  state=NORMAL
[  22.4010]  QUEUE_DEQUEUE          pkt=278  node=src1  wait=1.0ms  queue=0/1000  state=NORMAL
[  22.4010]  PACKET_TRANSMIT        pkt=278  link=src1→router  delay=1.0ms
[  22.4020]  PACKET_ARRIVAL         pkt=278  node=router  hop=1
[  22.4020]  QUEUE_ENQUEUE          pkt=278  node=router  queue=18/20 (90%)  state=INCREMENTAL_COMPRESSION
[  22.4020]  QUEUE_DEQUEUE          pkt=261  node=router  wait=1792.8ms  queue=17/20  state=INCREMENTAL_COMPRESSION
[  22.4020]  PACKET_TRANSMIT        pkt=261  link=router→dst  delay=5.0ms
[  22.4070]  PACKET_ARRIVAL         pkt=261  node=dst  hop=2
[  22.4070]  PACKET_DELIVER         pkt=261  flow=0  latency=1799.8ms
[  22.5020]  QUEUE_DEQUEUE          pkt=262  node=router  wait=1700.0ms  queue=16/20  state=INCREMENTAL_COMPRESSION
[  22.5020]  STATE_UPDATE           node=router  INCREMENTAL_COMPRESSION → DELTA_COMPRESSION
[  22.5020]  PACKET_TRANSMIT        pkt=262  link=router→dst  delay=5.0ms
[  22.5070]  PACKET_ARRIVAL         pkt=262  node=dst  hop=2
[  22.5070]  PACKET_DELIVER         pkt=262  flow=1  latency=1707.0ms
[  22.5125]  PACKET_GENERATE        pkt=279  flow=0  size=1417B  pri=1
[  22.5125]  QUEUE_ENQUEUE          pkt=279  node=src0  queue=1/1000 (0%)  state=NORMAL
[  22.5135]  QUEUE_DEQUEUE          pkt=279  node=src0  wait=1.0ms  queue=0/1000  state=NORMAL
[  22.5135]  PACKET_TRANSMIT        pkt=279  link=src0→router  delay=1.0ms
[  22.5145]  PACKET_ARRIVAL         pkt=279  node=router  hop=1
[  22.5145]  QUEUE_ENQUEUE          pkt=279  node=router  queue=17/20 (85%)  state=DELTA_COMPRESSION
[  22.5509]  PACKET_GENERATE        pkt=280  flow=0  size=1413B  pri=1
[  22.5509]  QUEUE_ENQUEUE          pkt=280  node=src0  queue=1/1000 (0%)  state=NORMAL
[  22.5519]  QUEUE_DEQUEUE          pkt=280  node=src0  wait=1.0ms  queue=0/1000  state=NORMAL
[  22.5519]  PACKET_TRANSMIT        pkt=280  link=src0→router  delay=1.0ms
[  22.5529]  PACKET_ARRIVAL         pkt=280  node=router  hop=1
[  22.5529]  QUEUE_ENQUEUE          pkt=280  node=router  queue=18/20 (90%)  state=DELTA_COMPRESSION
[  22.6000]  PACKET_GENERATE        pkt=281  flow=1  size=100B  pri=0
[  22.6000]  QUEUE_ENQUEUE          pkt=281  node=src1  queue=1/1000 (0%)  state=NORMAL
[  22.6010]  QUEUE_DEQUEUE          pkt=281  node=src1  wait=1.0ms  queue=0/1000  state=NORMAL
[  22.6010]  PACKET_TRANSMIT        pkt=281  link=src1→router  delay=1.0ms
[  22.6020]  PACKET_ARRIVAL         pkt=281  node=router  hop=1
[  22.6020]  QUEUE_ENQUEUE          pkt=281  node=router  queue=19/20 (95%)  state=DELTA_COMPRESSION
[  22.6020]  QUEUE_DEQUEUE          pkt=263  node=router  wait=1654.5ms  queue=18/20  state=DELTA_COMPRESSION
[  22.6020]  STATE_UPDATE           node=router  DELTA_COMPRESSION → INCREMENTAL_COMPRESSION
[  22.6020]  PACKET_TRANSMIT        pkt=263  link=router→dst  delay=5.0ms
[  22.6070]  PACKET_ARRIVAL         pkt=263  node=dst  hop=2
[  22.6070]  PACKET_DELIVER         pkt=263  flow=0  latency=1661.5ms
[  22.7020]  QUEUE_DEQUEUE          pkt=264  node=router  wait=1700.0ms  queue=17/20  state=INCREMENTAL_COMPRESSION
[  22.7020]  PACKET_TRANSMIT        pkt=264  link=router→dst  delay=5.0ms
[  22.7070]  PACKET_ARRIVAL         pkt=264  node=dst  hop=2
[  22.7070]  PACKET_DELIVER         pkt=264  flow=1  latency=1707.0ms
[  22.7205]  PACKET_GENERATE        pkt=282  flow=0  size=1419B  pri=1
[  22.7205]  QUEUE_ENQUEUE          pkt=282  node=src0  queue=1/1000 (0%)  state=NORMAL
[  22.7215]  QUEUE_DEQUEUE          pkt=282  node=src0  wait=1.0ms  queue=0/1000  state=NORMAL
[  22.7215]  PACKET_TRANSMIT        pkt=282  link=src0→router  delay=1.0ms
[  22.7225]  PACKET_ARRIVAL         pkt=282  node=router  hop=1
[  22.7225]  QUEUE_ENQUEUE          pkt=282  node=router  queue=18/20 (90%)  state=INCREMENTAL_COMPRESSION
[  22.7602]  PACKET_GENERATE        pkt=283  flow=0  size=1477B  pri=1
[  22.7602]  QUEUE_ENQUEUE          pkt=283  node=src0  queue=1/1000 (0%)  state=NORMAL
[  22.7612]  QUEUE_DEQUEUE          pkt=283  node=src0  wait=1.0ms  queue=0/1000  state=NORMAL
[  22.7612]  PACKET_TRANSMIT        pkt=283  link=src0→router  delay=1.0ms
[  22.7622]  PACKET_ARRIVAL         pkt=283  node=router  hop=1
[  22.7622]  QUEUE_ENQUEUE          pkt=283  node=router  queue=19/20 (95%)  state=INCREMENTAL_COMPRESSION
[  22.7898]  PACKET_GENERATE        pkt=284  flow=0  size=1443B  pri=1
[  22.7898]  QUEUE_ENQUEUE          pkt=284  node=src0  queue=1/1000 (0%)  state=NORMAL
[  22.7908]  QUEUE_DEQUEUE          pkt=284  node=src0  wait=1.0ms  queue=0/1000  state=NORMAL
[  22.7908]  PACKET_TRANSMIT        pkt=284  link=src0→router  delay=1.0ms
[  22.7918]  PACKET_ARRIVAL         pkt=284  node=router  hop=1
[  22.7918]  QUEUE_ENQUEUE          pkt=284  node=router  queue=20/20 (100%)  state=INCREMENTAL_COMPRESSION
[  22.8000]  PACKET_GENERATE        pkt=285  flow=1  size=100B  pri=0
[  22.8000]  QUEUE_ENQUEUE          pkt=285  node=src1  queue=1/1000 (0%)  state=NORMAL
[  22.8010]  QUEUE_DEQUEUE          pkt=285  node=src1  wait=1.0ms  queue=0/1000  state=NORMAL
[  22.8010]  PACKET_TRANSMIT        pkt=285  link=src1→router  delay=1.0ms
[  22.8020]  PACKET_ARRIVAL         pkt=285  node=router  hop=1
[  22.8020]  QUEUE_DROP(full)       pkt=285  node=router  pri=0  queue=20/20 FULL
[  22.8020]  QUEUE_DEQUEUE          pkt=265  node=router  wait=1600.0ms  queue=19/20  state=INCREMENTAL_COMPRESSION
[  22.8020]  STATE_UPDATE           node=router  INCREMENTAL_COMPRESSION → DROP_LOW_PRIORITY
[  22.8020]  PACKET_TRANSMIT        pkt=265  link=router→dst  delay=5.0ms
[  22.8070]  PACKET_ARRIVAL         pkt=265  node=dst  hop=2
[  22.8070]  PACKET_DELIVER         pkt=265  flow=1  latency=1607.0ms
[  22.8183]  PACKET_GENERATE        pkt=286  flow=0  size=1481B  pri=1
[  22.8183]  QUEUE_ENQUEUE          pkt=286  node=src0  queue=1/1000 (0%)  state=NORMAL
[  22.8193]  QUEUE_DEQUEUE          pkt=286  node=src0  wait=1.0ms  queue=0/1000  state=NORMAL
[  22.8193]  PACKET_TRANSMIT        pkt=286  link=src0→router  delay=1.0ms
[  22.8203]  PACKET_ARRIVAL         pkt=286  node=router  hop=1
[  22.8203]  QUEUE_DROP(congestion) pkt=286  node=router  pri=1  state=DROP_LOW_PRIORITY
[  22.9020]  QUEUE_DEQUEUE          pkt=266  node=router  wait=1690.2ms  queue=18/20  state=DROP_LOW_PRIORITY
[  22.9020]  STATE_UPDATE           node=router  DROP_LOW_PRIORITY → INCREMENTAL_COMPRESSION
[  22.9020]  PACKET_TRANSMIT        pkt=266  link=router→dst  delay=5.0ms
[  22.9070]  PACKET_ARRIVAL         pkt=266  node=dst  hop=2
[  22.9070]  PACKET_DELIVER         pkt=266  flow=0  latency=1697.2ms
[  23.0000]  PACKET_GENERATE        pkt=287  flow=1  size=100B  pri=0
[  23.0000]  QUEUE_ENQUEUE          pkt=287  node=src1  queue=1/1000 (0%)  state=NORMAL
[  23.0010]  QUEUE_DEQUEUE          pkt=287  node=src1  wait=1.0ms  queue=0/1000  state=NORMAL
[  23.0010]  PACKET_TRANSMIT        pkt=287  link=src1→router  delay=1.0ms
[  23.0020]  PACKET_ARRIVAL         pkt=287  node=router  hop=1
[  23.0020]  QUEUE_ENQUEUE          pkt=287  node=router  queue=19/20 (95%)  state=INCREMENTAL_COMPRESSION
[  23.0020]  QUEUE_DEQUEUE          pkt=267  node=router  wait=1748.3ms  queue=18/20  state=INCREMENTAL_COMPRESSION
[  23.0020]  PACKET_TRANSMIT        pkt=267  link=router→dst  delay=5.0ms
[  23.0070]  PACKET_ARRIVAL         pkt=267  node=dst  hop=2
[  23.0070]  PACKET_DELIVER         pkt=267  flow=0  latency=1755.3ms
[  23.0578]  PACKET_GENERATE        pkt=288  flow=0  size=1464B  pri=1
[  23.0578]  QUEUE_ENQUEUE          pkt=288  node=src0  queue=1/1000 (0%)  state=NORMAL
[  23.0588]  QUEUE_DEQUEUE          pkt=288  node=src0  wait=1.0ms  queue=0/1000  state=NORMAL
[  23.0588]  PACKET_TRANSMIT        pkt=288  link=src0→router  delay=1.0ms
[  23.0598]  PACKET_ARRIVAL         pkt=288  node=router  hop=1
[  23.0598]  QUEUE_ENQUEUE          pkt=288  node=router  queue=19/20 (95%)  state=INCREMENTAL_COMPRESSION
[  23.1020]  QUEUE_DEQUEUE          pkt=268  node=router  wait=1700.0ms  queue=18/20  state=INCREMENTAL_COMPRESSION
[  23.1020]  PACKET_TRANSMIT        pkt=268  link=router→dst  delay=5.0ms
[  23.1070]  PACKET_ARRIVAL         pkt=268  node=dst  hop=2
[  23.1070]  PACKET_DELIVER         pkt=268  flow=1  latency=1707.0ms
[  23.1417]  PACKET_GENERATE        pkt=289  flow=0  size=1406B  pri=1
[  23.1417]  QUEUE_ENQUEUE          pkt=289  node=src0  queue=1/1000 (0%)  state=NORMAL
[  23.1427]  QUEUE_DEQUEUE          pkt=289  node=src0  wait=1.0ms  queue=0/1000  state=NORMAL
[  23.1427]  PACKET_TRANSMIT        pkt=289  link=src0→router  delay=1.0ms
[  23.1437]  PACKET_ARRIVAL         pkt=289  node=router  hop=1
[  23.1437]  QUEUE_ENQUEUE          pkt=289  node=router  queue=19/20 (95%)  state=INCREMENTAL_COMPRESSION
[  23.1538]  PACKET_GENERATE        pkt=290  flow=0  size=1454B  pri=1
[  23.1538]  QUEUE_ENQUEUE          pkt=290  node=src0  queue=1/1000 (0%)  state=NORMAL
[  23.1548]  QUEUE_DEQUEUE          pkt=290  node=src0  wait=1.0ms  queue=0/1000  state=NORMAL
[  23.1548]  PACKET_TRANSMIT        pkt=290  link=src0→router  delay=1.0ms
[  23.1558]  PACKET_ARRIVAL         pkt=290  node=router  hop=1
[  23.1558]  QUEUE_ENQUEUE          pkt=290  node=router  queue=20/20 (100%)  state=INCREMENTAL_COMPRESSION
[  23.2000]  PACKET_GENERATE        pkt=291  flow=1  size=100B  pri=0
[  23.2000]  QUEUE_ENQUEUE          pkt=291  node=src1  queue=1/1000 (0%)  state=NORMAL
[  23.2010]  QUEUE_DEQUEUE          pkt=291  node=src1  wait=1.0ms  queue=0/1000  state=NORMAL
[  23.2010]  PACKET_TRANSMIT        pkt=291  link=src1→router  delay=1.0ms
[  23.2020]  PACKET_ARRIVAL         pkt=291  node=router  hop=1
[  23.2020]  QUEUE_DROP(full)       pkt=291  node=router  pri=0  queue=20/20 FULL
[  23.2020]  QUEUE_DEQUEUE          pkt=269  node=router  wait=1724.0ms  queue=19/20  state=INCREMENTAL_COMPRESSION
[  23.2020]  STATE_UPDATE           node=router  INCREMENTAL_COMPRESSION → DROP_LOW_PRIORITY
[  23.2020]  PACKET_TRANSMIT        pkt=269  link=router→dst  delay=5.0ms
[  23.2070]  PACKET_ARRIVAL         pkt=269  node=dst  hop=2
[  23.2070]  PACKET_DELIVER         pkt=269  flow=0  latency=1731.0ms
[  23.3020]  QUEUE_DEQUEUE          pkt=270  node=router  wait=1779.0ms  queue=18/20  state=DROP_LOW_PRIORITY
[  23.3020]  STATE_UPDATE           node=router  DROP_LOW_PRIORITY → INCREMENTAL_COMPRESSION
[  23.3020]  PACKET_TRANSMIT        pkt=270  link=router→dst  delay=5.0ms
[  23.3070]  PACKET_ARRIVAL         pkt=270  node=dst  hop=2
[  23.3070]  PACKET_DELIVER         pkt=270  flow=0  latency=1786.0ms
[  23.3748]  PACKET_GENERATE        pkt=292  flow=0  size=1405B  pri=1
[  23.3748]  QUEUE_ENQUEUE          pkt=292  node=src0  queue=1/1000 (0%)  state=NORMAL
[  23.3752]  PACKET_GENERATE        pkt=293  flow=0  size=1498B  pri=1
[  23.3752]  QUEUE_ENQUEUE          pkt=293  node=src0  queue=2/1000 (0%)  state=NORMAL
[  23.3758]  QUEUE_DEQUEUE          pkt=292  node=src0  wait=1.0ms  queue=1/1000  state=NORMAL
[  23.3758]  PACKET_TRANSMIT        pkt=292  link=src0→router  delay=1.0ms
[  23.3768]  QUEUE_DEQUEUE          pkt=293  node=src0  wait=1.6ms  queue=0/1000  state=NORMAL
[  23.3768]  PACKET_ARRIVAL         pkt=292  node=router  hop=1
[  23.3768]  PACKET_TRANSMIT        pkt=293  link=src0→router  delay=1.0ms
[  23.3768]  QUEUE_ENQUEUE          pkt=292  node=router  queue=19/20 (95%)  state=INCREMENTAL_COMPRESSION
[  23.3778]  PACKET_ARRIVAL         pkt=293  node=router  hop=1
[  23.3778]  QUEUE_ENQUEUE          pkt=293  node=router  queue=20/20 (100%)  state=INCREMENTAL_COMPRESSION
[  23.3927]  PACKET_GENERATE        pkt=294  flow=0  size=1433B  pri=1
[  23.3927]  QUEUE_ENQUEUE          pkt=294  node=src0  queue=1/1000 (0%)  state=NORMAL
[  23.3937]  QUEUE_DEQUEUE          pkt=294  node=src0  wait=1.0ms  queue=0/1000  state=NORMAL
[  23.3937]  PACKET_TRANSMIT        pkt=294  link=src0→router  delay=1.0ms
[  23.3947]  PACKET_ARRIVAL         pkt=294  node=router  hop=1
[  23.3947]  QUEUE_DROP(full)       pkt=294  node=router  pri=1  queue=20/20 FULL
[  23.4000]  PACKET_GENERATE        pkt=295  flow=1  size=100B  pri=0
[  23.4000]  QUEUE_ENQUEUE          pkt=295  node=src1  queue=1/1000 (0%)  state=NORMAL
[  23.4010]  QUEUE_DEQUEUE          pkt=295  node=src1  wait=1.0ms  queue=0/1000  state=NORMAL
[  23.4010]  PACKET_TRANSMIT        pkt=295  link=src1→router  delay=1.0ms
[  23.4020]  PACKET_ARRIVAL         pkt=295  node=router  hop=1
[  23.4020]  QUEUE_DROP(full)       pkt=295  node=router  pri=0  queue=20/20 FULL
[  23.4020]  QUEUE_DEQUEUE          pkt=271  node=router  wait=1800.0ms  queue=19/20  state=INCREMENTAL_COMPRESSION
[  23.4020]  STATE_UPDATE           node=router  INCREMENTAL_COMPRESSION → DROP_LOW_PRIORITY
[  23.4020]  PACKET_TRANSMIT        pkt=271  link=router→dst  delay=5.0ms
[  23.4070]  PACKET_ARRIVAL         pkt=271  node=dst  hop=2
[  23.4070]  PACKET_DELIVER         pkt=271  flow=1  latency=1807.0ms
[  23.4148]  PACKET_GENERATE        pkt=296  flow=0  size=1456B  pri=1
[  23.4148]  QUEUE_ENQUEUE          pkt=296  node=src0  queue=1/1000 (0%)  state=NORMAL
[  23.4158]  QUEUE_DEQUEUE          pkt=296  node=src0  wait=1.0ms  queue=0/1000  state=NORMAL
[  23.4158]  PACKET_TRANSMIT        pkt=296  link=src0→router  delay=1.0ms
[  23.4168]  PACKET_ARRIVAL         pkt=296  node=router  hop=1
[  23.4168]  QUEUE_DROP(congestion) pkt=296  node=router  pri=1  state=DROP_LOW_PRIORITY
[  23.5020]  QUEUE_DEQUEUE          pkt=272  node=router  wait=1884.9ms  queue=18/20  state=DROP_LOW_PRIORITY
[  23.5020]  STATE_UPDATE           node=router  DROP_LOW_PRIORITY → INCREMENTAL_COMPRESSION
[  23.5020]  PACKET_TRANSMIT        pkt=272  link=router→dst  delay=5.0ms
[  23.5070]  PACKET_ARRIVAL         pkt=272  node=dst  hop=2
[  23.5070]  PACKET_DELIVER         pkt=272  flow=0  latency=1891.9ms
[  23.5151]  PACKET_GENERATE        pkt=297  flow=0  size=1454B  pri=1
[  23.5151]  QUEUE_ENQUEUE          pkt=297  node=src0  queue=1/1000 (0%)  state=NORMAL
[  23.5161]  QUEUE_DEQUEUE          pkt=297  node=src0  wait=1.0ms  queue=0/1000  state=NORMAL
[  23.5161]  PACKET_TRANSMIT        pkt=297  link=src0→router  delay=1.0ms
[  23.5171]  PACKET_ARRIVAL         pkt=297  node=router  hop=1
[  23.5171]  QUEUE_ENQUEUE          pkt=297  node=router  queue=19/20 (95%)  state=INCREMENTAL_COMPRESSION
[  23.6000]  PACKET_GENERATE        pkt=298  flow=1  size=100B  pri=0
[  23.6000]  QUEUE_ENQUEUE          pkt=298  node=src1  queue=1/1000 (0%)  state=NORMAL
[  23.6010]  QUEUE_DEQUEUE          pkt=298  node=src1  wait=1.0ms  queue=0/1000  state=NORMAL
[  23.6010]  PACKET_TRANSMIT        pkt=298  link=src1→router  delay=1.0ms
[  23.6020]  PACKET_ARRIVAL         pkt=298  node=router  hop=1
[  23.6020]  QUEUE_ENQUEUE          pkt=298  node=router  queue=20/20 (100%)  state=INCREMENTAL_COMPRESSION
[  23.6020]  QUEUE_DEQUEUE          pkt=273  node=router  wait=1800.0ms  queue=19/20  state=INCREMENTAL_COMPRESSION
[  23.6020]  STATE_UPDATE           node=router  INCREMENTAL_COMPRESSION → DROP_LOW_PRIORITY
[  23.6020]  PACKET_TRANSMIT        pkt=273  link=router→dst  delay=5.0ms
[  23.6070]  PACKET_ARRIVAL         pkt=273  node=dst  hop=2
[  23.6070]  PACKET_DELIVER         pkt=273  flow=1  latency=1807.0ms
[  23.6179]  PACKET_GENERATE        pkt=299  flow=0  size=1414B  pri=1
[  23.6179]  QUEUE_ENQUEUE          pkt=299  node=src0  queue=1/1000 (0%)  state=NORMAL
[  23.6189]  QUEUE_DEQUEUE          pkt=299  node=src0  wait=1.0ms  queue=0/1000  state=NORMAL
[  23.6189]  PACKET_TRANSMIT        pkt=299  link=src0→router  delay=1.0ms
[  23.6199]  PACKET_ARRIVAL         pkt=299  node=router  hop=1
[  23.6199]  QUEUE_DROP(congestion) pkt=299  node=router  pri=1  state=DROP_LOW_PRIORITY
[  23.6277]  PACKET_GENERATE        pkt=300  flow=0  size=1488B  pri=1
[  23.6277]  QUEUE_ENQUEUE          pkt=300  node=src0  queue=1/1000 (0%)  state=NORMAL
[  23.6287]  QUEUE_DEQUEUE          pkt=300  node=src0  wait=1.0ms  queue=0/1000  state=NORMAL
[  23.6287]  PACKET_TRANSMIT        pkt=300  link=src0→router  delay=1.0ms
[  23.6297]  PACKET_ARRIVAL         pkt=300  node=router  hop=1
[  23.6297]  QUEUE_DROP(congestion) pkt=300  node=router  pri=1  state=DROP_LOW_PRIORITY
[  23.7020]  QUEUE_DEQUEUE          pkt=274  node=router  wait=1872.5ms  queue=18/20  state=DROP_LOW_PRIORITY
[  23.7020]  STATE_UPDATE           node=router  DROP_LOW_PRIORITY → INCREMENTAL_COMPRESSION
[  23.7020]  PACKET_TRANSMIT        pkt=274  link=router→dst  delay=5.0ms
[  23.7070]  PACKET_ARRIVAL         pkt=274  node=dst  hop=2
[  23.7070]  PACKET_DELIVER         pkt=274  flow=0  latency=1879.5ms
[  23.8000]  PACKET_GENERATE        pkt=301  flow=1  size=100B  pri=0
[  23.8000]  QUEUE_ENQUEUE          pkt=301  node=src1  queue=1/1000 (0%)  state=NORMAL
[  23.8010]  QUEUE_DEQUEUE          pkt=301  node=src1  wait=1.0ms  queue=0/1000  state=NORMAL
[  23.8010]  PACKET_TRANSMIT        pkt=301  link=src1→router  delay=1.0ms
[  23.8020]  PACKET_ARRIVAL         pkt=301  node=router  hop=1
[  23.8020]  QUEUE_ENQUEUE          pkt=301  node=router  queue=19/20 (95%)  state=INCREMENTAL_COMPRESSION
[  23.8020]  QUEUE_DEQUEUE          pkt=275  node=router  wait=1800.0ms  queue=18/20  state=INCREMENTAL_COMPRESSION
[  23.8020]  PACKET_TRANSMIT        pkt=275  link=router→dst  delay=5.0ms
[  23.8070]  PACKET_ARRIVAL         pkt=275  node=dst  hop=2
[  23.8070]  PACKET_DELIVER         pkt=275  flow=1  latency=1807.0ms
[  23.9020]  QUEUE_DEQUEUE          pkt=276  node=router  wait=1736.9ms  queue=17/20  state=INCREMENTAL_COMPRESSION
[  23.9020]  PACKET_TRANSMIT        pkt=276  link=router→dst  delay=5.0ms
[  23.9070]  PACKET_ARRIVAL         pkt=276  node=dst  hop=2
[  23.9070]  PACKET_DELIVER         pkt=276  flow=0  latency=1743.9ms
[  23.9205]  PACKET_GENERATE        pkt=302  flow=0  size=1469B  pri=1
[  23.9205]  QUEUE_ENQUEUE          pkt=302  node=src0  queue=1/1000 (0%)  state=NORMAL
[  23.9215]  QUEUE_DEQUEUE          pkt=302  node=src0  wait=1.0ms  queue=0/1000  state=NORMAL
[  23.9215]  PACKET_TRANSMIT        pkt=302  link=src0→router  delay=1.0ms
[  23.9225]  PACKET_ARRIVAL         pkt=302  node=router  hop=1
[  23.9225]  QUEUE_ENQUEUE          pkt=302  node=router  queue=18/20 (90%)  state=INCREMENTAL_COMPRESSION
[  23.9251]  PACKET_GENERATE        pkt=303  flow=0  size=1447B  pri=1
[  23.9251]  QUEUE_ENQUEUE          pkt=303  node=src0  queue=1/1000 (0%)  state=NORMAL
[  23.9261]  QUEUE_DEQUEUE          pkt=303  node=src0  wait=1.0ms  queue=0/1000  state=NORMAL
[  23.9261]  PACKET_TRANSMIT        pkt=303  link=src0→router  delay=1.0ms
[  23.9271]  PACKET_ARRIVAL         pkt=303  node=router  hop=1
[  23.9271]  QUEUE_ENQUEUE          pkt=303  node=router  queue=19/20 (95%)  state=INCREMENTAL_COMPRESSION
[  24.0000]  PACKET_GENERATE        pkt=304  flow=1  size=100B  pri=0
[  24.0000]  QUEUE_ENQUEUE          pkt=304  node=src1  queue=1/1000 (0%)  state=NORMAL
[  24.0010]  QUEUE_DEQUEUE          pkt=304  node=src1  wait=1.0ms  queue=0/1000  state=NORMAL
[  24.0010]  PACKET_TRANSMIT        pkt=304  link=src1→router  delay=1.0ms
[  24.0020]  PACKET_ARRIVAL         pkt=304  node=router  hop=1
[  24.0020]  QUEUE_ENQUEUE          pkt=304  node=router  queue=20/20 (100%)  state=INCREMENTAL_COMPRESSION
[  24.0020]  QUEUE_DEQUEUE          pkt=277  node=router  wait=1800.0ms  queue=19/20  state=INCREMENTAL_COMPRESSION
[  24.0020]  STATE_UPDATE           node=router  INCREMENTAL_COMPRESSION → DROP_LOW_PRIORITY
[  24.0020]  PACKET_TRANSMIT        pkt=277  link=router→dst  delay=5.0ms
[  24.0070]  PACKET_ARRIVAL         pkt=277  node=dst  hop=2
[  24.0070]  PACKET_DELIVER         pkt=277  flow=1  latency=1807.0ms
[  24.0343]  PACKET_GENERATE        pkt=305  flow=0  size=1418B  pri=1
[  24.0343]  QUEUE_ENQUEUE          pkt=305  node=src0  queue=1/1000 (0%)  state=NORMAL
[  24.0353]  QUEUE_DEQUEUE          pkt=305  node=src0  wait=1.0ms  queue=0/1000  state=NORMAL
[  24.0353]  PACKET_TRANSMIT        pkt=305  link=src0→router  delay=1.0ms
[  24.0363]  PACKET_ARRIVAL         pkt=305  node=router  hop=1
[  24.0363]  QUEUE_DROP(congestion) pkt=305  node=router  pri=1  state=DROP_LOW_PRIORITY
[  24.1020]  QUEUE_DEQUEUE          pkt=278  node=router  wait=1700.0ms  queue=18/20  state=DROP_LOW_PRIORITY
[  24.1020]  STATE_UPDATE           node=router  DROP_LOW_PRIORITY → INCREMENTAL_COMPRESSION
[  24.1020]  PACKET_TRANSMIT        pkt=278  link=router→dst  delay=5.0ms
[  24.1045]  PACKET_GENERATE        pkt=306  flow=0  size=1405B  pri=1
[  24.1045]  QUEUE_ENQUEUE          pkt=306  node=src0  queue=1/1000 (0%)  state=NORMAL
[  24.1055]  QUEUE_DEQUEUE          pkt=306  node=src0  wait=1.0ms  queue=0/1000  state=NORMAL
[  24.1055]  PACKET_TRANSMIT        pkt=306  link=src0→router  delay=1.0ms
[  24.1065]  PACKET_ARRIVAL         pkt=306  node=router  hop=1
[  24.1065]  QUEUE_ENQUEUE          pkt=306  node=router  queue=19/20 (95%)  state=INCREMENTAL_COMPRESSION
[  24.1070]  PACKET_ARRIVAL         pkt=278  node=dst  hop=2
[  24.1070]  PACKET_DELIVER         pkt=278  flow=1  latency=1707.0ms
[  24.1506]  PACKET_GENERATE        pkt=307  flow=0  size=1405B  pri=1
[  24.1506]  QUEUE_ENQUEUE          pkt=307  node=src0  queue=1/1000 (0%)  state=NORMAL
[  24.1516]  QUEUE_DEQUEUE          pkt=307  node=src0  wait=1.0ms  queue=0/1000  state=NORMAL
[  24.1516]  PACKET_TRANSMIT        pkt=307  link=src0→router  delay=1.0ms
[  24.1526]  PACKET_ARRIVAL         pkt=307  node=router  hop=1
[  24.1526]  QUEUE_ENQUEUE          pkt=307  node=router  queue=20/20 (100%)  state=INCREMENTAL_COMPRESSION
[  24.2000]  PACKET_GENERATE        pkt=308  flow=1  size=100B  pri=0
[  24.2000]  QUEUE_ENQUEUE          pkt=308  node=src1  queue=1/1000 (0%)  state=NORMAL
[  24.2010]  QUEUE_DEQUEUE          pkt=308  node=src1  wait=1.0ms  queue=0/1000  state=NORMAL
[  24.2010]  PACKET_TRANSMIT        pkt=308  link=src1→router  delay=1.0ms
[  24.2020]  PACKET_ARRIVAL         pkt=308  node=router  hop=1
[  24.2020]  QUEUE_DROP(full)       pkt=308  node=router  pri=0  queue=20/20 FULL
[  24.2020]  QUEUE_DEQUEUE          pkt=279  node=router  wait=1687.5ms  queue=19/20  state=INCREMENTAL_COMPRESSION
[  24.2020]  STATE_UPDATE           node=router  INCREMENTAL_COMPRESSION → DROP_LOW_PRIORITY
[  24.2020]  PACKET_TRANSMIT        pkt=279  link=router→dst  delay=5.0ms
[  24.2070]  PACKET_ARRIVAL         pkt=279  node=dst  hop=2
[  24.2070]  PACKET_DELIVER         pkt=279  flow=0  latency=1694.5ms
[  24.3020]  QUEUE_DEQUEUE          pkt=280  node=router  wait=1749.1ms  queue=18/20  state=DROP_LOW_PRIORITY
[  24.3020]  STATE_UPDATE           node=router  DROP_LOW_PRIORITY → INCREMENTAL_COMPRESSION
[  24.3020]  PACKET_TRANSMIT        pkt=280  link=router→dst  delay=5.0ms
[  24.3070]  PACKET_ARRIVAL         pkt=280  node=dst  hop=2
[  24.3070]  PACKET_DELIVER         pkt=280  flow=0  latency=1756.1ms
[  24.4000]  PACKET_GENERATE        pkt=309  flow=1  size=100B  pri=0
[  24.4000]  QUEUE_ENQUEUE          pkt=309  node=src1  queue=1/1000 (0%)  state=NORMAL
[  24.4010]  QUEUE_DEQUEUE          pkt=309  node=src1  wait=1.0ms  queue=0/1000  state=NORMAL
[  24.4010]  PACKET_TRANSMIT        pkt=309  link=src1→router  delay=1.0ms
[  24.4020]  PACKET_ARRIVAL         pkt=309  node=router  hop=1
[  24.4020]  QUEUE_ENQUEUE          pkt=309  node=router  queue=19/20 (95%)  state=INCREMENTAL_COMPRESSION
[  24.4020]  QUEUE_DEQUEUE          pkt=281  node=router  wait=1800.0ms  queue=18/20  state=INCREMENTAL_COMPRESSION
[  24.4020]  PACKET_TRANSMIT        pkt=281  link=router→dst  delay=5.0ms
[  24.4070]  PACKET_ARRIVAL         pkt=281  node=dst  hop=2
[  24.4070]  PACKET_DELIVER         pkt=281  flow=1  latency=1807.0ms
[  24.4371]  PACKET_GENERATE        pkt=310  flow=0  size=1426B  pri=1
[  24.4371]  QUEUE_ENQUEUE          pkt=310  node=src0  queue=1/1000 (0%)  state=NORMAL
[  24.4381]  QUEUE_DEQUEUE          pkt=310  node=src0  wait=1.0ms  queue=0/1000  state=NORMAL
[  24.4381]  PACKET_TRANSMIT        pkt=310  link=src0→router  delay=1.0ms
[  24.4391]  PACKET_ARRIVAL         pkt=310  node=router  hop=1
[  24.4391]  QUEUE_ENQUEUE          pkt=310  node=router  queue=19/20 (95%)  state=INCREMENTAL_COMPRESSION
[  24.5020]  QUEUE_DEQUEUE          pkt=282  node=router  wait=1779.5ms  queue=18/20  state=INCREMENTAL_COMPRESSION
[  24.5020]  PACKET_TRANSMIT        pkt=282  link=router→dst  delay=5.0ms
[  24.5070]  PACKET_ARRIVAL         pkt=282  node=dst  hop=2
[  24.5070]  PACKET_DELIVER         pkt=282  flow=0  latency=1786.5ms
[  24.5803]  PACKET_GENERATE        pkt=311  flow=0  size=1485B  pri=1
[  24.5803]  QUEUE_ENQUEUE          pkt=311  node=src0  queue=1/1000 (0%)  state=NORMAL
[  24.5813]  QUEUE_DEQUEUE          pkt=311  node=src0  wait=1.0ms  queue=0/1000  state=NORMAL
[  24.5813]  PACKET_TRANSMIT        pkt=311  link=src0→router  delay=1.0ms
[  24.5823]  PACKET_ARRIVAL         pkt=311  node=router  hop=1
[  24.5823]  QUEUE_ENQUEUE          pkt=311  node=router  queue=19/20 (95%)  state=INCREMENTAL_COMPRESSION
[  24.5939]  PACKET_GENERATE        pkt=312  flow=0  size=1499B  pri=1
[  24.5939]  QUEUE_ENQUEUE          pkt=312  node=src0  queue=1/1000 (0%)  state=NORMAL
[  24.5949]  QUEUE_DEQUEUE          pkt=312  node=src0  wait=1.0ms  queue=0/1000  state=NORMAL
[  24.5949]  PACKET_TRANSMIT        pkt=312  link=src0→router  delay=1.0ms
[  24.5959]  PACKET_ARRIVAL         pkt=312  node=router  hop=1
[  24.5959]  QUEUE_ENQUEUE          pkt=312  node=router  queue=20/20 (100%)  state=INCREMENTAL_COMPRESSION
[  24.6000]  PACKET_GENERATE        pkt=313  flow=1  size=100B  pri=0
[  24.6000]  QUEUE_ENQUEUE          pkt=313  node=src1  queue=1/1000 (0%)  state=NORMAL
[  24.6010]  QUEUE_DEQUEUE          pkt=313  node=src1  wait=1.0ms  queue=0/1000  state=NORMAL
[  24.6010]  PACKET_TRANSMIT        pkt=313  link=src1→router  delay=1.0ms
[  24.6020]  PACKET_ARRIVAL         pkt=313  node=router  hop=1
[  24.6020]  QUEUE_DROP(full)       pkt=313  node=router  pri=0  queue=20/20 FULL
[  24.6020]  QUEUE_DEQUEUE          pkt=283  node=router  wait=1839.8ms  queue=19/20  state=INCREMENTAL_COMPRESSION
[  24.6020]  STATE_UPDATE           node=router  INCREMENTAL_COMPRESSION → DROP_LOW_PRIORITY
[  24.6020]  PACKET_TRANSMIT        pkt=283  link=router→dst  delay=5.0ms
[  24.6070]  PACKET_ARRIVAL         pkt=283  node=dst  hop=2
[  24.6070]  PACKET_DELIVER         pkt=283  flow=0  latency=1846.8ms
[  24.6965]  PACKET_GENERATE        pkt=314  flow=0  size=1452B  pri=1
[  24.6965]  QUEUE_ENQUEUE          pkt=314  node=src0  queue=1/1000 (0%)  state=NORMAL
[  24.6975]  QUEUE_DEQUEUE          pkt=314  node=src0  wait=1.0ms  queue=0/1000  state=NORMAL
[  24.6975]  PACKET_TRANSMIT        pkt=314  link=src0→router  delay=1.0ms
[  24.6985]  PACKET_ARRIVAL         pkt=314  node=router  hop=1
[  24.6985]  QUEUE_DROP(congestion) pkt=314  node=router  pri=1  state=DROP_LOW_PRIORITY
[  24.7020]  QUEUE_DEQUEUE          pkt=284  node=router  wait=1910.2ms  queue=18/20  state=DROP_LOW_PRIORITY
[  24.7020]  STATE_UPDATE           node=router  DROP_LOW_PRIORITY → INCREMENTAL_COMPRESSION
[  24.7020]  PACKET_TRANSMIT        pkt=284  link=router→dst  delay=5.0ms
[  24.7070]  PACKET_ARRIVAL         pkt=284  node=dst  hop=2
[  24.7070]  PACKET_DELIVER         pkt=284  flow=0  latency=1917.2ms
[  24.8000]  PACKET_GENERATE        pkt=315  flow=1  size=100B  pri=0
[  24.8000]  QUEUE_ENQUEUE          pkt=315  node=src1  queue=1/1000 (0%)  state=NORMAL
[  24.8010]  QUEUE_DEQUEUE          pkt=315  node=src1  wait=1.0ms  queue=0/1000  state=NORMAL
[  24.8010]  PACKET_TRANSMIT        pkt=315  link=src1→router  delay=1.0ms
[  24.8020]  PACKET_ARRIVAL         pkt=315  node=router  hop=1
[  24.8020]  QUEUE_ENQUEUE          pkt=315  node=router  queue=19/20 (95%)  state=INCREMENTAL_COMPRESSION
[  24.8020]  QUEUE_DEQUEUE          pkt=287  node=router  wait=1800.0ms  queue=18/20  state=INCREMENTAL_COMPRESSION
[  24.8020]  PACKET_TRANSMIT        pkt=287  link=router→dst  delay=5.0ms
[  24.8070]  PACKET_ARRIVAL         pkt=287  node=dst  hop=2
[  24.8070]  PACKET_DELIVER         pkt=287  flow=1  latency=1807.0ms
[  24.9020]  QUEUE_DEQUEUE          pkt=288  node=router  wait=1842.2ms  queue=17/20  state=INCREMENTAL_COMPRESSION
[  24.9020]  PACKET_TRANSMIT        pkt=288  link=router→dst  delay=5.0ms
[  24.9070]  PACKET_ARRIVAL         pkt=288  node=dst  hop=2
[  24.9070]  PACKET_DELIVER         pkt=288  flow=0  latency=1849.2ms
[  25.0000]  PACKET_GENERATE        pkt=316  flow=1  size=100B  pri=0
[  25.0000]  QUEUE_ENQUEUE          pkt=316  node=src1  queue=1/1000 (0%)  state=NORMAL
[  25.0010]  QUEUE_DEQUEUE          pkt=316  node=src1  wait=1.0ms  queue=0/1000  state=NORMAL
[  25.0010]  PACKET_TRANSMIT        pkt=316  link=src1→router  delay=1.0ms
[  25.0020]  PACKET_ARRIVAL         pkt=316  node=router  hop=1
[  25.0020]  QUEUE_ENQUEUE          pkt=316  node=router  queue=18/20 (90%)  state=INCREMENTAL_COMPRESSION
[  25.0020]  QUEUE_DEQUEUE          pkt=289  node=router  wait=1858.3ms  queue=17/20  state=INCREMENTAL_COMPRESSION
[  25.0020]  PACKET_TRANSMIT        pkt=289  link=router→dst  delay=5.0ms
[  25.0070]  PACKET_ARRIVAL         pkt=289  node=dst  hop=2
[  25.0070]  PACKET_DELIVER         pkt=289  flow=0  latency=1865.3ms
[  25.1020]  QUEUE_DEQUEUE          pkt=290  node=router  wait=1946.2ms  queue=16/20  state=INCREMENTAL_COMPRESSION
[  25.1020]  STATE_UPDATE           node=router  INCREMENTAL_COMPRESSION → DELTA_COMPRESSION
[  25.1020]  PACKET_TRANSMIT        pkt=290  link=router→dst  delay=5.0ms
[  25.1070]  PACKET_ARRIVAL         pkt=290  node=dst  hop=2
[  25.1070]  PACKET_DELIVER         pkt=290  flow=0  latency=1953.2ms
[  25.1519]  PACKET_GENERATE        pkt=317  flow=0  size=1495B  pri=1
[  25.1519]  QUEUE_ENQUEUE          pkt=317  node=src0  queue=1/1000 (0%)  state=NORMAL
[  25.1529]  QUEUE_DEQUEUE          pkt=317  node=src0  wait=1.0ms  queue=0/1000  state=NORMAL
[  25.1529]  PACKET_TRANSMIT        pkt=317  link=src0→router  delay=1.0ms
[  25.1539]  PACKET_ARRIVAL         pkt=317  node=router  hop=1
[  25.1539]  QUEUE_ENQUEUE          pkt=317  node=router  queue=17/20 (85%)  state=DELTA_COMPRESSION
[  25.1729]  PACKET_GENERATE        pkt=318  flow=0  size=1430B  pri=1
[  25.1729]  QUEUE_ENQUEUE          pkt=318  node=src0  queue=1/1000 (0%)  state=NORMAL
[  25.1739]  QUEUE_DEQUEUE          pkt=318  node=src0  wait=1.0ms  queue=0/1000  state=NORMAL
[  25.1739]  PACKET_TRANSMIT        pkt=318  link=src0→router  delay=1.0ms
[  25.1749]  PACKET_ARRIVAL         pkt=318  node=router  hop=1
[  25.1749]  QUEUE_ENQUEUE          pkt=318  node=router  queue=18/20 (90%)  state=DELTA_COMPRESSION
[  25.2000]  PACKET_GENERATE        pkt=319  flow=1  size=100B  pri=0
[  25.2000]  QUEUE_ENQUEUE          pkt=319  node=src1  queue=1/1000 (0%)  state=NORMAL
[  25.2010]  QUEUE_DEQUEUE          pkt=319  node=src1  wait=1.0ms  queue=0/1000  state=NORMAL
[  25.2010]  PACKET_TRANSMIT        pkt=319  link=src1→router  delay=1.0ms
[  25.2020]  PACKET_ARRIVAL         pkt=319  node=router  hop=1
[  25.2020]  QUEUE_ENQUEUE          pkt=319  node=router  queue=19/20 (95%)  state=DELTA_COMPRESSION
[  25.2020]  QUEUE_DEQUEUE          pkt=292  node=router  wait=1825.2ms  queue=18/20  state=DELTA_COMPRESSION
[  25.2020]  STATE_UPDATE           node=router  DELTA_COMPRESSION → INCREMENTAL_COMPRESSION
[  25.2020]  PACKET_TRANSMIT        pkt=292  link=router→dst  delay=5.0ms
[  25.2070]  PACKET_ARRIVAL         pkt=292  node=dst  hop=2
[  25.2070]  PACKET_DELIVER         pkt=292  flow=0  latency=1832.2ms
[  25.3020]  QUEUE_DEQUEUE          pkt=293  node=router  wait=1924.2ms  queue=17/20  state=INCREMENTAL_COMPRESSION
[  25.3020]  PACKET_TRANSMIT        pkt=293  link=router→dst  delay=5.0ms
[  25.3070]  PACKET_ARRIVAL         pkt=293  node=dst  hop=2
[  25.3070]  PACKET_DELIVER         pkt=293  flow=0  latency=1931.8ms
[  25.4000]  PACKET_GENERATE        pkt=320  flow=1  size=100B  pri=0
[  25.4000]  QUEUE_ENQUEUE          pkt=320  node=src1  queue=1/1000 (0%)  state=NORMAL
[  25.4010]  QUEUE_DEQUEUE          pkt=320  node=src1  wait=1.0ms  queue=0/1000  state=NORMAL
[  25.4010]  PACKET_TRANSMIT        pkt=320  link=src1→router  delay=1.0ms
[  25.4020]  PACKET_ARRIVAL         pkt=320  node=router  hop=1
[  25.4020]  QUEUE_ENQUEUE          pkt=320  node=router  queue=18/20 (90%)  state=INCREMENTAL_COMPRESSION
[  25.4020]  QUEUE_DEQUEUE          pkt=297  node=router  wait=1884.9ms  queue=17/20  state=INCREMENTAL_COMPRESSION
[  25.4020]  PACKET_TRANSMIT        pkt=297  link=router→dst  delay=5.0ms
[  25.4070]  PACKET_ARRIVAL         pkt=297  node=dst  hop=2
[  25.4070]  PACKET_DELIVER         pkt=297  flow=0  latency=1891.9ms
[  25.4228]  PACKET_GENERATE        pkt=321  flow=0  size=1422B  pri=1
[  25.4228]  QUEUE_ENQUEUE          pkt=321  node=src0  queue=1/1000 (0%)  state=NORMAL
[  25.4238]  QUEUE_DEQUEUE          pkt=321  node=src0  wait=1.0ms  queue=0/1000  state=NORMAL
[  25.4238]  PACKET_TRANSMIT        pkt=321  link=src0→router  delay=1.0ms
[  25.4248]  PACKET_ARRIVAL         pkt=321  node=router  hop=1
[  25.4248]  QUEUE_ENQUEUE          pkt=321  node=router  queue=18/20 (90%)  state=INCREMENTAL_COMPRESSION
[  25.5020]  QUEUE_DEQUEUE          pkt=298  node=router  wait=1900.0ms  queue=17/20  state=INCREMENTAL_COMPRESSION
[  25.5020]  PACKET_TRANSMIT        pkt=298  link=router→dst  delay=5.0ms
[  25.5070]  PACKET_ARRIVAL         pkt=298  node=dst  hop=2
[  25.5070]  PACKET_DELIVER         pkt=298  flow=1  latency=1907.0ms
[  25.6000]  PACKET_GENERATE        pkt=322  flow=1  size=100B  pri=0
[  25.6000]  QUEUE_ENQUEUE          pkt=322  node=src1  queue=1/1000 (0%)  state=NORMAL
[  25.6010]  QUEUE_DEQUEUE          pkt=322  node=src1  wait=1.0ms  queue=0/1000  state=NORMAL
[  25.6010]  PACKET_TRANSMIT        pkt=322  link=src1→router  delay=1.0ms
[  25.6020]  PACKET_ARRIVAL         pkt=322  node=router  hop=1
[  25.6020]  QUEUE_ENQUEUE          pkt=322  node=router  queue=18/20 (90%)  state=INCREMENTAL_COMPRESSION
[  25.6020]  QUEUE_DEQUEUE          pkt=301  node=router  wait=1800.0ms  queue=17/20  state=INCREMENTAL_COMPRESSION
[  25.6020]  PACKET_TRANSMIT        pkt=301  link=router→dst  delay=5.0ms
[  25.6070]  PACKET_ARRIVAL         pkt=301  node=dst  hop=2
[  25.6070]  PACKET_DELIVER         pkt=301  flow=1  latency=1807.0ms
[  25.6894]  PACKET_GENERATE        pkt=323  flow=0  size=1403B  pri=1
[  25.6894]  QUEUE_ENQUEUE          pkt=323  node=src0  queue=1/1000 (0%)  state=NORMAL
[  25.6904]  QUEUE_DEQUEUE          pkt=323  node=src0  wait=1.0ms  queue=0/1000  state=NORMAL
[  25.6904]  PACKET_TRANSMIT        pkt=323  link=src0→router  delay=1.0ms
[  25.6914]  PACKET_ARRIVAL         pkt=323  node=router  hop=1
[  25.6914]  QUEUE_ENQUEUE          pkt=323  node=router  queue=18/20 (90%)  state=INCREMENTAL_COMPRESSION
[  25.7020]  QUEUE_DEQUEUE          pkt=302  node=router  wait=1779.5ms  queue=17/20  state=INCREMENTAL_COMPRESSION
[  25.7020]  PACKET_TRANSMIT        pkt=302  link=router→dst  delay=5.0ms
[  25.7070]  PACKET_ARRIVAL         pkt=302  node=dst  hop=2
[  25.7070]  PACKET_DELIVER         pkt=302  flow=0  latency=1786.5ms
[  25.7141]  PACKET_GENERATE        pkt=324  flow=0  size=1442B  pri=1
[  25.7141]  QUEUE_ENQUEUE          pkt=324  node=src0  queue=1/1000 (0%)  state=NORMAL
[  25.7151]  QUEUE_DEQUEUE          pkt=324  node=src0  wait=1.0ms  queue=0/1000  state=NORMAL
[  25.7151]  PACKET_TRANSMIT        pkt=324  link=src0→router  delay=1.0ms
[  25.7161]  PACKET_ARRIVAL         pkt=324  node=router  hop=1
[  25.7161]  QUEUE_ENQUEUE          pkt=324  node=router  queue=18/20 (90%)  state=INCREMENTAL_COMPRESSION
[  25.8000]  PACKET_GENERATE        pkt=325  flow=1  size=100B  pri=0
[  25.8000]  QUEUE_ENQUEUE          pkt=325  node=src1  queue=1/1000 (0%)  state=NORMAL
[  25.8010]  QUEUE_DEQUEUE          pkt=325  node=src1  wait=1.0ms  queue=0/1000  state=NORMAL
[  25.8010]  PACKET_TRANSMIT        pkt=325  link=src1→router  delay=1.0ms
[  25.8020]  PACKET_ARRIVAL         pkt=325  node=router  hop=1
[  25.8020]  QUEUE_ENQUEUE          pkt=325  node=router  queue=19/20 (95%)  state=INCREMENTAL_COMPRESSION
[  25.8020]  QUEUE_DEQUEUE          pkt=303  node=router  wait=1874.9ms  queue=18/20  state=INCREMENTAL_COMPRESSION
[  25.8020]  PACKET_TRANSMIT        pkt=303  link=router→dst  delay=5.0ms
[  25.8070]  PACKET_ARRIVAL         pkt=303  node=dst  hop=2
[  25.8070]  PACKET_DELIVER         pkt=303  flow=0  latency=1881.9ms
[  25.9020]  QUEUE_DEQUEUE          pkt=304  node=router  wait=1900.0ms  queue=17/20  state=INCREMENTAL_COMPRESSION
[  25.9020]  PACKET_TRANSMIT        pkt=304  link=router→dst  delay=5.0ms
[  25.9047]  PACKET_GENERATE        pkt=326  flow=0  size=1452B  pri=1
[  25.9047]  QUEUE_ENQUEUE          pkt=326  node=src0  queue=1/1000 (0%)  state=NORMAL
[  25.9057]  QUEUE_DEQUEUE          pkt=326  node=src0  wait=1.0ms  queue=0/1000  state=NORMAL
[  25.9057]  PACKET_TRANSMIT        pkt=326  link=src0→router  delay=1.0ms
[  25.9067]  PACKET_ARRIVAL         pkt=326  node=router  hop=1
[  25.9067]  QUEUE_ENQUEUE          pkt=326  node=router  queue=18/20 (90%)  state=INCREMENTAL_COMPRESSION
[  25.9070]  PACKET_ARRIVAL         pkt=304  node=dst  hop=2
[  25.9070]  PACKET_DELIVER         pkt=304  flow=1  latency=1907.0ms
[  26.0000]  PACKET_GENERATE        pkt=327  flow=1  size=100B  pri=0
[  26.0000]  QUEUE_ENQUEUE          pkt=327  node=src1  queue=1/1000 (0%)  state=NORMAL
[  26.0010]  QUEUE_DEQUEUE          pkt=327  node=src1  wait=1.0ms  queue=0/1000  state=NORMAL
[  26.0010]  PACKET_TRANSMIT        pkt=327  link=src1→router  delay=1.0ms
[  26.0020]  PACKET_ARRIVAL         pkt=327  node=router  hop=1
[  26.0020]  QUEUE_ENQUEUE          pkt=327  node=router  queue=19/20 (95%)  state=INCREMENTAL_COMPRESSION
[  26.0020]  QUEUE_DEQUEUE          pkt=306  node=router  wait=1895.5ms  queue=18/20  state=INCREMENTAL_COMPRESSION
[  26.0020]  PACKET_TRANSMIT        pkt=306  link=router→dst  delay=5.0ms
[  26.0070]  PACKET_ARRIVAL         pkt=306  node=dst  hop=2
[  26.0070]  PACKET_DELIVER         pkt=306  flow=0  latency=1902.5ms
[  26.1020]  QUEUE_DEQUEUE          pkt=307  node=router  wait=1949.4ms  queue=17/20  state=INCREMENTAL_COMPRESSION
[  26.1020]  PACKET_TRANSMIT        pkt=307  link=router→dst  delay=5.0ms
[  26.1070]  PACKET_ARRIVAL         pkt=307  node=dst  hop=2
[  26.1070]  PACKET_DELIVER         pkt=307  flow=0  latency=1956.4ms
[  26.1073]  PACKET_GENERATE        pkt=328  flow=0  size=1494B  pri=1
[  26.1073]  QUEUE_ENQUEUE          pkt=328  node=src0  queue=1/1000 (0%)  state=NORMAL
[  26.1083]  QUEUE_DEQUEUE          pkt=328  node=src0  wait=1.0ms  queue=0/1000  state=NORMAL
[  26.1083]  PACKET_TRANSMIT        pkt=328  link=src0→router  delay=1.0ms
[  26.1093]  PACKET_ARRIVAL         pkt=328  node=router  hop=1
[  26.1093]  QUEUE_ENQUEUE          pkt=328  node=router  queue=18/20 (90%)  state=INCREMENTAL_COMPRESSION
[  26.2000]  PACKET_GENERATE        pkt=329  flow=1  size=100B  pri=0
[  26.2000]  QUEUE_ENQUEUE          pkt=329  node=src1  queue=1/1000 (0%)  state=NORMAL
[  26.2010]  QUEUE_DEQUEUE          pkt=329  node=src1  wait=1.0ms  queue=0/1000  state=NORMAL
[  26.2010]  PACKET_TRANSMIT        pkt=329  link=src1→router  delay=1.0ms
[  26.2020]  PACKET_ARRIVAL         pkt=329  node=router  hop=1
[  26.2020]  QUEUE_ENQUEUE          pkt=329  node=router  queue=19/20 (95%)  state=INCREMENTAL_COMPRESSION
[  26.2020]  QUEUE_DEQUEUE          pkt=309  node=router  wait=1800.0ms  queue=18/20  state=INCREMENTAL_COMPRESSION
[  26.2020]  PACKET_TRANSMIT        pkt=309  link=router→dst  delay=5.0ms
[  26.2070]  PACKET_ARRIVAL         pkt=309  node=dst  hop=2
[  26.2070]  PACKET_DELIVER         pkt=309  flow=1  latency=1807.0ms
[  26.3020]  QUEUE_DEQUEUE          pkt=310  node=router  wait=1862.9ms  queue=17/20  state=INCREMENTAL_COMPRESSION
[  26.3020]  PACKET_TRANSMIT        pkt=310  link=router→dst  delay=5.0ms
[  26.3070]  PACKET_ARRIVAL         pkt=310  node=dst  hop=2
[  26.3070]  PACKET_DELIVER         pkt=310  flow=0  latency=1869.9ms
[  26.3154]  PACKET_GENERATE        pkt=330  flow=0  size=1434B  pri=1
[  26.3154]  QUEUE_ENQUEUE          pkt=330  node=src0  queue=1/1000 (0%)  state=NORMAL
[  26.3164]  QUEUE_DEQUEUE          pkt=330  node=src0  wait=1.0ms  queue=0/1000  state=NORMAL
[  26.3164]  PACKET_TRANSMIT        pkt=330  link=src0→router  delay=1.0ms
[  26.3174]  PACKET_ARRIVAL         pkt=330  node=router  hop=1
[  26.3174]  QUEUE_ENQUEUE          pkt=330  node=router  queue=18/20 (90%)  state=INCREMENTAL_COMPRESSION
[  26.3370]  PACKET_GENERATE        pkt=331  flow=0  size=1489B  pri=1
[  26.3370]  QUEUE_ENQUEUE          pkt=331  node=src0  queue=1/1000 (0%)  state=NORMAL
[  26.3380]  QUEUE_DEQUEUE          pkt=331  node=src0  wait=1.0ms  queue=0/1000  state=NORMAL
[  26.3380]  PACKET_TRANSMIT        pkt=331  link=src0→router  delay=1.0ms
[  26.3390]  PACKET_ARRIVAL         pkt=331  node=router  hop=1
[  26.3390]  QUEUE_ENQUEUE          pkt=331  node=router  queue=19/20 (95%)  state=INCREMENTAL_COMPRESSION
[  26.3513]  PACKET_GENERATE        pkt=332  flow=0  size=1404B  pri=1
[  26.3513]  QUEUE_ENQUEUE          pkt=332  node=src0  queue=1/1000 (0%)  state=NORMAL
[  26.3523]  QUEUE_DEQUEUE          pkt=332  node=src0  wait=1.0ms  queue=0/1000  state=NORMAL
[  26.3523]  PACKET_TRANSMIT        pkt=332  link=src0→router  delay=1.0ms
[  26.3533]  PACKET_ARRIVAL         pkt=332  node=router  hop=1
[  26.3533]  QUEUE_ENQUEUE          pkt=332  node=router  queue=20/20 (100%)  state=INCREMENTAL_COMPRESSION
[  26.4000]  PACKET_GENERATE        pkt=333  flow=1  size=100B  pri=0
[  26.4000]  QUEUE_ENQUEUE          pkt=333  node=src1  queue=1/1000 (0%)  state=NORMAL
[  26.4010]  QUEUE_DEQUEUE          pkt=333  node=src1  wait=1.0ms  queue=0/1000  state=NORMAL
[  26.4010]  PACKET_TRANSMIT        pkt=333  link=src1→router  delay=1.0ms
[  26.4020]  PACKET_ARRIVAL         pkt=333  node=router  hop=1
[  26.4020]  QUEUE_DROP(full)       pkt=333  node=router  pri=0  queue=20/20 FULL
[  26.4020]  QUEUE_DEQUEUE          pkt=311  node=router  wait=1819.7ms  queue=19/20  state=INCREMENTAL_COMPRESSION
[  26.4020]  STATE_UPDATE           node=router  INCREMENTAL_COMPRESSION → DROP_LOW_PRIORITY
[  26.4020]  PACKET_TRANSMIT        pkt=311  link=router→dst  delay=5.0ms
[  26.4070]  PACKET_ARRIVAL         pkt=311  node=dst  hop=2
[  26.4070]  PACKET_DELIVER         pkt=311  flow=0  latency=1826.7ms
[  26.5020]  QUEUE_DEQUEUE          pkt=312  node=router  wait=1906.1ms  queue=18/20  state=DROP_LOW_PRIORITY
[  26.5020]  STATE_UPDATE           node=router  DROP_LOW_PRIORITY → INCREMENTAL_COMPRESSION
[  26.5020]  PACKET_TRANSMIT        pkt=312  link=router→dst  delay=5.0ms
[  26.5070]  PACKET_ARRIVAL         pkt=312  node=dst  hop=2
[  26.5070]  PACKET_DELIVER         pkt=312  flow=0  latency=1913.1ms
[  26.5958]  PACKET_GENERATE        pkt=334  flow=0  size=1428B  pri=1
[  26.5958]  QUEUE_ENQUEUE          pkt=334  node=src0  queue=1/1000 (0%)  state=NORMAL
[  26.5968]  QUEUE_DEQUEUE          pkt=334  node=src0  wait=1.0ms  queue=0/1000  state=NORMAL
[  26.5968]  PACKET_TRANSMIT        pkt=334  link=src0→router  delay=1.0ms
[  26.5978]  PACKET_ARRIVAL         pkt=334  node=router  hop=1
[  26.5978]  QUEUE_ENQUEUE          pkt=334  node=router  queue=19/20 (95%)  state=INCREMENTAL_COMPRESSION
[  26.6000]  PACKET_GENERATE        pkt=335  flow=1  size=100B  pri=0
[  26.6000]  QUEUE_ENQUEUE          pkt=335  node=src1  queue=1/1000 (0%)  state=NORMAL
[  26.6010]  QUEUE_DEQUEUE          pkt=335  node=src1  wait=1.0ms  queue=0/1000  state=NORMAL
[  26.6010]  PACKET_TRANSMIT        pkt=335  link=src1→router  delay=1.0ms
[  26.6020]  PACKET_ARRIVAL         pkt=335  node=router  hop=1
[  26.6020]  QUEUE_ENQUEUE          pkt=335  node=router  queue=20/20 (100%)  state=INCREMENTAL_COMPRESSION
[  26.6020]  QUEUE_DEQUEUE          pkt=315  node=router  wait=1800.0ms  queue=19/20  state=INCREMENTAL_COMPRESSION
[  26.6020]  STATE_UPDATE           node=router  INCREMENTAL_COMPRESSION → DROP_LOW_PRIORITY
[  26.6020]  PACKET_TRANSMIT        pkt=315  link=router→dst  delay=5.0ms
[  26.6070]  PACKET_ARRIVAL         pkt=315  node=dst  hop=2
[  26.6070]  PACKET_DELIVER         pkt=315  flow=1  latency=1807.0ms
[  26.6237]  PACKET_GENERATE        pkt=336  flow=0  size=1458B  pri=1
[  26.6237]  QUEUE_ENQUEUE          pkt=336  node=src0  queue=1/1000 (0%)  state=NORMAL
[  26.6247]  QUEUE_DEQUEUE          pkt=336  node=src0  wait=1.0ms  queue=0/1000  state=NORMAL
[  26.6247]  PACKET_TRANSMIT        pkt=336  link=src0→router  delay=1.0ms
[  26.6257]  PACKET_ARRIVAL         pkt=336  node=router  hop=1
[  26.6257]  QUEUE_DROP(congestion) pkt=336  node=router  pri=1  state=DROP_LOW_PRIORITY
[  26.6775]  PACKET_GENERATE        pkt=337  flow=0  size=1429B  pri=1
[  26.6775]  QUEUE_ENQUEUE          pkt=337  node=src0  queue=1/1000 (0%)  state=NORMAL
[  26.6785]  QUEUE_DEQUEUE          pkt=337  node=src0  wait=1.0ms  queue=0/1000  state=NORMAL
[  26.6785]  PACKET_TRANSMIT        pkt=337  link=src0→router  delay=1.0ms
[  26.6795]  PACKET_ARRIVAL         pkt=337  node=router  hop=1
[  26.6795]  QUEUE_DROP(congestion) pkt=337  node=router  pri=1  state=DROP_LOW_PRIORITY
[  26.7020]  QUEUE_DEQUEUE          pkt=316  node=router  wait=1700.0ms  queue=18/20  state=DROP_LOW_PRIORITY
[  26.7020]  STATE_UPDATE           node=router  DROP_LOW_PRIORITY → INCREMENTAL_COMPRESSION
[  26.7020]  PACKET_TRANSMIT        pkt=316  link=router→dst  delay=5.0ms
[  26.7070]  PACKET_ARRIVAL         pkt=316  node=dst  hop=2
[  26.7070]  PACKET_DELIVER         pkt=316  flow=1  latency=1707.0ms
[  26.7090]  PACKET_GENERATE        pkt=338  flow=0  size=1484B  pri=1
[  26.7090]  QUEUE_ENQUEUE          pkt=338  node=src0  queue=1/1000 (0%)  state=NORMAL
[  26.7100]  QUEUE_DEQUEUE          pkt=338  node=src0  wait=1.0ms  queue=0/1000  state=NORMAL
[  26.7100]  PACKET_TRANSMIT        pkt=338  link=src0→router  delay=1.0ms
[  26.7110]  PACKET_ARRIVAL         pkt=338  node=router  hop=1
[  26.7110]  QUEUE_ENQUEUE          pkt=338  node=router  queue=19/20 (95%)  state=INCREMENTAL_COMPRESSION
[  26.7358]  PACKET_GENERATE        pkt=339  flow=0  size=1442B  pri=1
[  26.7358]  QUEUE_ENQUEUE          pkt=339  node=src0  queue=1/1000 (0%)  state=NORMAL
[  26.7368]  QUEUE_DEQUEUE          pkt=339  node=src0  wait=1.0ms  queue=0/1000  state=NORMAL
[  26.7368]  PACKET_TRANSMIT        pkt=339  link=src0→router  delay=1.0ms
[  26.7378]  PACKET_ARRIVAL         pkt=339  node=router  hop=1
[  26.7378]  QUEUE_ENQUEUE          pkt=339  node=router  queue=20/20 (100%)  state=INCREMENTAL_COMPRESSION
[  26.7766]  PACKET_GENERATE        pkt=340  flow=0  size=1408B  pri=1
[  26.7766]  QUEUE_ENQUEUE          pkt=340  node=src0  queue=1/1000 (0%)  state=NORMAL
[  26.7776]  QUEUE_DEQUEUE          pkt=340  node=src0  wait=1.0ms  queue=0/1000  state=NORMAL
[  26.7776]  PACKET_TRANSMIT        pkt=340  link=src0→router  delay=1.0ms
[  26.7786]  PACKET_ARRIVAL         pkt=340  node=router  hop=1
[  26.7786]  QUEUE_DROP(full)       pkt=340  node=router  pri=1  queue=20/20 FULL
[  26.8000]  PACKET_GENERATE        pkt=341  flow=1  size=100B  pri=0
[  26.8000]  QUEUE_ENQUEUE          pkt=341  node=src1  queue=1/1000 (0%)  state=NORMAL
[  26.8010]  QUEUE_DEQUEUE          pkt=341  node=src1  wait=1.0ms  queue=0/1000  state=NORMAL
[  26.8010]  PACKET_TRANSMIT        pkt=341  link=src1→router  delay=1.0ms
[  26.8020]  PACKET_ARRIVAL         pkt=341  node=router  hop=1
[  26.8020]  QUEUE_DROP(full)       pkt=341  node=router  pri=0  queue=20/20 FULL
[  26.8020]  QUEUE_DEQUEUE          pkt=317  node=router  wait=1648.1ms  queue=19/20  state=INCREMENTAL_COMPRESSION
[  26.8020]  STATE_UPDATE           node=router  INCREMENTAL_COMPRESSION → DROP_LOW_PRIORITY
[  26.8020]  PACKET_TRANSMIT        pkt=317  link=router→dst  delay=5.0ms
[  26.8070]  PACKET_ARRIVAL         pkt=317  node=dst  hop=2
[  26.8070]  PACKET_DELIVER         pkt=317  flow=0  latency=1655.1ms
[  26.9020]  QUEUE_DEQUEUE          pkt=318  node=router  wait=1727.1ms  queue=18/20  state=DROP_LOW_PRIORITY
[  26.9020]  STATE_UPDATE           node=router  DROP_LOW_PRIORITY → INCREMENTAL_COMPRESSION
[  26.9020]  PACKET_TRANSMIT        pkt=318  link=router→dst  delay=5.0ms
[  26.9070]  PACKET_ARRIVAL         pkt=318  node=dst  hop=2
[  26.9070]  PACKET_DELIVER         pkt=318  flow=0  latency=1734.1ms
[  27.0000]  PACKET_GENERATE        pkt=342  flow=1  size=100B  pri=0
[  27.0000]  QUEUE_ENQUEUE          pkt=342  node=src1  queue=1/1000 (0%)  state=NORMAL
[  27.0010]  QUEUE_DEQUEUE          pkt=342  node=src1  wait=1.0ms  queue=0/1000  state=NORMAL
[  27.0010]  PACKET_TRANSMIT        pkt=342  link=src1→router  delay=1.0ms
[  27.0020]  PACKET_ARRIVAL         pkt=342  node=router  hop=1
[  27.0020]  QUEUE_ENQUEUE          pkt=342  node=router  queue=19/20 (95%)  state=INCREMENTAL_COMPRESSION
[  27.0020]  QUEUE_DEQUEUE          pkt=319  node=router  wait=1800.0ms  queue=18/20  state=INCREMENTAL_COMPRESSION
[  27.0020]  PACKET_TRANSMIT        pkt=319  link=router→dst  delay=5.0ms
[  27.0070]  PACKET_ARRIVAL         pkt=319  node=dst  hop=2
[  27.0070]  PACKET_DELIVER         pkt=319  flow=1  latency=1807.0ms
[  27.1020]  QUEUE_DEQUEUE          pkt=320  node=router  wait=1700.0ms  queue=17/20  state=INCREMENTAL_COMPRESSION
[  27.1020]  PACKET_TRANSMIT        pkt=320  link=router→dst  delay=5.0ms
[  27.1070]  PACKET_ARRIVAL         pkt=320  node=dst  hop=2
[  27.1070]  PACKET_DELIVER         pkt=320  flow=1  latency=1707.0ms
[  27.2000]  PACKET_GENERATE        pkt=343  flow=1  size=100B  pri=0
[  27.2000]  QUEUE_ENQUEUE          pkt=343  node=src1  queue=1/1000 (0%)  state=NORMAL
[  27.2010]  QUEUE_DEQUEUE          pkt=343  node=src1  wait=1.0ms  queue=0/1000  state=NORMAL
[  27.2010]  PACKET_TRANSMIT        pkt=343  link=src1→router  delay=1.0ms
[  27.2020]  PACKET_ARRIVAL         pkt=343  node=router  hop=1
[  27.2020]  QUEUE_ENQUEUE          pkt=343  node=router  queue=18/20 (90%)  state=INCREMENTAL_COMPRESSION
[  27.2020]  QUEUE_DEQUEUE          pkt=321  node=router  wait=1777.2ms  queue=17/20  state=INCREMENTAL_COMPRESSION
[  27.2020]  PACKET_TRANSMIT        pkt=321  link=router→dst  delay=5.0ms
[  27.2026]  PACKET_GENERATE        pkt=344  flow=0  size=1435B  pri=1
[  27.2026]  QUEUE_ENQUEUE          pkt=344  node=src0  queue=1/1000 (0%)  state=NORMAL
[  27.2036]  QUEUE_DEQUEUE          pkt=344  node=src0  wait=1.0ms  queue=0/1000  state=NORMAL
[  27.2036]  PACKET_TRANSMIT        pkt=344  link=src0→router  delay=1.0ms
[  27.2046]  PACKET_ARRIVAL         pkt=344  node=router  hop=1
[  27.2046]  QUEUE_ENQUEUE          pkt=344  node=router  queue=18/20 (90%)  state=INCREMENTAL_COMPRESSION
[  27.2070]  PACKET_ARRIVAL         pkt=321  node=dst  hop=2
[  27.2070]  PACKET_DELIVER         pkt=321  flow=0  latency=1784.2ms
[  27.2567]  PACKET_GENERATE        pkt=345  flow=0  size=1465B  pri=1
[  27.2567]  QUEUE_ENQUEUE          pkt=345  node=src0  queue=1/1000 (0%)  state=NORMAL
[  27.2577]  QUEUE_DEQUEUE          pkt=345  node=src0  wait=1.0ms  queue=0/1000  state=NORMAL
[  27.2577]  PACKET_TRANSMIT        pkt=345  link=src0→router  delay=1.0ms
[  27.2587]  PACKET_ARRIVAL         pkt=345  node=router  hop=1
[  27.2587]  QUEUE_ENQUEUE          pkt=345  node=router  queue=19/20 (95%)  state=INCREMENTAL_COMPRESSION
[  27.3020]  QUEUE_DEQUEUE          pkt=322  node=router  wait=1700.0ms  queue=18/20  state=INCREMENTAL_COMPRESSION
[  27.3020]  PACKET_TRANSMIT        pkt=322  link=router→dst  delay=5.0ms
[  27.3070]  PACKET_ARRIVAL         pkt=322  node=dst  hop=2
[  27.3070]  PACKET_DELIVER         pkt=322  flow=1  latency=1707.0ms
[  27.3205]  PACKET_GENERATE        pkt=346  flow=0  size=1468B  pri=1
[  27.3205]  QUEUE_ENQUEUE          pkt=346  node=src0  queue=1/1000 (0%)  state=NORMAL
[  27.3215]  QUEUE_DEQUEUE          pkt=346  node=src0  wait=1.0ms  queue=0/1000  state=NORMAL
[  27.3215]  PACKET_TRANSMIT        pkt=346  link=src0→router  delay=1.0ms
[  27.3225]  PACKET_ARRIVAL         pkt=346  node=router  hop=1
[  27.3225]  QUEUE_ENQUEUE          pkt=346  node=router  queue=19/20 (95%)  state=INCREMENTAL_COMPRESSION
[  27.3707]  PACKET_GENERATE        pkt=347  flow=0  size=1403B  pri=1
[  27.3707]  QUEUE_ENQUEUE          pkt=347  node=src0  queue=1/1000 (0%)  state=NORMAL
[  27.3717]  QUEUE_DEQUEUE          pkt=347  node=src0  wait=1.0ms  queue=0/1000  state=NORMAL
[  27.3717]  PACKET_TRANSMIT        pkt=347  link=src0→router  delay=1.0ms
[  27.3727]  PACKET_ARRIVAL         pkt=347  node=router  hop=1
[  27.3727]  QUEUE_ENQUEUE          pkt=347  node=router  queue=20/20 (100%)  state=INCREMENTAL_COMPRESSION
[  27.3861]  PACKET_GENERATE        pkt=348  flow=0  size=1433B  pri=1
[  27.3861]  QUEUE_ENQUEUE          pkt=348  node=src0  queue=1/1000 (0%)  state=NORMAL
[  27.3871]  QUEUE_DEQUEUE          pkt=348  node=src0  wait=1.0ms  queue=0/1000  state=NORMAL
[  27.3871]  PACKET_TRANSMIT        pkt=348  link=src0→router  delay=1.0ms
[  27.3881]  PACKET_ARRIVAL         pkt=348  node=router  hop=1
[  27.3881]  QUEUE_DROP(full)       pkt=348  node=router  pri=1  queue=20/20 FULL
[  27.4000]  PACKET_GENERATE        pkt=349  flow=1  size=100B  pri=0
[  27.4000]  QUEUE_ENQUEUE          pkt=349  node=src1  queue=1/1000 (0%)  state=NORMAL
[  27.4010]  QUEUE_DEQUEUE          pkt=349  node=src1  wait=1.0ms  queue=0/1000  state=NORMAL
[  27.4010]  PACKET_TRANSMIT        pkt=349  link=src1→router  delay=1.0ms
[  27.4020]  PACKET_ARRIVAL         pkt=349  node=router  hop=1
[  27.4020]  QUEUE_DROP(full)       pkt=349  node=router  pri=0  queue=20/20 FULL
[  27.4020]  QUEUE_DEQUEUE          pkt=323  node=router  wait=1710.6ms  queue=19/20  state=INCREMENTAL_COMPRESSION
[  27.4020]  STATE_UPDATE           node=router  INCREMENTAL_COMPRESSION → DROP_LOW_PRIORITY
[  27.4020]  PACKET_TRANSMIT        pkt=323  link=router→dst  delay=5.0ms
[  27.4070]  PACKET_ARRIVAL         pkt=323  node=dst  hop=2
[  27.4070]  PACKET_DELIVER         pkt=323  flow=0  latency=1717.6ms
[  27.4107]  PACKET_GENERATE        pkt=350  flow=0  size=1433B  pri=1
[  27.4107]  QUEUE_ENQUEUE          pkt=350  node=src0  queue=1/1000 (0%)  state=NORMAL
[  27.4117]  QUEUE_DEQUEUE          pkt=350  node=src0  wait=1.0ms  queue=0/1000  state=NORMAL
[  27.4117]  PACKET_TRANSMIT        pkt=350  link=src0→router  delay=1.0ms
[  27.4127]  PACKET_ARRIVAL         pkt=350  node=router  hop=1
[  27.4127]  QUEUE_DROP(congestion) pkt=350  node=router  pri=1  state=DROP_LOW_PRIORITY
[  27.4155]  PACKET_GENERATE        pkt=351  flow=0  size=1476B  pri=1
[  27.4155]  QUEUE_ENQUEUE          pkt=351  node=src0  queue=1/1000 (0%)  state=NORMAL
[  27.4165]  QUEUE_DEQUEUE          pkt=351  node=src0  wait=1.0ms  queue=0/1000  state=NORMAL
[  27.4165]  PACKET_TRANSMIT        pkt=351  link=src0→router  delay=1.0ms
[  27.4175]  PACKET_ARRIVAL         pkt=351  node=router  hop=1
[  27.4175]  QUEUE_DROP(congestion) pkt=351  node=router  pri=1  state=DROP_LOW_PRIORITY
[  27.4868]  PACKET_GENERATE        pkt=352  flow=0  size=1493B  pri=1
[  27.4868]  QUEUE_ENQUEUE          pkt=352  node=src0  queue=1/1000 (0%)  state=NORMAL
[  27.4878]  QUEUE_DEQUEUE          pkt=352  node=src0  wait=1.0ms  queue=0/1000  state=NORMAL
[  27.4878]  PACKET_TRANSMIT        pkt=352  link=src0→router  delay=1.0ms
[  27.4888]  PACKET_ARRIVAL         pkt=352  node=router  hop=1
[  27.4888]  QUEUE_DROP(congestion) pkt=352  node=router  pri=1  state=DROP_LOW_PRIORITY
[  27.5020]  QUEUE_DEQUEUE          pkt=324  node=router  wait=1785.9ms  queue=18/20  state=DROP_LOW_PRIORITY
[  27.5020]  STATE_UPDATE           node=router  DROP_LOW_PRIORITY → INCREMENTAL_COMPRESSION
[  27.5020]  PACKET_TRANSMIT        pkt=324  link=router→dst  delay=5.0ms
[  27.5070]  PACKET_ARRIVAL         pkt=324  node=dst  hop=2
[  27.5070]  PACKET_DELIVER         pkt=324  flow=0  latency=1792.9ms
[  27.6000]  PACKET_GENERATE        pkt=353  flow=1  size=100B  pri=0
[  27.6000]  QUEUE_ENQUEUE          pkt=353  node=src1  queue=1/1000 (0%)  state=NORMAL
[  27.6010]  QUEUE_DEQUEUE          pkt=353  node=src1  wait=1.0ms  queue=0/1000  state=NORMAL
[  27.6010]  PACKET_TRANSMIT        pkt=353  link=src1→router  delay=1.0ms
[  27.6020]  PACKET_ARRIVAL         pkt=353  node=router  hop=1
[  27.6020]  QUEUE_ENQUEUE          pkt=353  node=router  queue=19/20 (95%)  state=INCREMENTAL_COMPRESSION
[  27.6020]  QUEUE_DEQUEUE          pkt=325  node=router  wait=1800.0ms  queue=18/20  state=INCREMENTAL_COMPRESSION
[  27.6020]  PACKET_TRANSMIT        pkt=325  link=router→dst  delay=5.0ms
[  27.6070]  PACKET_ARRIVAL         pkt=325  node=dst  hop=2
[  27.6070]  PACKET_DELIVER         pkt=325  flow=1  latency=1807.0ms
[  27.6798]  PACKET_GENERATE        pkt=354  flow=0  size=1455B  pri=1
[  27.6798]  QUEUE_ENQUEUE          pkt=354  node=src0  queue=1/1000 (0%)  state=NORMAL
[  27.6808]  QUEUE_DEQUEUE          pkt=354  node=src0  wait=1.0ms  queue=0/1000  state=NORMAL
[  27.6808]  PACKET_TRANSMIT        pkt=354  link=src0→router  delay=1.0ms
[  27.6818]  PACKET_ARRIVAL         pkt=354  node=router  hop=1
[  27.6818]  QUEUE_ENQUEUE          pkt=354  node=router  queue=19/20 (95%)  state=INCREMENTAL_COMPRESSION
[  27.7020]  QUEUE_DEQUEUE          pkt=326  node=router  wait=1795.3ms  queue=18/20  state=INCREMENTAL_COMPRESSION
[  27.7020]  PACKET_TRANSMIT        pkt=326  link=router→dst  delay=5.0ms
[  27.7070]  PACKET_ARRIVAL         pkt=326  node=dst  hop=2
[  27.7070]  PACKET_DELIVER         pkt=326  flow=0  latency=1802.3ms
[  27.7963]  PACKET_GENERATE        pkt=355  flow=0  size=1465B  pri=1
[  27.7963]  QUEUE_ENQUEUE          pkt=355  node=src0  queue=1/1000 (0%)  state=NORMAL
[  27.7973]  QUEUE_DEQUEUE          pkt=355  node=src0  wait=1.0ms  queue=0/1000  state=NORMAL
[  27.7973]  PACKET_TRANSMIT        pkt=355  link=src0→router  delay=1.0ms
[  27.7983]  PACKET_ARRIVAL         pkt=355  node=router  hop=1
[  27.7983]  QUEUE_ENQUEUE          pkt=355  node=router  queue=19/20 (95%)  state=INCREMENTAL_COMPRESSION
[  27.8000]  PACKET_GENERATE        pkt=356  flow=1  size=100B  pri=0
[  27.8000]  QUEUE_ENQUEUE          pkt=356  node=src1  queue=1/1000 (0%)  state=NORMAL
[  27.8010]  QUEUE_DEQUEUE          pkt=356  node=src1  wait=1.0ms  queue=0/1000  state=NORMAL
[  27.8010]  PACKET_TRANSMIT        pkt=356  link=src1→router  delay=1.0ms
[  27.8020]  PACKET_ARRIVAL         pkt=356  node=router  hop=1
[  27.8020]  QUEUE_ENQUEUE          pkt=356  node=router  queue=20/20 (100%)  state=INCREMENTAL_COMPRESSION
[  27.8020]  QUEUE_DEQUEUE          pkt=327  node=router  wait=1800.0ms  queue=19/20  state=INCREMENTAL_COMPRESSION
[  27.8020]  STATE_UPDATE           node=router  INCREMENTAL_COMPRESSION → DROP_LOW_PRIORITY
[  27.8020]  PACKET_TRANSMIT        pkt=327  link=router→dst  delay=5.0ms
[  27.8070]  PACKET_ARRIVAL         pkt=327  node=dst  hop=2
[  27.8070]  PACKET_DELIVER         pkt=327  flow=1  latency=1807.0ms
[  27.8116]  PACKET_GENERATE        pkt=357  flow=0  size=1473B  pri=1
[  27.8116]  QUEUE_ENQUEUE          pkt=357  node=src0  queue=1/1000 (0%)  state=NORMAL
[  27.8126]  QUEUE_DEQUEUE          pkt=357  node=src0  wait=1.0ms  queue=0/1000  state=NORMAL
[  27.8126]  PACKET_TRANSMIT        pkt=357  link=src0→router  delay=1.0ms
[  27.8136]  PACKET_ARRIVAL         pkt=357  node=router  hop=1
[  27.8136]  QUEUE_DROP(congestion) pkt=357  node=router  pri=1  state=DROP_LOW_PRIORITY
[  27.8380]  PACKET_GENERATE        pkt=358  flow=0  size=1405B  pri=1
[  27.8380]  QUEUE_ENQUEUE          pkt=358  node=src0  queue=1/1000 (0%)  state=NORMAL
[  27.8390]  QUEUE_DEQUEUE          pkt=358  node=src0  wait=1.0ms  queue=0/1000  state=NORMAL
[  27.8390]  PACKET_TRANSMIT        pkt=358  link=src0→router  delay=1.0ms
[  27.8400]  PACKET_ARRIVAL         pkt=358  node=router  hop=1
[  27.8400]  QUEUE_DROP(congestion) pkt=358  node=router  pri=1  state=DROP_LOW_PRIORITY
[  27.9020]  QUEUE_DEQUEUE          pkt=328  node=router  wait=1792.7ms  queue=18/20  state=DROP_LOW_PRIORITY
[  27.9020]  STATE_UPDATE           node=router  DROP_LOW_PRIORITY → INCREMENTAL_COMPRESSION
[  27.9020]  PACKET_TRANSMIT        pkt=328  link=router→dst  delay=5.0ms
[  27.9070]  PACKET_ARRIVAL         pkt=328  node=dst  hop=2
[  27.9070]  PACKET_DELIVER         pkt=328  flow=0  latency=1799.7ms
[  27.9922]  PACKET_GENERATE        pkt=359  flow=0  size=1400B  pri=1
[  27.9922]  QUEUE_ENQUEUE          pkt=359  node=src0  queue=1/1000 (0%)  state=NORMAL
[  27.9932]  QUEUE_DEQUEUE          pkt=359  node=src0  wait=1.0ms  queue=0/1000  state=NORMAL
[  27.9932]  PACKET_TRANSMIT        pkt=359  link=src0→router  delay=1.0ms
[  27.9942]  PACKET_ARRIVAL         pkt=359  node=router  hop=1
[  27.9942]  QUEUE_ENQUEUE          pkt=359  node=router  queue=19/20 (95%)  state=INCREMENTAL_COMPRESSION
[  28.0000]  PACKET_GENERATE        pkt=360  flow=1  size=100B  pri=0
[  28.0000]  QUEUE_ENQUEUE          pkt=360  node=src1  queue=1/1000 (0%)  state=NORMAL
[  28.0010]  QUEUE_DEQUEUE          pkt=360  node=src1  wait=1.0ms  queue=0/1000  state=NORMAL
[  28.0010]  PACKET_TRANSMIT        pkt=360  link=src1→router  delay=1.0ms
[  28.0020]  PACKET_ARRIVAL         pkt=360  node=router  hop=1
[  28.0020]  QUEUE_ENQUEUE          pkt=360  node=router  queue=20/20 (100%)  state=INCREMENTAL_COMPRESSION
[  28.0020]  QUEUE_DEQUEUE          pkt=329  node=router  wait=1800.0ms  queue=19/20  state=INCREMENTAL_COMPRESSION
[  28.0020]  STATE_UPDATE           node=router  INCREMENTAL_COMPRESSION → DROP_LOW_PRIORITY
[  28.0020]  PACKET_TRANSMIT        pkt=329  link=router→dst  delay=5.0ms
[  28.0070]  PACKET_ARRIVAL         pkt=329  node=dst  hop=2
[  28.0070]  PACKET_DELIVER         pkt=329  flow=1  latency=1807.0ms
[  28.0839]  PACKET_GENERATE        pkt=361  flow=0  size=1468B  pri=1
[  28.0839]  QUEUE_ENQUEUE          pkt=361  node=src0  queue=1/1000 (0%)  state=NORMAL
[  28.0849]  QUEUE_DEQUEUE          pkt=361  node=src0  wait=1.0ms  queue=0/1000  state=NORMAL
[  28.0849]  PACKET_TRANSMIT        pkt=361  link=src0→router  delay=1.0ms
[  28.0859]  PACKET_ARRIVAL         pkt=361  node=router  hop=1
[  28.0859]  QUEUE_DROP(congestion) pkt=361  node=router  pri=1  state=DROP_LOW_PRIORITY
[  28.1020]  QUEUE_DEQUEUE          pkt=330  node=router  wait=1784.6ms  queue=18/20  state=DROP_LOW_PRIORITY
[  28.1020]  STATE_UPDATE           node=router  DROP_LOW_PRIORITY → INCREMENTAL_COMPRESSION
[  28.1020]  PACKET_TRANSMIT        pkt=330  link=router→dst  delay=5.0ms
[  28.1070]  PACKET_ARRIVAL         pkt=330  node=dst  hop=2
[  28.1070]  PACKET_DELIVER         pkt=330  flow=0  latency=1791.6ms
[  28.2000]  PACKET_GENERATE        pkt=362  flow=1  size=100B  pri=0
[  28.2000]  QUEUE_ENQUEUE          pkt=362  node=src1  queue=1/1000 (0%)  state=NORMAL
[  28.2010]  QUEUE_DEQUEUE          pkt=362  node=src1  wait=1.0ms  queue=0/1000  state=NORMAL
[  28.2010]  PACKET_TRANSMIT        pkt=362  link=src1→router  delay=1.0ms
[  28.2020]  PACKET_ARRIVAL         pkt=362  node=router  hop=1
[  28.2020]  QUEUE_ENQUEUE          pkt=362  node=router  queue=19/20 (95%)  state=INCREMENTAL_COMPRESSION
[  28.2020]  QUEUE_DEQUEUE          pkt=331  node=router  wait=1863.0ms  queue=18/20  state=INCREMENTAL_COMPRESSION
[  28.2020]  PACKET_TRANSMIT        pkt=331  link=router→dst  delay=5.0ms
[  28.2070]  PACKET_ARRIVAL         pkt=331  node=dst  hop=2
[  28.2070]  PACKET_DELIVER         pkt=331  flow=0  latency=1870.0ms
[  28.2291]  PACKET_GENERATE        pkt=363  flow=0  size=1494B  pri=1
[  28.2291]  QUEUE_ENQUEUE          pkt=363  node=src0  queue=1/1000 (0%)  state=NORMAL
[  28.2301]  QUEUE_DEQUEUE          pkt=363  node=src0  wait=1.0ms  queue=0/1000  state=NORMAL
[  28.2301]  PACKET_TRANSMIT        pkt=363  link=src0→router  delay=1.0ms
[  28.2311]  PACKET_ARRIVAL         pkt=363  node=router  hop=1
[  28.2311]  QUEUE_ENQUEUE          pkt=363  node=router  queue=19/20 (95%)  state=INCREMENTAL_COMPRESSION
[  28.3020]  QUEUE_DEQUEUE          pkt=332  node=router  wait=1948.7ms  queue=18/20  state=INCREMENTAL_COMPRESSION
[  28.3020]  PACKET_TRANSMIT        pkt=332  link=router→dst  delay=5.0ms
[  28.3070]  PACKET_ARRIVAL         pkt=332  node=dst  hop=2
[  28.3070]  PACKET_DELIVER         pkt=332  flow=0  latency=1955.7ms
[  28.3960]  PACKET_GENERATE        pkt=364  flow=0  size=1425B  pri=1
[  28.3960]  QUEUE_ENQUEUE          pkt=364  node=src0  queue=1/1000 (0%)  state=NORMAL
[  28.3970]  QUEUE_DEQUEUE          pkt=364  node=src0  wait=1.0ms  queue=0/1000  state=NORMAL
[  28.3970]  PACKET_TRANSMIT        pkt=364  link=src0→router  delay=1.0ms
[  28.3980]  PACKET_ARRIVAL         pkt=364  node=router  hop=1
[  28.3980]  QUEUE_ENQUEUE          pkt=364  node=router  queue=19/20 (95%)  state=INCREMENTAL_COMPRESSION
[  28.4000]  PACKET_GENERATE        pkt=365  flow=1  size=100B  pri=0
[  28.4000]  QUEUE_ENQUEUE          pkt=365  node=src1  queue=1/1000 (0%)  state=NORMAL
[  28.4010]  QUEUE_DEQUEUE          pkt=365  node=src1  wait=1.0ms  queue=0/1000  state=NORMAL
[  28.4010]  PACKET_TRANSMIT        pkt=365  link=src1→router  delay=1.0ms
[  28.4020]  PACKET_ARRIVAL         pkt=365  node=router  hop=1
[  28.4020]  QUEUE_ENQUEUE          pkt=365  node=router  queue=20/20 (100%)  state=INCREMENTAL_COMPRESSION
[  28.4020]  QUEUE_DEQUEUE          pkt=334  node=router  wait=1804.2ms  queue=19/20  state=INCREMENTAL_COMPRESSION
[  28.4020]  STATE_UPDATE           node=router  INCREMENTAL_COMPRESSION → DROP_LOW_PRIORITY
[  28.4020]  PACKET_TRANSMIT        pkt=334  link=router→dst  delay=5.0ms
[  28.4070]  PACKET_ARRIVAL         pkt=334  node=dst  hop=2
[  28.4070]  PACKET_DELIVER         pkt=334  flow=0  latency=1811.2ms
[  28.4526]  PACKET_GENERATE        pkt=366  flow=0  size=1408B  pri=1
[  28.4526]  QUEUE_ENQUEUE          pkt=366  node=src0  queue=1/1000 (0%)  state=NORMAL
[  28.4536]  QUEUE_DEQUEUE          pkt=366  node=src0  wait=1.0ms  queue=0/1000  state=NORMAL
[  28.4536]  PACKET_TRANSMIT        pkt=366  link=src0→router  delay=1.0ms
[  28.4546]  PACKET_ARRIVAL         pkt=366  node=router  hop=1
[  28.4546]  QUEUE_DROP(congestion) pkt=366  node=router  pri=1  state=DROP_LOW_PRIORITY
[  28.5020]  QUEUE_DEQUEUE          pkt=335  node=router  wait=1900.0ms  queue=18/20  state=DROP_LOW_PRIORITY
[  28.5020]  STATE_UPDATE           node=router  DROP_LOW_PRIORITY → INCREMENTAL_COMPRESSION
[  28.5020]  PACKET_TRANSMIT        pkt=335  link=router→dst  delay=5.0ms
[  28.5070]  PACKET_ARRIVAL         pkt=335  node=dst  hop=2
[  28.5070]  PACKET_DELIVER         pkt=335  flow=1  latency=1907.0ms
[  28.6000]  PACKET_GENERATE        pkt=367  flow=1  size=100B  pri=0
[  28.6000]  QUEUE_ENQUEUE          pkt=367  node=src1  queue=1/1000 (0%)  state=NORMAL
[  28.6010]  QUEUE_DEQUEUE          pkt=367  node=src1  wait=1.0ms  queue=0/1000  state=NORMAL
[  28.6010]  PACKET_TRANSMIT        pkt=367  link=src1→router  delay=1.0ms
[  28.6020]  PACKET_ARRIVAL         pkt=367  node=router  hop=1
[  28.6020]  QUEUE_ENQUEUE          pkt=367  node=router  queue=19/20 (95%)  state=INCREMENTAL_COMPRESSION
[  28.6020]  QUEUE_DEQUEUE          pkt=338  node=router  wait=1891.0ms  queue=18/20  state=INCREMENTAL_COMPRESSION
[  28.6020]  PACKET_TRANSMIT        pkt=338  link=router→dst  delay=5.0ms
[  28.6070]  PACKET_ARRIVAL         pkt=338  node=dst  hop=2
[  28.6070]  PACKET_DELIVER         pkt=338  flow=0  latency=1898.0ms
[  28.7020]  QUEUE_DEQUEUE          pkt=339  node=router  wait=1964.2ms  queue=17/20  state=INCREMENTAL_COMPRESSION
[  28.7020]  PACKET_TRANSMIT        pkt=339  link=router→dst  delay=5.0ms
[  28.7070]  PACKET_ARRIVAL         pkt=339  node=dst  hop=2
[  28.7070]  PACKET_DELIVER         pkt=339  flow=0  latency=1971.2ms
[  28.8000]  PACKET_GENERATE        pkt=368  flow=1  size=100B  pri=0
[  28.8000]  QUEUE_ENQUEUE          pkt=368  node=src1  queue=1/1000 (0%)  state=NORMAL
[  28.8010]  QUEUE_DEQUEUE          pkt=368  node=src1  wait=1.0ms  queue=0/1000  state=NORMAL
[  28.8010]  PACKET_TRANSMIT        pkt=368  link=src1→router  delay=1.0ms
[  28.8020]  PACKET_ARRIVAL         pkt=368  node=router  hop=1
[  28.8020]  QUEUE_ENQUEUE          pkt=368  node=router  queue=18/20 (90%)  state=INCREMENTAL_COMPRESSION
[  28.8020]  QUEUE_DEQUEUE          pkt=342  node=router  wait=1800.0ms  queue=17/20  state=INCREMENTAL_COMPRESSION
[  28.8020]  PACKET_TRANSMIT        pkt=342  link=router→dst  delay=5.0ms
[  28.8070]  PACKET_ARRIVAL         pkt=342  node=dst  hop=2
[  28.8070]  PACKET_DELIVER         pkt=342  flow=1  latency=1807.0ms
[  28.8243]  PACKET_GENERATE        pkt=369  flow=0  size=1442B  pri=1
[  28.8243]  QUEUE_ENQUEUE          pkt=369  node=src0  queue=1/1000 (0%)  state=NORMAL
[  28.8253]  QUEUE_DEQUEUE          pkt=369  node=src0  wait=1.0ms  queue=0/1000  state=NORMAL
[  28.8253]  PACKET_TRANSMIT        pkt=369  link=src0→router  delay=1.0ms
[  28.8263]  PACKET_ARRIVAL         pkt=369  node=router  hop=1
[  28.8263]  QUEUE_ENQUEUE          pkt=369  node=router  queue=18/20 (90%)  state=INCREMENTAL_COMPRESSION
[  28.9020]  QUEUE_DEQUEUE          pkt=343  node=router  wait=1700.0ms  queue=17/20  state=INCREMENTAL_COMPRESSION
[  28.9020]  PACKET_TRANSMIT        pkt=343  link=router→dst  delay=5.0ms
[  28.9070]  PACKET_ARRIVAL         pkt=343  node=dst  hop=2
[  28.9070]  PACKET_DELIVER         pkt=343  flow=1  latency=1707.0ms
[  28.9463]  PACKET_GENERATE        pkt=370  flow=0  size=1484B  pri=1
[  28.9463]  QUEUE_ENQUEUE          pkt=370  node=src0  queue=1/1000 (0%)  state=NORMAL
[  28.9473]  QUEUE_DEQUEUE          pkt=370  node=src0  wait=1.0ms  queue=0/1000  state=NORMAL
[  28.9473]  PACKET_TRANSMIT        pkt=370  link=src0→router  delay=1.0ms
[  28.9483]  PACKET_ARRIVAL         pkt=370  node=router  hop=1
[  28.9483]  QUEUE_ENQUEUE          pkt=370  node=router  queue=18/20 (90%)  state=INCREMENTAL_COMPRESSION
[  29.0000]  PACKET_GENERATE        pkt=371  flow=1  size=100B  pri=0
[  29.0000]  QUEUE_ENQUEUE          pkt=371  node=src1  queue=1/1000 (0%)  state=NORMAL
[  29.0010]  QUEUE_DEQUEUE          pkt=371  node=src1  wait=1.0ms  queue=0/1000  state=NORMAL
[  29.0010]  PACKET_TRANSMIT        pkt=371  link=src1→router  delay=1.0ms
[  29.0020]  PACKET_ARRIVAL         pkt=371  node=router  hop=1
[  29.0020]  QUEUE_ENQUEUE          pkt=371  node=router  queue=19/20 (95%)  state=INCREMENTAL_COMPRESSION
[  29.0020]  QUEUE_DEQUEUE          pkt=344  node=router  wait=1797.4ms  queue=18/20  state=INCREMENTAL_COMPRESSION
[  29.0020]  PACKET_TRANSMIT        pkt=344  link=router→dst  delay=5.0ms
[  29.0070]  PACKET_ARRIVAL         pkt=344  node=dst  hop=2
[  29.0070]  PACKET_DELIVER         pkt=344  flow=0  latency=1804.4ms
[  29.1020]  QUEUE_DEQUEUE          pkt=345  node=router  wait=1843.3ms  queue=17/20  state=INCREMENTAL_COMPRESSION
[  29.1020]  PACKET_TRANSMIT        pkt=345  link=router→dst  delay=5.0ms
[  29.1070]  PACKET_ARRIVAL         pkt=345  node=dst  hop=2
[  29.1070]  PACKET_DELIVER         pkt=345  flow=0  latency=1850.3ms
[  29.1818]  PACKET_GENERATE        pkt=372  flow=0  size=1492B  pri=1
[  29.1818]  QUEUE_ENQUEUE          pkt=372  node=src0  queue=1/1000 (0%)  state=NORMAL
[  29.1828]  QUEUE_DEQUEUE          pkt=372  node=src0  wait=1.0ms  queue=0/1000  state=NORMAL
[  29.1828]  PACKET_TRANSMIT        pkt=372  link=src0→router  delay=1.0ms
[  29.1838]  PACKET_ARRIVAL         pkt=372  node=router  hop=1
[  29.1838]  QUEUE_ENQUEUE          pkt=372  node=router  queue=18/20 (90%)  state=INCREMENTAL_COMPRESSION
[  29.2000]  PACKET_GENERATE        pkt=373  flow=1  size=100B  pri=0
[  29.2000]  QUEUE_ENQUEUE          pkt=373  node=src1  queue=1/1000 (0%)  state=NORMAL
[  29.2010]  QUEUE_DEQUEUE          pkt=373  node=src1  wait=1.0ms  queue=0/1000  state=NORMAL
[  29.2010]  PACKET_TRANSMIT        pkt=373  link=src1→router  delay=1.0ms
[  29.2020]  PACKET_ARRIVAL         pkt=373  node=router  hop=1
[  29.2020]  QUEUE_ENQUEUE          pkt=373  node=router  queue=19/20 (95%)  state=INCREMENTAL_COMPRESSION
[  29.2020]  QUEUE_DEQUEUE          pkt=346  node=router  wait=1879.5ms  queue=18/20  state=INCREMENTAL_COMPRESSION
[  29.2020]  PACKET_TRANSMIT        pkt=346  link=router→dst  delay=5.0ms
[  29.2070]  PACKET_ARRIVAL         pkt=346  node=dst  hop=2
[  29.2070]  PACKET_DELIVER         pkt=346  flow=0  latency=1886.5ms
[  29.3020]  QUEUE_DEQUEUE          pkt=347  node=router  wait=1929.3ms  queue=17/20  state=INCREMENTAL_COMPRESSION
[  29.3020]  PACKET_TRANSMIT        pkt=347  link=router→dst  delay=5.0ms
[  29.3070]  PACKET_ARRIVAL         pkt=347  node=dst  hop=2
[  29.3070]  PACKET_DELIVER         pkt=347  flow=0  latency=1936.3ms
[  29.4000]  PACKET_GENERATE        pkt=374  flow=1  size=100B  pri=0
[  29.4000]  QUEUE_ENQUEUE          pkt=374  node=src1  queue=1/1000 (0%)  state=NORMAL
[  29.4010]  QUEUE_DEQUEUE          pkt=374  node=src1  wait=1.0ms  queue=0/1000  state=NORMAL
[  29.4010]  PACKET_TRANSMIT        pkt=374  link=src1→router  delay=1.0ms
[  29.4020]  PACKET_ARRIVAL         pkt=374  node=router  hop=1
[  29.4020]  QUEUE_ENQUEUE          pkt=374  node=router  queue=18/20 (90%)  state=INCREMENTAL_COMPRESSION
[  29.4020]  QUEUE_DEQUEUE          pkt=353  node=router  wait=1800.0ms  queue=17/20  state=INCREMENTAL_COMPRESSION
[  29.4020]  PACKET_TRANSMIT        pkt=353  link=router→dst  delay=5.0ms
[  29.4070]  PACKET_ARRIVAL         pkt=353  node=dst  hop=2
[  29.4070]  PACKET_DELIVER         pkt=353  flow=1  latency=1807.0ms
[  29.4697]  PACKET_GENERATE        pkt=375  flow=0  size=1464B  pri=1
[  29.4697]  QUEUE_ENQUEUE          pkt=375  node=src0  queue=1/1000 (0%)  state=NORMAL
[  29.4707]  QUEUE_DEQUEUE          pkt=375  node=src0  wait=1.0ms  queue=0/1000  state=NORMAL
[  29.4707]  PACKET_TRANSMIT        pkt=375  link=src0→router  delay=1.0ms
[  29.4717]  PACKET_ARRIVAL         pkt=375  node=router  hop=1
[  29.4717]  QUEUE_ENQUEUE          pkt=375  node=router  queue=18/20 (90%)  state=INCREMENTAL_COMPRESSION
[  29.5020]  QUEUE_DEQUEUE          pkt=354  node=router  wait=1820.2ms  queue=17/20  state=INCREMENTAL_COMPRESSION
[  29.5020]  PACKET_TRANSMIT        pkt=354  link=router→dst  delay=5.0ms
[  29.5070]  PACKET_ARRIVAL         pkt=354  node=dst  hop=2
[  29.5070]  PACKET_DELIVER         pkt=354  flow=0  latency=1827.2ms
[  29.5159]  PACKET_GENERATE        pkt=376  flow=0  size=1452B  pri=1
[  29.5159]  QUEUE_ENQUEUE          pkt=376  node=src0  queue=1/1000 (0%)  state=NORMAL
[  29.5169]  QUEUE_DEQUEUE          pkt=376  node=src0  wait=1.0ms  queue=0/1000  state=NORMAL
[  29.5169]  PACKET_TRANSMIT        pkt=376  link=src0→router  delay=1.0ms
[  29.5179]  PACKET_ARRIVAL         pkt=376  node=router  hop=1
[  29.5179]  QUEUE_ENQUEUE          pkt=376  node=router  queue=18/20 (90%)  state=INCREMENTAL_COMPRESSION
[  29.5653]  PACKET_GENERATE        pkt=377  flow=0  size=1489B  pri=1
[  29.5653]  QUEUE_ENQUEUE          pkt=377  node=src0  queue=1/1000 (0%)  state=NORMAL
[  29.5663]  QUEUE_DEQUEUE          pkt=377  node=src0  wait=1.0ms  queue=0/1000  state=NORMAL
[  29.5663]  PACKET_TRANSMIT        pkt=377  link=src0→router  delay=1.0ms
[  29.5673]  PACKET_ARRIVAL         pkt=377  node=router  hop=1
[  29.5673]  QUEUE_ENQUEUE          pkt=377  node=router  queue=19/20 (95%)  state=INCREMENTAL_COMPRESSION
[  29.6000]  PACKET_GENERATE        pkt=378  flow=1  size=100B  pri=0
[  29.6000]  QUEUE_ENQUEUE          pkt=378  node=src1  queue=1/1000 (0%)  state=NORMAL
[  29.6010]  QUEUE_DEQUEUE          pkt=378  node=src1  wait=1.0ms  queue=0/1000  state=NORMAL
[  29.6010]  PACKET_TRANSMIT        pkt=378  link=src1→router  delay=1.0ms
[  29.6020]  PACKET_ARRIVAL         pkt=378  node=router  hop=1
[  29.6020]  QUEUE_ENQUEUE          pkt=378  node=router  queue=20/20 (100%)  state=INCREMENTAL_COMPRESSION
[  29.6020]  QUEUE_DEQUEUE          pkt=355  node=router  wait=1803.7ms  queue=19/20  state=INCREMENTAL_COMPRESSION
[  29.6020]  STATE_UPDATE           node=router  INCREMENTAL_COMPRESSION → DROP_LOW_PRIORITY
[  29.6020]  PACKET_TRANSMIT        pkt=355  link=router→dst  delay=5.0ms
[  29.6070]  PACKET_ARRIVAL         pkt=355  node=dst  hop=2
[  29.6070]  PACKET_DELIVER         pkt=355  flow=0  latency=1810.7ms
[  29.6091]  PACKET_GENERATE        pkt=379  flow=0  size=1416B  pri=1
[  29.6091]  QUEUE_ENQUEUE          pkt=379  node=src0  queue=1/1000 (0%)  state=NORMAL
[  29.6101]  QUEUE_DEQUEUE          pkt=379  node=src0  wait=1.0ms  queue=0/1000  state=NORMAL
[  29.6101]  PACKET_TRANSMIT        pkt=379  link=src0→router  delay=1.0ms
[  29.6111]  PACKET_ARRIVAL         pkt=379  node=router  hop=1
[  29.6111]  QUEUE_DROP(congestion) pkt=379  node=router  pri=1  state=DROP_LOW_PRIORITY
[  29.6357]  PACKET_GENERATE        pkt=380  flow=0  size=1485B  pri=1
[  29.6357]  QUEUE_ENQUEUE          pkt=380  node=src0  queue=1/1000 (0%)  state=NORMAL
[  29.6367]  QUEUE_DEQUEUE          pkt=380  node=src0  wait=1.0ms  queue=0/1000  state=NORMAL
[  29.6367]  PACKET_TRANSMIT        pkt=380  link=src0→router  delay=1.0ms
[  29.6377]  PACKET_ARRIVAL         pkt=380  node=router  hop=1
[  29.6377]  QUEUE_DROP(congestion) pkt=380  node=router  pri=1  state=DROP_LOW_PRIORITY
[  29.7020]  QUEUE_DEQUEUE          pkt=356  node=router  wait=1900.0ms  queue=18/20  state=DROP_LOW_PRIORITY
[  29.7020]  STATE_UPDATE           node=router  DROP_LOW_PRIORITY → INCREMENTAL_COMPRESSION
[  29.7020]  PACKET_TRANSMIT        pkt=356  link=router→dst  delay=5.0ms
[  29.7070]  PACKET_ARRIVAL         pkt=356  node=dst  hop=2
[  29.7070]  PACKET_DELIVER         pkt=356  flow=1  latency=1907.0ms
[  29.8000]  PACKET_GENERATE        pkt=381  flow=1  size=100B  pri=0
[  29.8000]  QUEUE_ENQUEUE          pkt=381  node=src1  queue=1/1000 (0%)  state=NORMAL
[  29.8010]  QUEUE_DEQUEUE          pkt=381  node=src1  wait=1.0ms  queue=0/1000  state=NORMAL
[  29.8010]  PACKET_TRANSMIT        pkt=381  link=src1→router  delay=1.0ms
[  29.8020]  PACKET_ARRIVAL         pkt=381  node=router  hop=1
[  29.8020]  QUEUE_ENQUEUE          pkt=381  node=router  queue=19/20 (95%)  state=INCREMENTAL_COMPRESSION
[  29.8020]  QUEUE_DEQUEUE          pkt=359  node=router  wait=1807.8ms  queue=18/20  state=INCREMENTAL_COMPRESSION
[  29.8020]  PACKET_TRANSMIT        pkt=359  link=router→dst  delay=5.0ms
[  29.8070]  PACKET_ARRIVAL         pkt=359  node=dst  hop=2
[  29.8070]  PACKET_DELIVER         pkt=359  flow=0  latency=1814.8ms
[  29.9020]  QUEUE_DEQUEUE          pkt=360  node=router  wait=1900.0ms  queue=17/20  state=INCREMENTAL_COMPRESSION
[  29.9020]  PACKET_TRANSMIT        pkt=360  link=router→dst  delay=5.0ms
[  29.9070]  PACKET_ARRIVAL         pkt=360  node=dst  hop=2
[  29.9070]  PACKET_DELIVER         pkt=360  flow=1  latency=1907.0ms
[  29.9882]  PACKET_GENERATE        pkt=382  flow=0  size=1486B  pri=1
[  29.9882]  QUEUE_ENQUEUE          pkt=382  node=src0  queue=1/1000 (0%)  state=NORMAL
[  29.9892]  QUEUE_DEQUEUE          pkt=382  node=src0  wait=1.0ms  queue=0/1000  state=NORMAL
[  29.9892]  PACKET_TRANSMIT        pkt=382  link=src0→router  delay=1.0ms
[  29.9902]  PACKET_ARRIVAL         pkt=382  node=router  hop=1
[  29.9902]  QUEUE_ENQUEUE          pkt=382  node=router  queue=18/20 (90%)  state=INCREMENTAL_COMPRESSION
[  30.0000]  PACKET_GENERATE        pkt=383  flow=1  size=100B  pri=0
[  30.0000]  QUEUE_ENQUEUE          pkt=383  node=src1  queue=1/1000 (0%)  state=NORMAL
[  30.0000]  METRIC_SAMPLE          tput=10.00 pkt/s  PDR=0.779  lat=1699.88ms  q_occ=0.225  drops=  66  state=INCREMENTAL_COMPRESSION
[  30.0010]  QUEUE_DEQUEUE          pkt=383  node=src1  wait=1.0ms  queue=0/1000  state=NORMAL
[  30.0010]  PACKET_TRANSMIT        pkt=383  link=src1→router  delay=1.0ms
[  30.0020]  PACKET_ARRIVAL         pkt=383  node=router  hop=1
[  30.0020]  QUEUE_ENQUEUE          pkt=383  node=router  queue=19/20 (95%)  state=INCREMENTAL_COMPRESSION
[  30.0020]  QUEUE_DEQUEUE          pkt=362  node=router  wait=1800.0ms  queue=18/20  state=INCREMENTAL_COMPRESSION
[  30.0020]  PACKET_TRANSMIT        pkt=362  link=router→dst  delay=5.0ms
[  30.0070]  PACKET_ARRIVAL         pkt=362  node=dst  hop=2
[  30.0070]  PACKET_DELIVER         pkt=362  flow=1  latency=1807.0ms
[  30.1020]  QUEUE_DEQUEUE          pkt=363  node=router  wait=1870.9ms  queue=17/20  state=INCREMENTAL_COMPRESSION
[  30.1020]  PACKET_TRANSMIT        pkt=363  link=router→dst  delay=5.0ms
[  30.1070]  PACKET_ARRIVAL         pkt=363  node=dst  hop=2
[  30.1070]  PACKET_DELIVER         pkt=363  flow=0  latency=1877.9ms
[  30.1605]  PACKET_GENERATE        pkt=384  flow=0  size=1422B  pri=1
[  30.1605]  QUEUE_ENQUEUE          pkt=384  node=src0  queue=1/1000 (0%)  state=NORMAL
[  30.1615]  QUEUE_DEQUEUE          pkt=384  node=src0  wait=1.0ms  queue=0/1000  state=NORMAL
[  30.1615]  PACKET_TRANSMIT        pkt=384  link=src0→router  delay=1.0ms
[  30.1625]  PACKET_ARRIVAL         pkt=384  node=router  hop=1
[  30.1625]  QUEUE_ENQUEUE          pkt=384  node=router  queue=18/20 (90%)  state=INCREMENTAL_COMPRESSION
[  30.2000]  PACKET_GENERATE        pkt=385  flow=1  size=100B  pri=0
[  30.2000]  QUEUE_ENQUEUE          pkt=385  node=src1  queue=1/1000 (0%)  state=NORMAL
[  30.2010]  QUEUE_DEQUEUE          pkt=385  node=src1  wait=1.0ms  queue=0/1000  state=NORMAL
[  30.2010]  PACKET_TRANSMIT        pkt=385  link=src1→router  delay=1.0ms
[  30.2020]  PACKET_ARRIVAL         pkt=385  node=router  hop=1
[  30.2020]  QUEUE_ENQUEUE          pkt=385  node=router  queue=19/20 (95%)  state=INCREMENTAL_COMPRESSION
[  30.2020]  QUEUE_DEQUEUE          pkt=364  node=router  wait=1804.0ms  queue=18/20  state=INCREMENTAL_COMPRESSION
[  30.2020]  PACKET_TRANSMIT        pkt=364  link=router→dst  delay=5.0ms
[  30.2070]  PACKET_ARRIVAL         pkt=364  node=dst  hop=2
[  30.2070]  PACKET_DELIVER         pkt=364  flow=0  latency=1811.0ms
[  30.2800]  PACKET_GENERATE        pkt=386  flow=0  size=1438B  pri=1
[  30.2800]  QUEUE_ENQUEUE          pkt=386  node=src0  queue=1/1000 (0%)  state=NORMAL
[  30.2810]  QUEUE_DEQUEUE          pkt=386  node=src0  wait=1.0ms  queue=0/1000  state=NORMAL
[  30.2810]  PACKET_TRANSMIT        pkt=386  link=src0→router  delay=1.0ms
[  30.2820]  PACKET_ARRIVAL         pkt=386  node=router  hop=1
[  30.2820]  QUEUE_ENQUEUE          pkt=386  node=router  queue=19/20 (95%)  state=INCREMENTAL_COMPRESSION
[  30.3020]  QUEUE_DEQUEUE          pkt=365  node=router  wait=1900.0ms  queue=18/20  state=INCREMENTAL_COMPRESSION
[  30.3020]  PACKET_TRANSMIT        pkt=365  link=router→dst  delay=5.0ms
[  30.3070]  PACKET_ARRIVAL         pkt=365  node=dst  hop=2
[  30.3070]  PACKET_DELIVER         pkt=365  flow=1  latency=1907.0ms
[  30.3451]  PACKET_GENERATE        pkt=387  flow=0  size=1400B  pri=1
[  30.3451]  QUEUE_ENQUEUE          pkt=387  node=src0  queue=1/1000 (0%)  state=NORMAL
[  30.3461]  QUEUE_DEQUEUE          pkt=387  node=src0  wait=1.0ms  queue=0/1000  state=NORMAL
[  30.3461]  PACKET_TRANSMIT        pkt=387  link=src0→router  delay=1.0ms
[  30.3471]  PACKET_ARRIVAL         pkt=387  node=router  hop=1
[  30.3471]  QUEUE_ENQUEUE          pkt=387  node=router  queue=19/20 (95%)  state=INCREMENTAL_COMPRESSION
[  30.3904]  PACKET_GENERATE        pkt=388  flow=0  size=1426B  pri=1
[  30.3904]  QUEUE_ENQUEUE          pkt=388  node=src0  queue=1/1000 (0%)  state=NORMAL
[  30.3914]  QUEUE_DEQUEUE          pkt=388  node=src0  wait=1.0ms  queue=0/1000  state=NORMAL
[  30.3914]  PACKET_TRANSMIT        pkt=388  link=src0→router  delay=1.0ms
[  30.3924]  PACKET_ARRIVAL         pkt=388  node=router  hop=1
[  30.3924]  QUEUE_ENQUEUE          pkt=388  node=router  queue=20/20 (100%)  state=INCREMENTAL_COMPRESSION
[  30.4000]  PACKET_GENERATE        pkt=389  flow=1  size=100B  pri=0
[  30.4000]  QUEUE_ENQUEUE          pkt=389  node=src1  queue=1/1000 (0%)  state=NORMAL
[  30.4010]  QUEUE_DEQUEUE          pkt=389  node=src1  wait=1.0ms  queue=0/1000  state=NORMAL
[  30.4010]  PACKET_TRANSMIT        pkt=389  link=src1→router  delay=1.0ms
[  30.4020]  PACKET_ARRIVAL         pkt=389  node=router  hop=1
[  30.4020]  QUEUE_DROP(full)       pkt=389  node=router  pri=0  queue=20/20 FULL
[  30.4020]  QUEUE_DEQUEUE          pkt=367  node=router  wait=1800.0ms  queue=19/20  state=INCREMENTAL_COMPRESSION
[  30.4020]  STATE_UPDATE           node=router  INCREMENTAL_COMPRESSION → DROP_LOW_PRIORITY
[  30.4020]  PACKET_TRANSMIT        pkt=367  link=router→dst  delay=5.0ms
[  30.4070]  PACKET_ARRIVAL         pkt=367  node=dst  hop=2
[  30.4070]  PACKET_DELIVER         pkt=367  flow=1  latency=1807.0ms
[  30.4606]  PACKET_GENERATE        pkt=390  flow=0  size=1474B  pri=1
[  30.4606]  QUEUE_ENQUEUE          pkt=390  node=src0  queue=1/1000 (0%)  state=NORMAL
[  30.4616]  QUEUE_DEQUEUE          pkt=390  node=src0  wait=1.0ms  queue=0/1000  state=NORMAL
[  30.4616]  PACKET_TRANSMIT        pkt=390  link=src0→router  delay=1.0ms
[  30.4626]  PACKET_ARRIVAL         pkt=390  node=router  hop=1
[  30.4626]  QUEUE_DROP(congestion) pkt=390  node=router  pri=1  state=DROP_LOW_PRIORITY
[  30.5020]  QUEUE_DEQUEUE          pkt=368  node=router  wait=1700.0ms  queue=18/20  state=DROP_LOW_PRIORITY
[  30.5020]  STATE_UPDATE           node=router  DROP_LOW_PRIORITY → INCREMENTAL_COMPRESSION
[  30.5020]  PACKET_TRANSMIT        pkt=368  link=router→dst  delay=5.0ms
[  30.5070]  PACKET_ARRIVAL         pkt=368  node=dst  hop=2
[  30.5070]  PACKET_DELIVER         pkt=368  flow=1  latency=1707.0ms
[  30.5773]  PACKET_GENERATE        pkt=391  flow=0  size=1441B  pri=1
[  30.5773]  QUEUE_ENQUEUE          pkt=391  node=src0  queue=1/1000 (0%)  state=NORMAL
[  30.5783]  QUEUE_DEQUEUE          pkt=391  node=src0  wait=1.0ms  queue=0/1000  state=NORMAL
[  30.5783]  PACKET_TRANSMIT        pkt=391  link=src0→router  delay=1.0ms
[  30.5793]  PACKET_ARRIVAL         pkt=391  node=router  hop=1
[  30.5793]  QUEUE_ENQUEUE          pkt=391  node=router  queue=19/20 (95%)  state=INCREMENTAL_COMPRESSION
[  30.6000]  PACKET_GENERATE        pkt=392  flow=1  size=100B  pri=0
[  30.6000]  QUEUE_ENQUEUE          pkt=392  node=src1  queue=1/1000 (0%)  state=NORMAL
[  30.6010]  QUEUE_DEQUEUE          pkt=392  node=src1  wait=1.0ms  queue=0/1000  state=NORMAL
[  30.6010]  PACKET_TRANSMIT        pkt=392  link=src1→router  delay=1.0ms
[  30.6020]  PACKET_ARRIVAL         pkt=392  node=router  hop=1
[  30.6020]  QUEUE_ENQUEUE          pkt=392  node=router  queue=20/20 (100%)  state=INCREMENTAL_COMPRESSION
[  30.6020]  QUEUE_DEQUEUE          pkt=369  node=router  wait=1775.7ms  queue=19/20  state=INCREMENTAL_COMPRESSION
[  30.6020]  STATE_UPDATE           node=router  INCREMENTAL_COMPRESSION → DROP_LOW_PRIORITY
[  30.6020]  PACKET_TRANSMIT        pkt=369  link=router→dst  delay=5.0ms
[  30.6070]  PACKET_ARRIVAL         pkt=369  node=dst  hop=2
[  30.6070]  PACKET_DELIVER         pkt=369  flow=0  latency=1782.7ms
[  30.6555]  PACKET_GENERATE        pkt=393  flow=0  size=1456B  pri=1
[  30.6555]  QUEUE_ENQUEUE          pkt=393  node=src0  queue=1/1000 (0%)  state=NORMAL
[  30.6565]  QUEUE_DEQUEUE          pkt=393  node=src0  wait=1.0ms  queue=0/1000  state=NORMAL
[  30.6565]  PACKET_TRANSMIT        pkt=393  link=src0→router  delay=1.0ms
[  30.6575]  PACKET_ARRIVAL         pkt=393  node=router  hop=1
[  30.6575]  QUEUE_DROP(congestion) pkt=393  node=router  pri=1  state=DROP_LOW_PRIORITY
[  30.7020]  QUEUE_DEQUEUE          pkt=370  node=router  wait=1753.7ms  queue=18/20  state=DROP_LOW_PRIORITY
[  30.7020]  STATE_UPDATE           node=router  DROP_LOW_PRIORITY → INCREMENTAL_COMPRESSION
[  30.7020]  PACKET_TRANSMIT        pkt=370  link=router→dst  delay=5.0ms
[  30.7070]  PACKET_ARRIVAL         pkt=370  node=dst  hop=2
[  30.7070]  PACKET_DELIVER         pkt=370  flow=0  latency=1760.7ms
[  30.7962]  PACKET_GENERATE        pkt=394  flow=0  size=1465B  pri=1
[  30.7962]  QUEUE_ENQUEUE          pkt=394  node=src0  queue=1/1000 (0%)  state=NORMAL
[  30.7972]  QUEUE_DEQUEUE          pkt=394  node=src0  wait=1.0ms  queue=0/1000  state=NORMAL
[  30.7972]  PACKET_TRANSMIT        pkt=394  link=src0→router  delay=1.0ms
[  30.7982]  PACKET_ARRIVAL         pkt=394  node=router  hop=1
[  30.7982]  QUEUE_ENQUEUE          pkt=394  node=router  queue=19/20 (95%)  state=INCREMENTAL_COMPRESSION
[  30.8000]  PACKET_GENERATE        pkt=395  flow=1  size=100B  pri=0
[  30.8000]  QUEUE_ENQUEUE          pkt=395  node=src1  queue=1/1000 (0%)  state=NORMAL
[  30.8010]  QUEUE_DEQUEUE          pkt=395  node=src1  wait=1.0ms  queue=0/1000  state=NORMAL
[  30.8010]  PACKET_TRANSMIT        pkt=395  link=src1→router  delay=1.0ms
[  30.8020]  PACKET_ARRIVAL         pkt=395  node=router  hop=1
[  30.8020]  QUEUE_ENQUEUE          pkt=395  node=router  queue=20/20 (100%)  state=INCREMENTAL_COMPRESSION
[  30.8020]  QUEUE_DEQUEUE          pkt=371  node=router  wait=1800.0ms  queue=19/20  state=INCREMENTAL_COMPRESSION
[  30.8020]  STATE_UPDATE           node=router  INCREMENTAL_COMPRESSION → DROP_LOW_PRIORITY
[  30.8020]  PACKET_TRANSMIT        pkt=371  link=router→dst  delay=5.0ms
[  30.8070]  PACKET_ARRIVAL         pkt=371  node=dst  hop=2
[  30.8070]  PACKET_DELIVER         pkt=371  flow=1  latency=1807.0ms
[  30.8763]  PACKET_GENERATE        pkt=396  flow=0  size=1494B  pri=1
[  30.8763]  QUEUE_ENQUEUE          pkt=396  node=src0  queue=1/1000 (0%)  state=NORMAL
[  30.8773]  QUEUE_DEQUEUE          pkt=396  node=src0  wait=1.0ms  queue=0/1000  state=NORMAL
[  30.8773]  PACKET_TRANSMIT        pkt=396  link=src0→router  delay=1.0ms
[  30.8783]  PACKET_ARRIVAL         pkt=396  node=router  hop=1
[  30.8783]  QUEUE_DROP(congestion) pkt=396  node=router  pri=1  state=DROP_LOW_PRIORITY
[  30.8996]  PACKET_GENERATE        pkt=397  flow=0  size=1410B  pri=1
[  30.8996]  QUEUE_ENQUEUE          pkt=397  node=src0  queue=1/1000 (0%)  state=NORMAL
[  30.9006]  QUEUE_DEQUEUE          pkt=397  node=src0  wait=1.0ms  queue=0/1000  state=NORMAL
[  30.9006]  PACKET_TRANSMIT        pkt=397  link=src0→router  delay=1.0ms
[  30.9016]  PACKET_ARRIVAL         pkt=397  node=router  hop=1
[  30.9016]  QUEUE_DROP(congestion) pkt=397  node=router  pri=1  state=DROP_LOW_PRIORITY
[  30.9020]  QUEUE_DEQUEUE          pkt=372  node=router  wait=1718.2ms  queue=18/20  state=DROP_LOW_PRIORITY
[  30.9020]  STATE_UPDATE           node=router  DROP_LOW_PRIORITY → INCREMENTAL_COMPRESSION
[  30.9020]  PACKET_TRANSMIT        pkt=372  link=router→dst  delay=5.0ms
[  30.9070]  PACKET_ARRIVAL         pkt=372  node=dst  hop=2
[  30.9070]  PACKET_DELIVER         pkt=372  flow=0  latency=1725.2ms
[  30.9413]  PACKET_GENERATE        pkt=398  flow=0  size=1484B  pri=1
[  30.9413]  QUEUE_ENQUEUE          pkt=398  node=src0  queue=1/1000 (0%)  state=NORMAL
[  30.9423]  QUEUE_DEQUEUE          pkt=398  node=src0  wait=1.0ms  queue=0/1000  state=NORMAL
[  30.9423]  PACKET_TRANSMIT        pkt=398  link=src0→router  delay=1.0ms
[  30.9433]  PACKET_ARRIVAL         pkt=398  node=router  hop=1
[  30.9433]  QUEUE_ENQUEUE          pkt=398  node=router  queue=19/20 (95%)  state=INCREMENTAL_COMPRESSION
[  31.0000]  PACKET_GENERATE        pkt=399  flow=1  size=100B  pri=0
[  31.0000]  QUEUE_ENQUEUE          pkt=399  node=src1  queue=1/1000 (0%)  state=NORMAL
[  31.0010]  QUEUE_DEQUEUE          pkt=399  node=src1  wait=1.0ms  queue=0/1000  state=NORMAL
[  31.0010]  PACKET_TRANSMIT        pkt=399  link=src1→router  delay=1.0ms
[  31.0020]  PACKET_ARRIVAL         pkt=399  node=router  hop=1
[  31.0020]  QUEUE_ENQUEUE          pkt=399  node=router  queue=20/20 (100%)  state=INCREMENTAL_COMPRESSION
[  31.0020]  QUEUE_DEQUEUE          pkt=373  node=router  wait=1800.0ms  queue=19/20  state=INCREMENTAL_COMPRESSION
[  31.0020]  STATE_UPDATE           node=router  INCREMENTAL_COMPRESSION → DROP_LOW_PRIORITY
[  31.0020]  PACKET_TRANSMIT        pkt=373  link=router→dst  delay=5.0ms
[  31.0070]  PACKET_ARRIVAL         pkt=373  node=dst  hop=2
[  31.0070]  PACKET_DELIVER         pkt=373  flow=1  latency=1807.0ms
[  31.0666]  PACKET_GENERATE        pkt=400  flow=0  size=1442B  pri=1
[  31.0666]  QUEUE_ENQUEUE          pkt=400  node=src0  queue=1/1000 (0%)  state=NORMAL
[  31.0676]  QUEUE_DEQUEUE          pkt=400  node=src0  wait=1.0ms  queue=0/1000  state=NORMAL
[  31.0676]  PACKET_TRANSMIT        pkt=400  link=src0→router  delay=1.0ms
[  31.0686]  PACKET_ARRIVAL         pkt=400  node=router  hop=1
[  31.0686]  QUEUE_DROP(congestion) pkt=400  node=router  pri=1  state=DROP_LOW_PRIORITY
[  31.0788]  PACKET_GENERATE        pkt=401  flow=0  size=1496B  pri=1
[  31.0788]  QUEUE_ENQUEUE          pkt=401  node=src0  queue=1/1000 (0%)  state=NORMAL
[  31.0798]  QUEUE_DEQUEUE          pkt=401  node=src0  wait=1.0ms  queue=0/1000  state=NORMAL
[  31.0798]  PACKET_TRANSMIT        pkt=401  link=src0→router  delay=1.0ms
[  31.0808]  PACKET_ARRIVAL         pkt=401  node=router  hop=1
[  31.0808]  QUEUE_DROP(congestion) pkt=401  node=router  pri=1  state=DROP_LOW_PRIORITY
[  31.1020]  QUEUE_DEQUEUE          pkt=374  node=router  wait=1700.0ms  queue=18/20  state=DROP_LOW_PRIORITY
[  31.1020]  STATE_UPDATE           node=router  DROP_LOW_PRIORITY → INCREMENTAL_COMPRESSION
[  31.1020]  PACKET_TRANSMIT        pkt=374  link=router→dst  delay=5.0ms
[  31.1070]  PACKET_ARRIVAL         pkt=374  node=dst  hop=2
[  31.1070]  PACKET_DELIVER         pkt=374  flow=1  latency=1707.0ms
[  31.1123]  PACKET_GENERATE        pkt=402  flow=0  size=1439B  pri=1
[  31.1123]  QUEUE_ENQUEUE          pkt=402  node=src0  queue=1/1000 (0%)  state=NORMAL
[  31.1133]  QUEUE_DEQUEUE          pkt=402  node=src0  wait=1.0ms  queue=0/1000  state=NORMAL
[  31.1133]  PACKET_TRANSMIT        pkt=402  link=src0→router  delay=1.0ms
[  31.1143]  PACKET_ARRIVAL         pkt=402  node=router  hop=1
[  31.1143]  QUEUE_ENQUEUE          pkt=402  node=router  queue=19/20 (95%)  state=INCREMENTAL_COMPRESSION
[  31.1441]  PACKET_GENERATE        pkt=403  flow=0  size=1425B  pri=1
[  31.1441]  QUEUE_ENQUEUE          pkt=403  node=src0  queue=1/1000 (0%)  state=NORMAL
[  31.1451]  QUEUE_DEQUEUE          pkt=403  node=src0  wait=1.0ms  queue=0/1000  state=NORMAL
[  31.1451]  PACKET_TRANSMIT        pkt=403  link=src0→router  delay=1.0ms
[  31.1461]  PACKET_ARRIVAL         pkt=403  node=router  hop=1
[  31.1461]  QUEUE_ENQUEUE          pkt=403  node=router  queue=20/20 (100%)  state=INCREMENTAL_COMPRESSION
[  31.1640]  PACKET_GENERATE        pkt=404  flow=0  size=1405B  pri=1
[  31.1640]  QUEUE_ENQUEUE          pkt=404  node=src0  queue=1/1000 (0%)  state=NORMAL
[  31.1650]  QUEUE_DEQUEUE          pkt=404  node=src0  wait=1.0ms  queue=0/1000  state=NORMAL
[  31.1650]  PACKET_TRANSMIT        pkt=404  link=src0→router  delay=1.0ms
[  31.1660]  PACKET_ARRIVAL         pkt=404  node=router  hop=1
[  31.1660]  QUEUE_DROP(full)       pkt=404  node=router  pri=1  queue=20/20 FULL
[  31.1991]  PACKET_GENERATE        pkt=405  flow=0  size=1460B  pri=1
[  31.1991]  QUEUE_ENQUEUE          pkt=405  node=src0  queue=1/1000 (0%)  state=NORMAL
[  31.2000]  PACKET_GENERATE        pkt=406  flow=1  size=100B  pri=0
[  31.2000]  QUEUE_ENQUEUE          pkt=406  node=src1  queue=1/1000 (0%)  state=NORMAL
[  31.2001]  QUEUE_DEQUEUE          pkt=405  node=src0  wait=1.0ms  queue=0/1000  state=NORMAL
[  31.2001]  PACKET_TRANSMIT        pkt=405  link=src0→router  delay=1.0ms
[  31.2010]  QUEUE_DEQUEUE          pkt=406  node=src1  wait=1.0ms  queue=0/1000  state=NORMAL
[  31.2010]  PACKET_TRANSMIT        pkt=406  link=src1→router  delay=1.0ms
[  31.2011]  PACKET_ARRIVAL         pkt=405  node=router  hop=1
[  31.2011]  QUEUE_DROP(full)       pkt=405  node=router  pri=1  queue=20/20 FULL
[  31.2020]  PACKET_ARRIVAL         pkt=406  node=router  hop=1
[  31.2020]  QUEUE_DROP(full)       pkt=406  node=router  pri=0  queue=20/20 FULL
[  31.2020]  QUEUE_DEQUEUE          pkt=375  node=router  wait=1730.3ms  queue=19/20  state=INCREMENTAL_COMPRESSION
[  31.2020]  STATE_UPDATE           node=router  INCREMENTAL_COMPRESSION → DROP_LOW_PRIORITY
[  31.2020]  PACKET_TRANSMIT        pkt=375  link=router→dst  delay=5.0ms
[  31.2070]  PACKET_ARRIVAL         pkt=375  node=dst  hop=2
[  31.2070]  PACKET_DELIVER         pkt=375  flow=0  latency=1737.3ms
[  31.3020]  QUEUE_DEQUEUE          pkt=376  node=router  wait=1784.1ms  queue=18/20  state=DROP_LOW_PRIORITY
[  31.3020]  STATE_UPDATE           node=router  DROP_LOW_PRIORITY → INCREMENTAL_COMPRESSION
[  31.3020]  PACKET_TRANSMIT        pkt=376  link=router→dst  delay=5.0ms
[  31.3070]  PACKET_ARRIVAL         pkt=376  node=dst  hop=2
[  31.3070]  PACKET_DELIVER         pkt=376  flow=0  latency=1791.1ms
[  31.3172]  PACKET_GENERATE        pkt=407  flow=0  size=1498B  pri=1
[  31.3172]  QUEUE_ENQUEUE          pkt=407  node=src0  queue=1/1000 (0%)  state=NORMAL
[  31.3182]  QUEUE_DEQUEUE          pkt=407  node=src0  wait=1.0ms  queue=0/1000  state=NORMAL
[  31.3182]  PACKET_TRANSMIT        pkt=407  link=src0→router  delay=1.0ms
[  31.3192]  PACKET_ARRIVAL         pkt=407  node=router  hop=1
[  31.3192]  QUEUE_ENQUEUE          pkt=407  node=router  queue=19/20 (95%)  state=INCREMENTAL_COMPRESSION
[  31.3267]  PACKET_GENERATE        pkt=408  flow=0  size=1453B  pri=1
[  31.3267]  QUEUE_ENQUEUE          pkt=408  node=src0  queue=1/1000 (0%)  state=NORMAL
[  31.3277]  QUEUE_DEQUEUE          pkt=408  node=src0  wait=1.0ms  queue=0/1000  state=NORMAL
[  31.3277]  PACKET_TRANSMIT        pkt=408  link=src0→router  delay=1.0ms
[  31.3287]  PACKET_ARRIVAL         pkt=408  node=router  hop=1
[  31.3287]  QUEUE_ENQUEUE          pkt=408  node=router  queue=20/20 (100%)  state=INCREMENTAL_COMPRESSION
[  31.4000]  PACKET_GENERATE        pkt=409  flow=1  size=100B  pri=0
[  31.4000]  QUEUE_ENQUEUE          pkt=409  node=src1  queue=1/1000 (0%)  state=NORMAL
[  31.4010]  QUEUE_DEQUEUE          pkt=409  node=src1  wait=1.0ms  queue=0/1000  state=NORMAL
[  31.4010]  PACKET_TRANSMIT        pkt=409  link=src1→router  delay=1.0ms
[  31.4020]  PACKET_ARRIVAL         pkt=409  node=router  hop=1
[  31.4020]  QUEUE_DROP(full)       pkt=409  node=router  pri=0  queue=20/20 FULL
[  31.4020]  QUEUE_DEQUEUE          pkt=377  node=router  wait=1834.7ms  queue=19/20  state=INCREMENTAL_COMPRESSION
[  31.4020]  STATE_UPDATE           node=router  INCREMENTAL_COMPRESSION → DROP_LOW_PRIORITY
[  31.4020]  PACKET_TRANSMIT        pkt=377  link=router→dst  delay=5.0ms
[  31.4070]  PACKET_ARRIVAL         pkt=377  node=dst  hop=2
[  31.4070]  PACKET_DELIVER         pkt=377  flow=0  latency=1841.7ms
[  31.5020]  QUEUE_DEQUEUE          pkt=378  node=router  wait=1900.0ms  queue=18/20  state=DROP_LOW_PRIORITY
[  31.5020]  STATE_UPDATE           node=router  DROP_LOW_PRIORITY → INCREMENTAL_COMPRESSION
[  31.5020]  PACKET_TRANSMIT        pkt=378  link=router→dst  delay=5.0ms
[  31.5070]  PACKET_ARRIVAL         pkt=378  node=dst  hop=2
[  31.5070]  PACKET_DELIVER         pkt=378  flow=1  latency=1907.0ms
[  31.5983]  PACKET_GENERATE        pkt=410  flow=0  size=1473B  pri=1
[  31.5983]  QUEUE_ENQUEUE          pkt=410  node=src0  queue=1/1000 (0%)  state=NORMAL
[  31.5993]  QUEUE_DEQUEUE          pkt=410  node=src0  wait=1.0ms  queue=0/1000  state=NORMAL
[  31.5993]  PACKET_TRANSMIT        pkt=410  link=src0→router  delay=1.0ms
[  31.6000]  PACKET_GENERATE        pkt=411  flow=1  size=100B  pri=0
[  31.6000]  QUEUE_ENQUEUE          pkt=411  node=src1  queue=1/1000 (0%)  state=NORMAL
[  31.6003]  PACKET_ARRIVAL         pkt=410  node=router  hop=1
[  31.6003]  QUEUE_ENQUEUE          pkt=410  node=router  queue=19/20 (95%)  state=INCREMENTAL_COMPRESSION
[  31.6010]  QUEUE_DEQUEUE          pkt=411  node=src1  wait=1.0ms  queue=0/1000  state=NORMAL
[  31.6010]  PACKET_TRANSMIT        pkt=411  link=src1→router  delay=1.0ms
[  31.6020]  PACKET_ARRIVAL         pkt=411  node=router  hop=1
[  31.6020]  QUEUE_ENQUEUE          pkt=411  node=router  queue=20/20 (100%)  state=INCREMENTAL_COMPRESSION
[  31.6020]  QUEUE_DEQUEUE          pkt=381  node=router  wait=1800.0ms  queue=19/20  state=INCREMENTAL_COMPRESSION
[  31.6020]  STATE_UPDATE           node=router  INCREMENTAL_COMPRESSION → DROP_LOW_PRIORITY
[  31.6020]  PACKET_TRANSMIT        pkt=381  link=router→dst  delay=5.0ms
[  31.6070]  PACKET_ARRIVAL         pkt=381  node=dst  hop=2
[  31.6070]  PACKET_DELIVER         pkt=381  flow=1  latency=1807.0ms
[  31.6253]  PACKET_GENERATE        pkt=412  flow=0  size=1489B  pri=1
[  31.6253]  QUEUE_ENQUEUE          pkt=412  node=src0  queue=1/1000 (0%)  state=NORMAL
[  31.6263]  QUEUE_DEQUEUE          pkt=412  node=src0  wait=1.0ms  queue=0/1000  state=NORMAL
[  31.6263]  PACKET_TRANSMIT        pkt=412  link=src0→router  delay=1.0ms
[  31.6273]  PACKET_ARRIVAL         pkt=412  node=router  hop=1
[  31.6273]  QUEUE_DROP(congestion) pkt=412  node=router  pri=1  state=DROP_LOW_PRIORITY
[  31.6858]  PACKET_GENERATE        pkt=413  flow=0  size=1451B  pri=1
[  31.6858]  QUEUE_ENQUEUE          pkt=413  node=src0  queue=1/1000 (0%)  state=NORMAL
[  31.6868]  QUEUE_DEQUEUE          pkt=413  node=src0  wait=1.0ms  queue=0/1000  state=NORMAL
[  31.6868]  PACKET_TRANSMIT        pkt=413  link=src0→router  delay=1.0ms
[  31.6878]  PACKET_ARRIVAL         pkt=413  node=router  hop=1
[  31.6878]  QUEUE_DROP(congestion) pkt=413  node=router  pri=1  state=DROP_LOW_PRIORITY
[  31.7020]  QUEUE_DEQUEUE          pkt=382  node=router  wait=1711.8ms  queue=18/20  state=DROP_LOW_PRIORITY
[  31.7020]  STATE_UPDATE           node=router  DROP_LOW_PRIORITY → INCREMENTAL_COMPRESSION
[  31.7020]  PACKET_TRANSMIT        pkt=382  link=router→dst  delay=5.0ms
[  31.7070]  PACKET_ARRIVAL         pkt=382  node=dst  hop=2
[  31.7070]  PACKET_DELIVER         pkt=382  flow=0  latency=1718.8ms
[  31.7208]  PACKET_GENERATE        pkt=414  flow=0  size=1483B  pri=1
[  31.7208]  QUEUE_ENQUEUE          pkt=414  node=src0  queue=1/1000 (0%)  state=NORMAL
[  31.7218]  QUEUE_DEQUEUE          pkt=414  node=src0  wait=1.0ms  queue=0/1000  state=NORMAL
[  31.7218]  PACKET_TRANSMIT        pkt=414  link=src0→router  delay=1.0ms
[  31.7228]  PACKET_ARRIVAL         pkt=414  node=router  hop=1
[  31.7228]  QUEUE_ENQUEUE          pkt=414  node=router  queue=19/20 (95%)  state=INCREMENTAL_COMPRESSION
[  31.8000]  PACKET_GENERATE        pkt=415  flow=1  size=100B  pri=0
[  31.8000]  QUEUE_ENQUEUE          pkt=415  node=src1  queue=1/1000 (0%)  state=NORMAL
[  31.8010]  QUEUE_DEQUEUE          pkt=415  node=src1  wait=1.0ms  queue=0/1000  state=NORMAL
[  31.8010]  PACKET_TRANSMIT        pkt=415  link=src1→router  delay=1.0ms
[  31.8020]  PACKET_ARRIVAL         pkt=415  node=router  hop=1
[  31.8020]  QUEUE_ENQUEUE          pkt=415  node=router  queue=20/20 (100%)  state=INCREMENTAL_COMPRESSION
[  31.8020]  QUEUE_DEQUEUE          pkt=383  node=router  wait=1800.0ms  queue=19/20  state=INCREMENTAL_COMPRESSION
[  31.8020]  STATE_UPDATE           node=router  INCREMENTAL_COMPRESSION → DROP_LOW_PRIORITY
[  31.8020]  PACKET_TRANSMIT        pkt=383  link=router→dst  delay=5.0ms
[  31.8070]  PACKET_ARRIVAL         pkt=383  node=dst  hop=2
[  31.8070]  PACKET_DELIVER         pkt=383  flow=1  latency=1807.0ms
[  31.8663]  PACKET_GENERATE        pkt=416  flow=0  size=1496B  pri=1
[  31.8663]  QUEUE_ENQUEUE          pkt=416  node=src0  queue=1/1000 (0%)  state=NORMAL
[  31.8673]  QUEUE_DEQUEUE          pkt=416  node=src0  wait=1.0ms  queue=0/1000  state=NORMAL
[  31.8673]  PACKET_TRANSMIT        pkt=416  link=src0→router  delay=1.0ms
[  31.8683]  PACKET_ARRIVAL         pkt=416  node=router  hop=1
[  31.8683]  QUEUE_DROP(congestion) pkt=416  node=router  pri=1  state=DROP_LOW_PRIORITY
[  31.9020]  QUEUE_DEQUEUE          pkt=384  node=router  wait=1739.5ms  queue=18/20  state=DROP_LOW_PRIORITY
[  31.9020]  STATE_UPDATE           node=router  DROP_LOW_PRIORITY → INCREMENTAL_COMPRESSION
[  31.9020]  PACKET_TRANSMIT        pkt=384  link=router→dst  delay=5.0ms
[  31.9070]  PACKET_ARRIVAL         pkt=384  node=dst  hop=2
[  31.9070]  PACKET_DELIVER         pkt=384  flow=0  latency=1746.5ms
[  32.0000]  PACKET_GENERATE        pkt=417  flow=1  size=100B  pri=0
[  32.0000]  QUEUE_ENQUEUE          pkt=417  node=src1  queue=1/1000 (0%)  state=NORMAL
[  32.0010]  QUEUE_DEQUEUE          pkt=417  node=src1  wait=1.0ms  queue=0/1000  state=NORMAL
[  32.0010]  PACKET_TRANSMIT        pkt=417  link=src1→router  delay=1.0ms
[  32.0020]  PACKET_ARRIVAL         pkt=417  node=router  hop=1
[  32.0020]  QUEUE_ENQUEUE          pkt=417  node=router  queue=19/20 (95%)  state=INCREMENTAL_COMPRESSION
[  32.0020]  QUEUE_DEQUEUE          pkt=385  node=router  wait=1800.0ms  queue=18/20  state=INCREMENTAL_COMPRESSION
[  32.0020]  PACKET_TRANSMIT        pkt=385  link=router→dst  delay=5.0ms
[  32.0070]  PACKET_ARRIVAL         pkt=385  node=dst  hop=2
[  32.0070]  PACKET_DELIVER         pkt=385  flow=1  latency=1807.0ms
[  32.1020]  QUEUE_DEQUEUE          pkt=386  node=router  wait=1820.0ms  queue=17/20  state=INCREMENTAL_COMPRESSION
[  32.1020]  PACKET_TRANSMIT        pkt=386  link=router→dst  delay=5.0ms
[  32.1070]  PACKET_ARRIVAL         pkt=386  node=dst  hop=2
[  32.1070]  PACKET_DELIVER         pkt=386  flow=0  latency=1827.0ms
[  32.1124]  PACKET_GENERATE        pkt=418  flow=0  size=1413B  pri=1
[  32.1124]  QUEUE_ENQUEUE          pkt=418  node=src0  queue=1/1000 (0%)  state=NORMAL
[  32.1134]  QUEUE_DEQUEUE          pkt=418  node=src0  wait=1.0ms  queue=0/1000  state=NORMAL
[  32.1134]  PACKET_TRANSMIT        pkt=418  link=src0→router  delay=1.0ms
[  32.1144]  PACKET_ARRIVAL         pkt=418  node=router  hop=1
[  32.1144]  QUEUE_ENQUEUE          pkt=418  node=router  queue=18/20 (90%)  state=INCREMENTAL_COMPRESSION
[  32.2000]  PACKET_GENERATE        pkt=419  flow=1  size=100B  pri=0
[  32.2000]  QUEUE_ENQUEUE          pkt=419  node=src1  queue=1/1000 (0%)  state=NORMAL
[  32.2010]  QUEUE_DEQUEUE          pkt=419  node=src1  wait=1.0ms  queue=0/1000  state=NORMAL
[  32.2010]  PACKET_TRANSMIT        pkt=419  link=src1→router  delay=1.0ms
[  32.2020]  PACKET_ARRIVAL         pkt=419  node=router  hop=1
[  32.2020]  QUEUE_ENQUEUE          pkt=419  node=router  queue=19/20 (95%)  state=INCREMENTAL_COMPRESSION
[  32.2020]  QUEUE_DEQUEUE          pkt=387  node=router  wait=1854.9ms  queue=18/20  state=INCREMENTAL_COMPRESSION
[  32.2020]  PACKET_TRANSMIT        pkt=387  link=router→dst  delay=5.0ms
[  32.2070]  PACKET_ARRIVAL         pkt=387  node=dst  hop=2
[  32.2070]  PACKET_DELIVER         pkt=387  flow=0  latency=1861.9ms
[  32.3008]  PACKET_GENERATE        pkt=420  flow=0  size=1428B  pri=1
[  32.3008]  QUEUE_ENQUEUE          pkt=420  node=src0  queue=1/1000 (0%)  state=NORMAL
[  32.3018]  QUEUE_DEQUEUE          pkt=420  node=src0  wait=1.0ms  queue=0/1000  state=NORMAL
[  32.3018]  PACKET_TRANSMIT        pkt=420  link=src0→router  delay=1.0ms
[  32.3020]  QUEUE_DEQUEUE          pkt=388  node=router  wait=1909.6ms  queue=17/20  state=INCREMENTAL_COMPRESSION
[  32.3020]  PACKET_TRANSMIT        pkt=388  link=router→dst  delay=5.0ms
[  32.3028]  PACKET_ARRIVAL         pkt=420  node=router  hop=1
[  32.3028]  QUEUE_ENQUEUE          pkt=420  node=router  queue=18/20 (90%)  state=INCREMENTAL_COMPRESSION
[  32.3070]  PACKET_ARRIVAL         pkt=388  node=dst  hop=2
[  32.3070]  PACKET_DELIVER         pkt=388  flow=0  latency=1916.6ms
[  32.3250]  PACKET_GENERATE        pkt=421  flow=0  size=1489B  pri=1
[  32.3250]  QUEUE_ENQUEUE          pkt=421  node=src0  queue=1/1000 (0%)  state=NORMAL
[  32.3260]  QUEUE_DEQUEUE          pkt=421  node=src0  wait=1.0ms  queue=0/1000  state=NORMAL
[  32.3260]  PACKET_TRANSMIT        pkt=421  link=src0→router  delay=1.0ms
[  32.3270]  PACKET_ARRIVAL         pkt=421  node=router  hop=1
[  32.3270]  QUEUE_ENQUEUE          pkt=421  node=router  queue=19/20 (95%)  state=INCREMENTAL_COMPRESSION
[  32.4000]  PACKET_GENERATE        pkt=422  flow=1  size=100B  pri=0
[  32.4000]  QUEUE_ENQUEUE          pkt=422  node=src1  queue=1/1000 (0%)  state=NORMAL
[  32.4010]  QUEUE_DEQUEUE          pkt=422  node=src1  wait=1.0ms  queue=0/1000  state=NORMAL
[  32.4010]  PACKET_TRANSMIT        pkt=422  link=src1→router  delay=1.0ms
[  32.4020]  PACKET_ARRIVAL         pkt=422  node=router  hop=1
[  32.4020]  QUEUE_ENQUEUE          pkt=422  node=router  queue=20/20 (100%)  state=INCREMENTAL_COMPRESSION
[  32.4020]  QUEUE_DEQUEUE          pkt=391  node=router  wait=1822.7ms  queue=19/20  state=INCREMENTAL_COMPRESSION
[  32.4020]  STATE_UPDATE           node=router  INCREMENTAL_COMPRESSION → DROP_LOW_PRIORITY
[  32.4020]  PACKET_TRANSMIT        pkt=391  link=router→dst  delay=5.0ms
[  32.4070]  PACKET_ARRIVAL         pkt=391  node=dst  hop=2
[  32.4070]  PACKET_DELIVER         pkt=391  flow=0  latency=1829.7ms
[  32.4162]  PACKET_GENERATE        pkt=423  flow=0  size=1406B  pri=1
[  32.4162]  QUEUE_ENQUEUE          pkt=423  node=src0  queue=1/1000 (0%)  state=NORMAL
[  32.4172]  QUEUE_DEQUEUE          pkt=423  node=src0  wait=1.0ms  queue=0/1000  state=NORMAL
[  32.4172]  PACKET_TRANSMIT        pkt=423  link=src0→router  delay=1.0ms
[  32.4182]  PACKET_ARRIVAL         pkt=423  node=router  hop=1
[  32.4182]  QUEUE_DROP(congestion) pkt=423  node=router  pri=1  state=DROP_LOW_PRIORITY
[  32.5020]  QUEUE_DEQUEUE          pkt=392  node=router  wait=1900.0ms  queue=18/20  state=DROP_LOW_PRIORITY
[  32.5020]  STATE_UPDATE           node=router  DROP_LOW_PRIORITY → INCREMENTAL_COMPRESSION
[  32.5020]  PACKET_TRANSMIT        pkt=392  link=router→dst  delay=5.0ms
[  32.5070]  PACKET_ARRIVAL         pkt=392  node=dst  hop=2
[  32.5070]  PACKET_DELIVER         pkt=392  flow=1  latency=1907.0ms
[  32.5181]  PACKET_GENERATE        pkt=424  flow=0  size=1415B  pri=1
[  32.5181]  QUEUE_ENQUEUE          pkt=424  node=src0  queue=1/1000 (0%)  state=NORMAL
[  32.5191]  QUEUE_DEQUEUE          pkt=424  node=src0  wait=1.0ms  queue=0/1000  state=NORMAL
[  32.5191]  PACKET_TRANSMIT        pkt=424  link=src0→router  delay=1.0ms
[  32.5201]  PACKET_ARRIVAL         pkt=424  node=router  hop=1
[  32.5201]  QUEUE_ENQUEUE          pkt=424  node=router  queue=19/20 (95%)  state=INCREMENTAL_COMPRESSION
[  32.5943]  PACKET_GENERATE        pkt=425  flow=0  size=1459B  pri=1
[  32.5943]  QUEUE_ENQUEUE          pkt=425  node=src0  queue=1/1000 (0%)  state=NORMAL
[  32.5953]  QUEUE_DEQUEUE          pkt=425  node=src0  wait=1.0ms  queue=0/1000  state=NORMAL
[  32.5953]  PACKET_TRANSMIT        pkt=425  link=src0→router  delay=1.0ms
[  32.5963]  PACKET_ARRIVAL         pkt=425  node=router  hop=1
[  32.5963]  QUEUE_ENQUEUE          pkt=425  node=router  queue=20/20 (100%)  state=INCREMENTAL_COMPRESSION
[  32.6000]  PACKET_GENERATE        pkt=426  flow=1  size=100B  pri=0
[  32.6000]  QUEUE_ENQUEUE          pkt=426  node=src1  queue=1/1000 (0%)  state=NORMAL
[  32.6010]  QUEUE_DEQUEUE          pkt=426  node=src1  wait=1.0ms  queue=0/1000  state=NORMAL
[  32.6010]  PACKET_TRANSMIT        pkt=426  link=src1→router  delay=1.0ms
[  32.6020]  PACKET_ARRIVAL         pkt=426  node=router  hop=1
[  32.6020]  QUEUE_DROP(full)       pkt=426  node=router  pri=0  queue=20/20 FULL
[  32.6020]  QUEUE_DEQUEUE          pkt=394  node=router  wait=1803.8ms  queue=19/20  state=INCREMENTAL_COMPRESSION
[  32.6020]  STATE_UPDATE           node=router  INCREMENTAL_COMPRESSION → DROP_LOW_PRIORITY
[  32.6020]  PACKET_TRANSMIT        pkt=394  link=router→dst  delay=5.0ms
[  32.6070]  PACKET_ARRIVAL         pkt=394  node=dst  hop=2
[  32.6070]  PACKET_DELIVER         pkt=394  flow=0  latency=1810.8ms
[  32.7020]  QUEUE_DEQUEUE          pkt=395  node=router  wait=1900.0ms  queue=18/20  state=DROP_LOW_PRIORITY
[  32.7020]  STATE_UPDATE           node=router  DROP_LOW_PRIORITY → INCREMENTAL_COMPRESSION
[  32.7020]  PACKET_TRANSMIT        pkt=395  link=router→dst  delay=5.0ms
[  32.7070]  PACKET_ARRIVAL         pkt=395  node=dst  hop=2
[  32.7070]  PACKET_DELIVER         pkt=395  flow=1  latency=1907.0ms
[  32.7319]  PACKET_GENERATE        pkt=427  flow=0  size=1471B  pri=1
[  32.7319]  QUEUE_ENQUEUE          pkt=427  node=src0  queue=1/1000 (0%)  state=NORMAL
[  32.7329]  QUEUE_DEQUEUE          pkt=427  node=src0  wait=1.0ms  queue=0/1000  state=NORMAL
[  32.7329]  PACKET_TRANSMIT        pkt=427  link=src0→router  delay=1.0ms
[  32.7339]  PACKET_ARRIVAL         pkt=427  node=router  hop=1
[  32.7339]  QUEUE_ENQUEUE          pkt=427  node=router  queue=19/20 (95%)  state=INCREMENTAL_COMPRESSION
[  32.8000]  PACKET_GENERATE        pkt=428  flow=1  size=100B  pri=0
[  32.8000]  QUEUE_ENQUEUE          pkt=428  node=src1  queue=1/1000 (0%)  state=NORMAL
[  32.8010]  QUEUE_DEQUEUE          pkt=428  node=src1  wait=1.0ms  queue=0/1000  state=NORMAL
[  32.8010]  PACKET_TRANSMIT        pkt=428  link=src1→router  delay=1.0ms
[  32.8020]  PACKET_ARRIVAL         pkt=428  node=router  hop=1
[  32.8020]  QUEUE_ENQUEUE          pkt=428  node=router  queue=20/20 (100%)  state=INCREMENTAL_COMPRESSION
[  32.8020]  QUEUE_DEQUEUE          pkt=398  node=router  wait=1858.7ms  queue=19/20  state=INCREMENTAL_COMPRESSION
[  32.8020]  STATE_UPDATE           node=router  INCREMENTAL_COMPRESSION → DROP_LOW_PRIORITY
[  32.8020]  PACKET_TRANSMIT        pkt=398  link=router→dst  delay=5.0ms
[  32.8070]  PACKET_ARRIVAL         pkt=398  node=dst  hop=2
[  32.8070]  PACKET_DELIVER         pkt=398  flow=0  latency=1865.7ms
[  32.8451]  PACKET_GENERATE        pkt=429  flow=0  size=1496B  pri=1
[  32.8451]  QUEUE_ENQUEUE          pkt=429  node=src0  queue=1/1000 (0%)  state=NORMAL
[  32.8461]  QUEUE_DEQUEUE          pkt=429  node=src0  wait=1.0ms  queue=0/1000  state=NORMAL
[  32.8461]  PACKET_TRANSMIT        pkt=429  link=src0→router  delay=1.0ms
[  32.8471]  PACKET_ARRIVAL         pkt=429  node=router  hop=1
[  32.8471]  QUEUE_DROP(congestion) pkt=429  node=router  pri=1  state=DROP_LOW_PRIORITY
[  32.9020]  QUEUE_DEQUEUE          pkt=399  node=router  wait=1900.0ms  queue=18/20  state=DROP_LOW_PRIORITY
[  32.9020]  STATE_UPDATE           node=router  DROP_LOW_PRIORITY → INCREMENTAL_COMPRESSION
[  32.9020]  PACKET_TRANSMIT        pkt=399  link=router→dst  delay=5.0ms
[  32.9070]  PACKET_ARRIVAL         pkt=399  node=dst  hop=2
[  32.9070]  PACKET_DELIVER         pkt=399  flow=1  latency=1907.0ms
[  33.0000]  PACKET_GENERATE        pkt=430  flow=1  size=100B  pri=0
[  33.0000]  QUEUE_ENQUEUE          pkt=430  node=src1  queue=1/1000 (0%)  state=NORMAL
[  33.0010]  QUEUE_DEQUEUE          pkt=430  node=src1  wait=1.0ms  queue=0/1000  state=NORMAL
[  33.0010]  PACKET_TRANSMIT        pkt=430  link=src1→router  delay=1.0ms
[  33.0020]  PACKET_ARRIVAL         pkt=430  node=router  hop=1
[  33.0020]  QUEUE_ENQUEUE          pkt=430  node=router  queue=19/20 (95%)  state=INCREMENTAL_COMPRESSION
[  33.0020]  QUEUE_DEQUEUE          pkt=402  node=router  wait=1887.7ms  queue=18/20  state=INCREMENTAL_COMPRESSION
[  33.0020]  PACKET_TRANSMIT        pkt=402  link=router→dst  delay=5.0ms
[  33.0070]  PACKET_ARRIVAL         pkt=402  node=dst  hop=2
[  33.0070]  PACKET_DELIVER         pkt=402  flow=0  latency=1894.7ms
[  33.1020]  QUEUE_DEQUEUE          pkt=403  node=router  wait=1955.9ms  queue=17/20  state=INCREMENTAL_COMPRESSION
[  33.1020]  PACKET_TRANSMIT        pkt=403  link=router→dst  delay=5.0ms
[  33.1070]  PACKET_ARRIVAL         pkt=403  node=dst  hop=2
[  33.1070]  PACKET_DELIVER         pkt=403  flow=0  latency=1962.9ms
[  33.1226]  PACKET_GENERATE        pkt=431  flow=0  size=1478B  pri=1
[  33.1226]  QUEUE_ENQUEUE          pkt=431  node=src0  queue=1/1000 (0%)  state=NORMAL
[  33.1236]  QUEUE_DEQUEUE          pkt=431  node=src0  wait=1.0ms  queue=0/1000  state=NORMAL
[  33.1236]  PACKET_TRANSMIT        pkt=431  link=src0→router  delay=1.0ms
[  33.1246]  PACKET_ARRIVAL         pkt=431  node=router  hop=1
[  33.1246]  QUEUE_ENQUEUE          pkt=431  node=router  queue=18/20 (90%)  state=INCREMENTAL_COMPRESSION
[  33.2000]  PACKET_GENERATE        pkt=432  flow=1  size=100B  pri=0
[  33.2000]  QUEUE_ENQUEUE          pkt=432  node=src1  queue=1/1000 (0%)  state=NORMAL
[  33.2010]  QUEUE_DEQUEUE          pkt=432  node=src1  wait=1.0ms  queue=0/1000  state=NORMAL
[  33.2010]  PACKET_TRANSMIT        pkt=432  link=src1→router  delay=1.0ms
[  33.2020]  PACKET_ARRIVAL         pkt=432  node=router  hop=1
[  33.2020]  QUEUE_ENQUEUE          pkt=432  node=router  queue=19/20 (95%)  state=INCREMENTAL_COMPRESSION
[  33.2020]  QUEUE_DEQUEUE          pkt=407  node=router  wait=1882.8ms  queue=18/20  state=INCREMENTAL_COMPRESSION
[  33.2020]  PACKET_TRANSMIT        pkt=407  link=router→dst  delay=5.0ms
[  33.2070]  PACKET_ARRIVAL         pkt=407  node=dst  hop=2
[  33.2070]  PACKET_DELIVER         pkt=407  flow=0  latency=1889.8ms
[  33.3020]  QUEUE_DEQUEUE          pkt=408  node=router  wait=1973.3ms  queue=17/20  state=INCREMENTAL_COMPRESSION
[  33.3020]  PACKET_TRANSMIT        pkt=408  link=router→dst  delay=5.0ms
[  33.3070]  PACKET_ARRIVAL         pkt=408  node=dst  hop=2
[  33.3070]  PACKET_DELIVER         pkt=408  flow=0  latency=1980.3ms
[  33.3335]  PACKET_GENERATE        pkt=433  flow=0  size=1464B  pri=1
[  33.3335]  QUEUE_ENQUEUE          pkt=433  node=src0  queue=1/1000 (0%)  state=NORMAL
[  33.3345]  QUEUE_DEQUEUE          pkt=433  node=src0  wait=1.0ms  queue=0/1000  state=NORMAL
[  33.3345]  PACKET_TRANSMIT        pkt=433  link=src0→router  delay=1.0ms
[  33.3355]  PACKET_ARRIVAL         pkt=433  node=router  hop=1
[  33.3355]  QUEUE_ENQUEUE          pkt=433  node=router  queue=18/20 (90%)  state=INCREMENTAL_COMPRESSION
[  33.4000]  PACKET_GENERATE        pkt=434  flow=1  size=100B  pri=0
[  33.4000]  QUEUE_ENQUEUE          pkt=434  node=src1  queue=1/1000 (0%)  state=NORMAL
[  33.4010]  QUEUE_DEQUEUE          pkt=434  node=src1  wait=1.0ms  queue=0/1000  state=NORMAL
[  33.4010]  PACKET_TRANSMIT        pkt=434  link=src1→router  delay=1.0ms
[  33.4020]  PACKET_ARRIVAL         pkt=434  node=router  hop=1
[  33.4020]  QUEUE_ENQUEUE          pkt=434  node=router  queue=19/20 (95%)  state=INCREMENTAL_COMPRESSION
[  33.4020]  QUEUE_DEQUEUE          pkt=410  node=router  wait=1801.7ms  queue=18/20  state=INCREMENTAL_COMPRESSION
[  33.4020]  PACKET_TRANSMIT        pkt=410  link=router→dst  delay=5.0ms
[  33.4031]  PACKET_GENERATE        pkt=435  flow=0  size=1470B  pri=1
[  33.4031]  QUEUE_ENQUEUE          pkt=435  node=src0  queue=1/1000 (0%)  state=NORMAL
[  33.4041]  QUEUE_DEQUEUE          pkt=435  node=src0  wait=1.0ms  queue=0/1000  state=NORMAL
[  33.4041]  PACKET_TRANSMIT        pkt=435  link=src0→router  delay=1.0ms
[  33.4051]  PACKET_ARRIVAL         pkt=435  node=router  hop=1
[  33.4051]  QUEUE_ENQUEUE          pkt=435  node=router  queue=19/20 (95%)  state=INCREMENTAL_COMPRESSION
[  33.4070]  PACKET_ARRIVAL         pkt=410  node=dst  hop=2
[  33.4070]  PACKET_DELIVER         pkt=410  flow=0  latency=1808.7ms
[  33.4769]  PACKET_GENERATE        pkt=436  flow=0  size=1420B  pri=1
[  33.4769]  QUEUE_ENQUEUE          pkt=436  node=src0  queue=1/1000 (0%)  state=NORMAL
[  33.4779]  QUEUE_DEQUEUE          pkt=436  node=src0  wait=1.0ms  queue=0/1000  state=NORMAL
[  33.4779]  PACKET_TRANSMIT        pkt=436  link=src0→router  delay=1.0ms
[  33.4789]  PACKET_ARRIVAL         pkt=436  node=router  hop=1
[  33.4789]  QUEUE_ENQUEUE          pkt=436  node=router  queue=20/20 (100%)  state=INCREMENTAL_COMPRESSION
[  33.5020]  QUEUE_DEQUEUE          pkt=411  node=router  wait=1900.0ms  queue=19/20  state=INCREMENTAL_COMPRESSION
[  33.5020]  STATE_UPDATE           node=router  INCREMENTAL_COMPRESSION → DROP_LOW_PRIORITY
[  33.5020]  PACKET_TRANSMIT        pkt=411  link=router→dst  delay=5.0ms
[  33.5070]  PACKET_ARRIVAL         pkt=411  node=dst  hop=2
[  33.5070]  PACKET_DELIVER         pkt=411  flow=1  latency=1907.0ms
[  33.6000]  PACKET_GENERATE        pkt=437  flow=1  size=100B  pri=0
[  33.6000]  QUEUE_ENQUEUE          pkt=437  node=src1  queue=1/1000 (0%)  state=NORMAL
[  33.6010]  QUEUE_DEQUEUE          pkt=437  node=src1  wait=1.0ms  queue=0/1000  state=NORMAL
[  33.6010]  PACKET_TRANSMIT        pkt=437  link=src1→router  delay=1.0ms
[  33.6020]  PACKET_ARRIVAL         pkt=437  node=router  hop=1
[  33.6020]  QUEUE_ENQUEUE          pkt=437  node=router  queue=20/20 (100%)  state=DROP_LOW_PRIORITY
[  33.6020]  QUEUE_DEQUEUE          pkt=414  node=router  wait=1879.2ms  queue=19/20  state=DROP_LOW_PRIORITY
[  33.6020]  PACKET_TRANSMIT        pkt=414  link=router→dst  delay=5.0ms
[  33.6070]  PACKET_ARRIVAL         pkt=414  node=dst  hop=2
[  33.6070]  PACKET_DELIVER         pkt=414  flow=0  latency=1886.2ms
[  33.6470]  PACKET_GENERATE        pkt=438  flow=0  size=1460B  pri=1
[  33.6470]  QUEUE_ENQUEUE          pkt=438  node=src0  queue=1/1000 (0%)  state=NORMAL
[  33.6480]  QUEUE_DEQUEUE          pkt=438  node=src0  wait=1.0ms  queue=0/1000  state=NORMAL
[  33.6480]  PACKET_TRANSMIT        pkt=438  link=src0→router  delay=1.0ms
[  33.6490]  PACKET_ARRIVAL         pkt=438  node=router  hop=1
[  33.6490]  QUEUE_DROP(congestion) pkt=438  node=router  pri=1  state=DROP_LOW_PRIORITY
[  33.7020]  QUEUE_DEQUEUE          pkt=415  node=router  wait=1900.0ms  queue=18/20  state=DROP_LOW_PRIORITY
[  33.7020]  STATE_UPDATE           node=router  DROP_LOW_PRIORITY → INCREMENTAL_COMPRESSION
[  33.7020]  PACKET_TRANSMIT        pkt=415  link=router→dst  delay=5.0ms
[  33.7070]  PACKET_ARRIVAL         pkt=415  node=dst  hop=2
[  33.7070]  PACKET_DELIVER         pkt=415  flow=1  latency=1907.0ms
[  33.7218]  PACKET_GENERATE        pkt=439  flow=0  size=1496B  pri=1
[  33.7218]  QUEUE_ENQUEUE          pkt=439  node=src0  queue=1/1000 (0%)  state=NORMAL
[  33.7228]  QUEUE_DEQUEUE          pkt=439  node=src0  wait=1.0ms  queue=0/1000  state=NORMAL
[  33.7228]  PACKET_TRANSMIT        pkt=439  link=src0→router  delay=1.0ms
[  33.7238]  PACKET_ARRIVAL         pkt=439  node=router  hop=1
[  33.7238]  QUEUE_ENQUEUE          pkt=439  node=router  queue=19/20 (95%)  state=INCREMENTAL_COMPRESSION
[  33.7573]  PACKET_GENERATE        pkt=440  flow=0  size=1481B  pri=1
[  33.7573]  QUEUE_ENQUEUE          pkt=440  node=src0  queue=1/1000 (0%)  state=NORMAL
[  33.7583]  QUEUE_DEQUEUE          pkt=440  node=src0  wait=1.0ms  queue=0/1000  state=NORMAL
[  33.7583]  PACKET_TRANSMIT        pkt=440  link=src0→router  delay=1.0ms
[  33.7593]  PACKET_ARRIVAL         pkt=440  node=router  hop=1
[  33.7593]  QUEUE_ENQUEUE          pkt=440  node=router  queue=20/20 (100%)  state=INCREMENTAL_COMPRESSION
[  33.7979]  PACKET_GENERATE        pkt=441  flow=0  size=1499B  pri=1
[  33.7979]  QUEUE_ENQUEUE          pkt=441  node=src0  queue=1/1000 (0%)  state=NORMAL
[  33.7989]  QUEUE_DEQUEUE          pkt=441  node=src0  wait=1.0ms  queue=0/1000  state=NORMAL
[  33.7989]  PACKET_TRANSMIT        pkt=441  link=src0→router  delay=1.0ms
[  33.7999]  PACKET_ARRIVAL         pkt=441  node=router  hop=1
[  33.7999]  QUEUE_DROP(full)       pkt=441  node=router  pri=1  queue=20/20 FULL
[  33.8000]  PACKET_GENERATE        pkt=442  flow=1  size=100B  pri=0
[  33.8000]  QUEUE_ENQUEUE          pkt=442  node=src1  queue=1/1000 (0%)  state=NORMAL
[  33.8010]  QUEUE_DEQUEUE          pkt=442  node=src1  wait=1.0ms  queue=0/1000  state=NORMAL
[  33.8010]  PACKET_TRANSMIT        pkt=442  link=src1→router  delay=1.0ms
[  33.8020]  PACKET_ARRIVAL         pkt=442  node=router  hop=1
[  33.8020]  QUEUE_DROP(full)       pkt=442  node=router  pri=0  queue=20/20 FULL
[  33.8020]  QUEUE_DEQUEUE          pkt=417  node=router  wait=1800.0ms  queue=19/20  state=INCREMENTAL_COMPRESSION
[  33.8020]  STATE_UPDATE           node=router  INCREMENTAL_COMPRESSION → DROP_LOW_PRIORITY
[  33.8020]  PACKET_TRANSMIT        pkt=417  link=router→dst  delay=5.0ms
[  33.8070]  PACKET_ARRIVAL         pkt=417  node=dst  hop=2
[  33.8070]  PACKET_DELIVER         pkt=417  flow=1  latency=1807.0ms
[  33.8900]  PACKET_GENERATE        pkt=443  flow=0  size=1480B  pri=1
[  33.8900]  QUEUE_ENQUEUE          pkt=443  node=src0  queue=1/1000 (0%)  state=NORMAL
[  33.8910]  QUEUE_DEQUEUE          pkt=443  node=src0  wait=1.0ms  queue=0/1000  state=NORMAL
[  33.8910]  PACKET_TRANSMIT        pkt=443  link=src0→router  delay=1.0ms
[  33.8920]  PACKET_ARRIVAL         pkt=443  node=router  hop=1
[  33.8920]  QUEUE_DROP(congestion) pkt=443  node=router  pri=1  state=DROP_LOW_PRIORITY
[  33.9020]  QUEUE_DEQUEUE          pkt=418  node=router  wait=1787.6ms  queue=18/20  state=DROP_LOW_PRIORITY
[  33.9020]  STATE_UPDATE           node=router  DROP_LOW_PRIORITY → INCREMENTAL_COMPRESSION
[  33.9020]  PACKET_TRANSMIT        pkt=418  link=router→dst  delay=5.0ms
[  33.9070]  PACKET_ARRIVAL         pkt=418  node=dst  hop=2
[  33.9070]  PACKET_DELIVER         pkt=418  flow=0  latency=1794.6ms
[  33.9242]  PACKET_GENERATE        pkt=444  flow=0  size=1456B  pri=1
[  33.9242]  QUEUE_ENQUEUE          pkt=444  node=src0  queue=1/1000 (0%)  state=NORMAL
[  33.9252]  QUEUE_DEQUEUE          pkt=444  node=src0  wait=1.0ms  queue=0/1000  state=NORMAL
[  33.9252]  PACKET_TRANSMIT        pkt=444  link=src0→router  delay=1.0ms
[  33.9262]  PACKET_ARRIVAL         pkt=444  node=router  hop=1
[  33.9262]  QUEUE_ENQUEUE          pkt=444  node=router  queue=19/20 (95%)  state=INCREMENTAL_COMPRESSION
[  33.9342]  PACKET_GENERATE        pkt=445  flow=0  size=1436B  pri=1
[  33.9342]  QUEUE_ENQUEUE          pkt=445  node=src0  queue=1/1000 (0%)  state=NORMAL
[  33.9352]  QUEUE_DEQUEUE          pkt=445  node=src0  wait=1.0ms  queue=0/1000  state=NORMAL
[  33.9352]  PACKET_TRANSMIT        pkt=445  link=src0→router  delay=1.0ms
[  33.9362]  PACKET_ARRIVAL         pkt=445  node=router  hop=1
[  33.9362]  QUEUE_ENQUEUE          pkt=445  node=router  queue=20/20 (100%)  state=INCREMENTAL_COMPRESSION
[  33.9676]  PACKET_GENERATE        pkt=446  flow=0  size=1442B  pri=1
[  33.9676]  QUEUE_ENQUEUE          pkt=446  node=src0  queue=1/1000 (0%)  state=NORMAL
[  33.9686]  QUEUE_DEQUEUE          pkt=446  node=src0  wait=1.0ms  queue=0/1000  state=NORMAL
[  33.9686]  PACKET_TRANSMIT        pkt=446  link=src0→router  delay=1.0ms
[  33.9696]  PACKET_ARRIVAL         pkt=446  node=router  hop=1
[  33.9696]  QUEUE_DROP(full)       pkt=446  node=router  pri=1  queue=20/20 FULL
[  34.0000]  PACKET_GENERATE        pkt=447  flow=1  size=100B  pri=0
[  34.0000]  QUEUE_ENQUEUE          pkt=447  node=src1  queue=1/1000 (0%)  state=NORMAL
[  34.0010]  QUEUE_DEQUEUE          pkt=447  node=src1  wait=1.0ms  queue=0/1000  state=NORMAL
[  34.0010]  PACKET_TRANSMIT        pkt=447  link=src1→router  delay=1.0ms
[  34.0020]  PACKET_ARRIVAL         pkt=447  node=router  hop=1
[  34.0020]  QUEUE_DROP(full)       pkt=447  node=router  pri=0  queue=20/20 FULL
[  34.0020]  QUEUE_DEQUEUE          pkt=419  node=router  wait=1800.0ms  queue=19/20  state=INCREMENTAL_COMPRESSION
[  34.0020]  STATE_UPDATE           node=router  INCREMENTAL_COMPRESSION → DROP_LOW_PRIORITY
[  34.0020]  PACKET_TRANSMIT        pkt=419  link=router→dst  delay=5.0ms
[  34.0070]  PACKET_ARRIVAL         pkt=419  node=dst  hop=2
[  34.0070]  PACKET_DELIVER         pkt=419  flow=1  latency=1807.0ms
[  34.0158]  PACKET_GENERATE        pkt=448  flow=0  size=1469B  pri=1
[  34.0158]  QUEUE_ENQUEUE          pkt=448  node=src0  queue=1/1000 (0%)  state=NORMAL
[  34.0168]  QUEUE_DEQUEUE          pkt=448  node=src0  wait=1.0ms  queue=0/1000  state=NORMAL
[  34.0168]  PACKET_TRANSMIT        pkt=448  link=src0→router  delay=1.0ms
[  34.0178]  PACKET_ARRIVAL         pkt=448  node=router  hop=1
[  34.0178]  QUEUE_DROP(congestion) pkt=448  node=router  pri=1  state=DROP_LOW_PRIORITY
[  34.0263]  PACKET_GENERATE        pkt=449  flow=0  size=1419B  pri=1
[  34.0263]  QUEUE_ENQUEUE          pkt=449  node=src0  queue=1/1000 (0%)  state=NORMAL
[  34.0273]  QUEUE_DEQUEUE          pkt=449  node=src0  wait=1.0ms  queue=0/1000  state=NORMAL
[  34.0273]  PACKET_TRANSMIT        pkt=449  link=src0→router  delay=1.0ms
[  34.0283]  PACKET_ARRIVAL         pkt=449  node=router  hop=1
[  34.0283]  QUEUE_DROP(congestion) pkt=449  node=router  pri=1  state=DROP_LOW_PRIORITY
[  34.0592]  PACKET_GENERATE        pkt=450  flow=0  size=1488B  pri=1
[  34.0592]  QUEUE_ENQUEUE          pkt=450  node=src0  queue=1/1000 (0%)  state=NORMAL
[  34.0602]  QUEUE_DEQUEUE          pkt=450  node=src0  wait=1.0ms  queue=0/1000  state=NORMAL
[  34.0602]  PACKET_TRANSMIT        pkt=450  link=src0→router  delay=1.0ms
[  34.0612]  PACKET_ARRIVAL         pkt=450  node=router  hop=1
[  34.0612]  QUEUE_DROP(congestion) pkt=450  node=router  pri=1  state=DROP_LOW_PRIORITY
[  34.0799]  PACKET_GENERATE        pkt=451  flow=0  size=1427B  pri=1
[  34.0799]  QUEUE_ENQUEUE          pkt=451  node=src0  queue=1/1000 (0%)  state=NORMAL
[  34.0809]  QUEUE_DEQUEUE          pkt=451  node=src0  wait=1.0ms  queue=0/1000  state=NORMAL
[  34.0809]  PACKET_TRANSMIT        pkt=451  link=src0→router  delay=1.0ms
[  34.0819]  PACKET_ARRIVAL         pkt=451  node=router  hop=1
[  34.0819]  QUEUE_DROP(congestion) pkt=451  node=router  pri=1  state=DROP_LOW_PRIORITY
[  34.0882]  PACKET_GENERATE        pkt=452  flow=0  size=1452B  pri=1
[  34.0882]  QUEUE_ENQUEUE          pkt=452  node=src0  queue=1/1000 (0%)  state=NORMAL
[  34.0892]  QUEUE_DEQUEUE          pkt=452  node=src0  wait=1.0ms  queue=0/1000  state=NORMAL
[  34.0892]  PACKET_TRANSMIT        pkt=452  link=src0→router  delay=1.0ms
[  34.0902]  PACKET_ARRIVAL         pkt=452  node=router  hop=1
[  34.0902]  QUEUE_DROP(congestion) pkt=452  node=router  pri=1  state=DROP_LOW_PRIORITY
[  34.1020]  QUEUE_DEQUEUE          pkt=420  node=router  wait=1799.2ms  queue=18/20  state=DROP_LOW_PRIORITY
[  34.1020]  STATE_UPDATE           node=router  DROP_LOW_PRIORITY → INCREMENTAL_COMPRESSION
[  34.1020]  PACKET_TRANSMIT        pkt=420  link=router→dst  delay=5.0ms
[  34.1070]  PACKET_ARRIVAL         pkt=420  node=dst  hop=2
[  34.1070]  PACKET_DELIVER         pkt=420  flow=0  latency=1806.2ms
[  34.1384]  PACKET_GENERATE        pkt=453  flow=0  size=1459B  pri=1
[  34.1384]  QUEUE_ENQUEUE          pkt=453  node=src0  queue=1/1000 (0%)  state=NORMAL
[  34.1394]  QUEUE_DEQUEUE          pkt=453  node=src0  wait=1.0ms  queue=0/1000  state=NORMAL
[  34.1394]  PACKET_TRANSMIT        pkt=453  link=src0→router  delay=1.0ms
[  34.1404]  PACKET_ARRIVAL         pkt=453  node=router  hop=1
[  34.1404]  QUEUE_ENQUEUE          pkt=453  node=router  queue=19/20 (95%)  state=INCREMENTAL_COMPRESSION
[  34.2000]  PACKET_GENERATE        pkt=454  flow=1  size=100B  pri=0
[  34.2000]  QUEUE_ENQUEUE          pkt=454  node=src1  queue=1/1000 (0%)  state=NORMAL
[  34.2010]  QUEUE_DEQUEUE          pkt=454  node=src1  wait=1.0ms  queue=0/1000  state=NORMAL
[  34.2010]  PACKET_TRANSMIT        pkt=454  link=src1→router  delay=1.0ms
[  34.2020]  PACKET_ARRIVAL         pkt=454  node=router  hop=1
[  34.2020]  QUEUE_ENQUEUE          pkt=454  node=router  queue=20/20 (100%)  state=INCREMENTAL_COMPRESSION
[  34.2020]  QUEUE_DEQUEUE          pkt=421  node=router  wait=1875.0ms  queue=19/20  state=INCREMENTAL_COMPRESSION
[  34.2020]  STATE_UPDATE           node=router  INCREMENTAL_COMPRESSION → DROP_LOW_PRIORITY
[  34.2020]  PACKET_TRANSMIT        pkt=421  link=router→dst  delay=5.0ms
[  34.2056]  PACKET_GENERATE        pkt=455  flow=0  size=1426B  pri=1
[  34.2056]  QUEUE_ENQUEUE          pkt=455  node=src0  queue=1/1000 (0%)  state=NORMAL
[  34.2066]  QUEUE_DEQUEUE          pkt=455  node=src0  wait=1.0ms  queue=0/1000  state=NORMAL
[  34.2066]  PACKET_TRANSMIT        pkt=455  link=src0→router  delay=1.0ms
[  34.2070]  PACKET_ARRIVAL         pkt=421  node=dst  hop=2
[  34.2070]  PACKET_DELIVER         pkt=421  flow=0  latency=1882.0ms
[  34.2076]  PACKET_ARRIVAL         pkt=455  node=router  hop=1
[  34.2076]  QUEUE_DROP(congestion) pkt=455  node=router  pri=1  state=DROP_LOW_PRIORITY
[  34.3020]  QUEUE_DEQUEUE          pkt=422  node=router  wait=1900.0ms  queue=18/20  state=DROP_LOW_PRIORITY
[  34.3020]  STATE_UPDATE           node=router  DROP_LOW_PRIORITY → INCREMENTAL_COMPRESSION
[  34.3020]  PACKET_TRANSMIT        pkt=422  link=router→dst  delay=5.0ms
[  34.3070]  PACKET_ARRIVAL         pkt=422  node=dst  hop=2
[  34.3070]  PACKET_DELIVER         pkt=422  flow=1  latency=1907.0ms
[  34.4000]  PACKET_GENERATE        pkt=456  flow=1  size=100B  pri=0
[  34.4000]  QUEUE_ENQUEUE          pkt=456  node=src1  queue=1/1000 (0%)  state=NORMAL
[  34.4010]  QUEUE_DEQUEUE          pkt=456  node=src1  wait=1.0ms  queue=0/1000  state=NORMAL
[  34.4010]  PACKET_TRANSMIT        pkt=456  link=src1→router  delay=1.0ms
[  34.4020]  PACKET_ARRIVAL         pkt=456  node=router  hop=1
[  34.4020]  QUEUE_ENQUEUE          pkt=456  node=router  queue=19/20 (95%)  state=INCREMENTAL_COMPRESSION
[  34.4020]  QUEUE_DEQUEUE          pkt=424  node=router  wait=1881.9ms  queue=18/20  state=INCREMENTAL_COMPRESSION
[  34.4020]  PACKET_TRANSMIT        pkt=424  link=router→dst  delay=5.0ms
[  34.4070]  PACKET_ARRIVAL         pkt=424  node=dst  hop=2
[  34.4070]  PACKET_DELIVER         pkt=424  flow=0  latency=1888.9ms
[  34.4292]  PACKET_GENERATE        pkt=457  flow=0  size=1449B  pri=1
[  34.4292]  QUEUE_ENQUEUE          pkt=457  node=src0  queue=1/1000 (0%)  state=NORMAL
[  34.4302]  QUEUE_DEQUEUE          pkt=457  node=src0  wait=1.0ms  queue=0/1000  state=NORMAL
[  34.4302]  PACKET_TRANSMIT        pkt=457  link=src0→router  delay=1.0ms
[  34.4312]  PACKET_ARRIVAL         pkt=457  node=router  hop=1
[  34.4312]  QUEUE_ENQUEUE          pkt=457  node=router  queue=19/20 (95%)  state=INCREMENTAL_COMPRESSION
[  34.5020]  QUEUE_DEQUEUE          pkt=425  node=router  wait=1905.7ms  queue=18/20  state=INCREMENTAL_COMPRESSION
[  34.5020]  PACKET_TRANSMIT        pkt=425  link=router→dst  delay=5.0ms
[  34.5070]  PACKET_ARRIVAL         pkt=425  node=dst  hop=2
[  34.5070]  PACKET_DELIVER         pkt=425  flow=0  latency=1912.7ms
[  34.6000]  PACKET_GENERATE        pkt=458  flow=1  size=100B  pri=0
[  34.6000]  QUEUE_ENQUEUE          pkt=458  node=src1  queue=1/1000 (0%)  state=NORMAL
[  34.6010]  QUEUE_DEQUEUE          pkt=458  node=src1  wait=1.0ms  queue=0/1000  state=NORMAL
[  34.6010]  PACKET_TRANSMIT        pkt=458  link=src1→router  delay=1.0ms
[  34.6020]  PACKET_ARRIVAL         pkt=458  node=router  hop=1
[  34.6020]  QUEUE_ENQUEUE          pkt=458  node=router  queue=19/20 (95%)  state=INCREMENTAL_COMPRESSION
[  34.6020]  QUEUE_DEQUEUE          pkt=427  node=router  wait=1868.1ms  queue=18/20  state=INCREMENTAL_COMPRESSION
[  34.6020]  PACKET_TRANSMIT        pkt=427  link=router→dst  delay=5.0ms
[  34.6070]  PACKET_ARRIVAL         pkt=427  node=dst  hop=2
[  34.6070]  PACKET_DELIVER         pkt=427  flow=0  latency=1875.1ms
[  34.7020]  QUEUE_DEQUEUE          pkt=428  node=router  wait=1900.0ms  queue=17/20  state=INCREMENTAL_COMPRESSION
[  34.7020]  PACKET_TRANSMIT        pkt=428  link=router→dst  delay=5.0ms
[  34.7070]  PACKET_ARRIVAL         pkt=428  node=dst  hop=2
[  34.7070]  PACKET_DELIVER         pkt=428  flow=1  latency=1907.0ms
[  34.7233]  PACKET_GENERATE        pkt=459  flow=0  size=1474B  pri=1
[  34.7233]  QUEUE_ENQUEUE          pkt=459  node=src0  queue=1/1000 (0%)  state=NORMAL
[  34.7243]  QUEUE_DEQUEUE          pkt=459  node=src0  wait=1.0ms  queue=0/1000  state=NORMAL
[  34.7243]  PACKET_TRANSMIT        pkt=459  link=src0→router  delay=1.0ms
[  34.7253]  PACKET_ARRIVAL         pkt=459  node=router  hop=1
[  34.7253]  QUEUE_ENQUEUE          pkt=459  node=router  queue=18/20 (90%)  state=INCREMENTAL_COMPRESSION
[  34.8000]  PACKET_GENERATE        pkt=460  flow=1  size=100B  pri=0
[  34.8000]  QUEUE_ENQUEUE          pkt=460  node=src1  queue=1/1000 (0%)  state=NORMAL
[  34.8010]  QUEUE_DEQUEUE          pkt=460  node=src1  wait=1.0ms  queue=0/1000  state=NORMAL
[  34.8010]  PACKET_TRANSMIT        pkt=460  link=src1→router  delay=1.0ms
[  34.8020]  PACKET_ARRIVAL         pkt=460  node=router  hop=1
[  34.8020]  QUEUE_ENQUEUE          pkt=460  node=router  queue=19/20 (95%)  state=INCREMENTAL_COMPRESSION
[  34.8020]  QUEUE_DEQUEUE          pkt=430  node=router  wait=1800.0ms  queue=18/20  state=INCREMENTAL_COMPRESSION
[  34.8020]  PACKET_TRANSMIT        pkt=430  link=router→dst  delay=5.0ms
[  34.8070]  PACKET_ARRIVAL         pkt=430  node=dst  hop=2
[  34.8070]  PACKET_DELIVER         pkt=430  flow=1  latency=1807.0ms
[  34.9020]  QUEUE_DEQUEUE          pkt=431  node=router  wait=1777.4ms  queue=17/20  state=INCREMENTAL_COMPRESSION
[  34.9020]  PACKET_TRANSMIT        pkt=431  link=router→dst  delay=5.0ms
[  34.9070]  PACKET_ARRIVAL         pkt=431  node=dst  hop=2
[  34.9070]  PACKET_DELIVER         pkt=431  flow=0  latency=1784.4ms
[  35.0000]  PACKET_GENERATE        pkt=461  flow=1  size=100B  pri=0
[  35.0000]  QUEUE_ENQUEUE          pkt=461  node=src1  queue=1/1000 (0%)  state=NORMAL
[  35.0010]  QUEUE_DEQUEUE          pkt=461  node=src1  wait=1.0ms  queue=0/1000  state=NORMAL
[  35.0010]  PACKET_TRANSMIT        pkt=461  link=src1→router  delay=1.0ms
[  35.0020]  PACKET_ARRIVAL         pkt=461  node=router  hop=1
[  35.0020]  QUEUE_ENQUEUE          pkt=461  node=router  queue=18/20 (90%)  state=INCREMENTAL_COMPRESSION
[  35.0020]  QUEUE_DEQUEUE          pkt=432  node=router  wait=1800.0ms  queue=17/20  state=INCREMENTAL_COMPRESSION
[  35.0020]  PACKET_TRANSMIT        pkt=432  link=router→dst  delay=5.0ms
[  35.0070]  PACKET_ARRIVAL         pkt=432  node=dst  hop=2
[  35.0070]  PACKET_DELIVER         pkt=432  flow=1  latency=1807.0ms
[  35.0883]  PACKET_GENERATE        pkt=462  flow=0  size=1402B  pri=1
[  35.0883]  QUEUE_ENQUEUE          pkt=462  node=src0  queue=1/1000 (0%)  state=NORMAL
[  35.0893]  QUEUE_DEQUEUE          pkt=462  node=src0  wait=1.0ms  queue=0/1000  state=NORMAL
[  35.0893]  PACKET_TRANSMIT        pkt=462  link=src0→router  delay=1.0ms
[  35.0903]  PACKET_ARRIVAL         pkt=462  node=router  hop=1
[  35.0903]  QUEUE_ENQUEUE          pkt=462  node=router  queue=18/20 (90%)  state=INCREMENTAL_COMPRESSION
[  35.1020]  QUEUE_DEQUEUE          pkt=433  node=router  wait=1766.5ms  queue=17/20  state=INCREMENTAL_COMPRESSION
[  35.1020]  PACKET_TRANSMIT        pkt=433  link=router→dst  delay=5.0ms
[  35.1070]  PACKET_ARRIVAL         pkt=433  node=dst  hop=2
[  35.1070]  PACKET_DELIVER         pkt=433  flow=0  latency=1773.5ms
[  35.2000]  PACKET_GENERATE        pkt=463  flow=1  size=100B  pri=0
[  35.2000]  QUEUE_ENQUEUE          pkt=463  node=src1  queue=1/1000 (0%)  state=NORMAL
[  35.2010]  QUEUE_DEQUEUE          pkt=463  node=src1  wait=1.0ms  queue=0/1000  state=NORMAL
[  35.2010]  PACKET_TRANSMIT        pkt=463  link=src1→router  delay=1.0ms
[  35.2020]  PACKET_ARRIVAL         pkt=463  node=router  hop=1
[  35.2020]  QUEUE_ENQUEUE          pkt=463  node=router  queue=18/20 (90%)  state=INCREMENTAL_COMPRESSION
[  35.2020]  QUEUE_DEQUEUE          pkt=434  node=router  wait=1800.0ms  queue=17/20  state=INCREMENTAL_COMPRESSION
[  35.2020]  PACKET_TRANSMIT        pkt=434  link=router→dst  delay=5.0ms
[  35.2070]  PACKET_ARRIVAL         pkt=434  node=dst  hop=2
[  35.2070]  PACKET_DELIVER         pkt=434  flow=1  latency=1807.0ms
[  35.3020]  QUEUE_DEQUEUE          pkt=435  node=router  wait=1896.9ms  queue=16/20  state=INCREMENTAL_COMPRESSION
[  35.3020]  STATE_UPDATE           node=router  INCREMENTAL_COMPRESSION → DELTA_COMPRESSION
[  35.3020]  PACKET_TRANSMIT        pkt=435  link=router→dst  delay=5.0ms
[  35.3070]  PACKET_ARRIVAL         pkt=435  node=dst  hop=2
[  35.3070]  PACKET_DELIVER         pkt=435  flow=0  latency=1903.9ms
[  35.3311]  PACKET_GENERATE        pkt=464  flow=0  size=1497B  pri=1
[  35.3311]  QUEUE_ENQUEUE          pkt=464  node=src0  queue=1/1000 (0%)  state=NORMAL
[  35.3321]  QUEUE_DEQUEUE          pkt=464  node=src0  wait=1.0ms  queue=0/1000  state=NORMAL
[  35.3321]  PACKET_TRANSMIT        pkt=464  link=src0→router  delay=1.0ms
[  35.3331]  PACKET_ARRIVAL         pkt=464  node=router  hop=1
[  35.3331]  QUEUE_ENQUEUE          pkt=464  node=router  queue=17/20 (85%)  state=DELTA_COMPRESSION
[  35.4000]  PACKET_GENERATE        pkt=465  flow=1  size=100B  pri=0
[  35.4000]  QUEUE_ENQUEUE          pkt=465  node=src1  queue=1/1000 (0%)  state=NORMAL
[  35.4010]  QUEUE_DEQUEUE          pkt=465  node=src1  wait=1.0ms  queue=0/1000  state=NORMAL
[  35.4010]  PACKET_TRANSMIT        pkt=465  link=src1→router  delay=1.0ms
[  35.4020]  PACKET_ARRIVAL         pkt=465  node=router  hop=1
[  35.4020]  QUEUE_ENQUEUE          pkt=465  node=router  queue=18/20 (90%)  state=DELTA_COMPRESSION
[  35.4020]  QUEUE_DEQUEUE          pkt=436  node=router  wait=1923.1ms  queue=17/20  state=DELTA_COMPRESSION
[  35.4020]  STATE_UPDATE           node=router  DELTA_COMPRESSION → INCREMENTAL_COMPRESSION
[  35.4020]  PACKET_TRANSMIT        pkt=436  link=router→dst  delay=5.0ms
[  35.4070]  PACKET_ARRIVAL         pkt=436  node=dst  hop=2
[  35.4070]  PACKET_DELIVER         pkt=436  flow=0  latency=1930.1ms
[  35.4383]  PACKET_GENERATE        pkt=466  flow=0  size=1461B  pri=1
[  35.4383]  QUEUE_ENQUEUE          pkt=466  node=src0  queue=1/1000 (0%)  state=NORMAL
[  35.4390]  PACKET_GENERATE        pkt=467  flow=0  size=1445B  pri=1
[  35.4390]  QUEUE_ENQUEUE          pkt=467  node=src0  queue=2/1000 (0%)  state=NORMAL
[  35.4393]  QUEUE_DEQUEUE          pkt=466  node=src0  wait=1.0ms  queue=1/1000  state=NORMAL
[  35.4393]  PACKET_TRANSMIT        pkt=466  link=src0→router  delay=1.0ms
[  35.4403]  QUEUE_DEQUEUE          pkt=467  node=src0  wait=1.3ms  queue=0/1000  state=NORMAL
[  35.4403]  PACKET_ARRIVAL         pkt=466  node=router  hop=1
[  35.4403]  PACKET_TRANSMIT        pkt=467  link=src0→router  delay=1.0ms
[  35.4403]  QUEUE_ENQUEUE          pkt=466  node=router  queue=18/20 (90%)  state=INCREMENTAL_COMPRESSION
[  35.4413]  PACKET_ARRIVAL         pkt=467  node=router  hop=1
[  35.4413]  QUEUE_ENQUEUE          pkt=467  node=router  queue=19/20 (95%)  state=INCREMENTAL_COMPRESSION
[  35.4834]  PACKET_GENERATE        pkt=468  flow=0  size=1449B  pri=1
[  35.4834]  QUEUE_ENQUEUE          pkt=468  node=src0  queue=1/1000 (0%)  state=NORMAL
[  35.4844]  QUEUE_DEQUEUE          pkt=468  node=src0  wait=1.0ms  queue=0/1000  state=NORMAL
[  35.4844]  PACKET_TRANSMIT        pkt=468  link=src0→router  delay=1.0ms
[  35.4854]  PACKET_ARRIVAL         pkt=468  node=router  hop=1
[  35.4854]  QUEUE_ENQUEUE          pkt=468  node=router  queue=20/20 (100%)  state=INCREMENTAL_COMPRESSION
[  35.5020]  QUEUE_DEQUEUE          pkt=437  node=router  wait=1900.0ms  queue=19/20  state=INCREMENTAL_COMPRESSION
[  35.5020]  STATE_UPDATE           node=router  INCREMENTAL_COMPRESSION → DROP_LOW_PRIORITY
[  35.5020]  PACKET_TRANSMIT        pkt=437  link=router→dst  delay=5.0ms
[  35.5070]  PACKET_ARRIVAL         pkt=437  node=dst  hop=2
[  35.5070]  PACKET_DELIVER         pkt=437  flow=1  latency=1907.0ms
[  35.6000]  PACKET_GENERATE        pkt=469  flow=1  size=100B  pri=0
[  35.6000]  QUEUE_ENQUEUE          pkt=469  node=src1  queue=1/1000 (0%)  state=NORMAL
[  35.6010]  QUEUE_DEQUEUE          pkt=469  node=src1  wait=1.0ms  queue=0/1000  state=NORMAL
[  35.6010]  PACKET_TRANSMIT        pkt=469  link=src1→router  delay=1.0ms
[  35.6020]  PACKET_ARRIVAL         pkt=469  node=router  hop=1
[  35.6020]  QUEUE_ENQUEUE          pkt=469  node=router  queue=20/20 (100%)  state=DROP_LOW_PRIORITY
[  35.6020]  QUEUE_DEQUEUE          pkt=439  node=router  wait=1878.2ms  queue=19/20  state=DROP_LOW_PRIORITY
[  35.6020]  PACKET_TRANSMIT        pkt=439  link=router→dst  delay=5.0ms
[  35.6070]  PACKET_ARRIVAL         pkt=439  node=dst  hop=2
[  35.6070]  PACKET_DELIVER         pkt=439  flow=0  latency=1885.2ms
[  35.7020]  QUEUE_DEQUEUE          pkt=440  node=router  wait=1942.7ms  queue=18/20  state=DROP_LOW_PRIORITY
[  35.7020]  STATE_UPDATE           node=router  DROP_LOW_PRIORITY → INCREMENTAL_COMPRESSION
[  35.7020]  PACKET_TRANSMIT        pkt=440  link=router→dst  delay=5.0ms
[  35.7070]  PACKET_ARRIVAL         pkt=440  node=dst  hop=2
[  35.7070]  PACKET_DELIVER         pkt=440  flow=0  latency=1949.7ms
[  35.7234]  PACKET_GENERATE        pkt=470  flow=0  size=1453B  pri=1
[  35.7234]  QUEUE_ENQUEUE          pkt=470  node=src0  queue=1/1000 (0%)  state=NORMAL
[  35.7244]  QUEUE_DEQUEUE          pkt=470  node=src0  wait=1.0ms  queue=0/1000  state=NORMAL
[  35.7244]  PACKET_TRANSMIT        pkt=470  link=src0→router  delay=1.0ms
[  35.7254]  PACKET_ARRIVAL         pkt=470  node=router  hop=1
[  35.7254]  QUEUE_ENQUEUE          pkt=470  node=router  queue=19/20 (95%)  state=INCREMENTAL_COMPRESSION
[  35.8000]  PACKET_GENERATE        pkt=471  flow=1  size=100B  pri=0
[  35.8000]  QUEUE_ENQUEUE          pkt=471  node=src1  queue=1/1000 (0%)  state=NORMAL
[  35.8010]  QUEUE_DEQUEUE          pkt=471  node=src1  wait=1.0ms  queue=0/1000  state=NORMAL
[  35.8010]  PACKET_TRANSMIT        pkt=471  link=src1→router  delay=1.0ms
[  35.8020]  PACKET_ARRIVAL         pkt=471  node=router  hop=1
[  35.8020]  QUEUE_ENQUEUE          pkt=471  node=router  queue=20/20 (100%)  state=INCREMENTAL_COMPRESSION
[  35.8020]  QUEUE_DEQUEUE          pkt=444  node=router  wait=1875.8ms  queue=19/20  state=INCREMENTAL_COMPRESSION
[  35.8020]  STATE_UPDATE           node=router  INCREMENTAL_COMPRESSION → DROP_LOW_PRIORITY
[  35.8020]  PACKET_TRANSMIT        pkt=444  link=router→dst  delay=5.0ms
[  35.8070]  PACKET_ARRIVAL         pkt=444  node=dst  hop=2
[  35.8070]  PACKET_DELIVER         pkt=444  flow=0  latency=1882.8ms
[  35.8200]  PACKET_GENERATE        pkt=472  flow=0  size=1494B  pri=1
[  35.8200]  QUEUE_ENQUEUE          pkt=472  node=src0  queue=1/1000 (0%)  state=NORMAL
[  35.8210]  QUEUE_DEQUEUE          pkt=472  node=src0  wait=1.0ms  queue=0/1000  state=NORMAL
[  35.8210]  PACKET_TRANSMIT        pkt=472  link=src0→router  delay=1.0ms
[  35.8220]  PACKET_ARRIVAL         pkt=472  node=router  hop=1
[  35.8220]  QUEUE_DROP(congestion) pkt=472  node=router  pri=1  state=DROP_LOW_PRIORITY
[  35.9020]  QUEUE_DEQUEUE          pkt=445  node=router  wait=1965.8ms  queue=18/20  state=DROP_LOW_PRIORITY
[  35.9020]  STATE_UPDATE           node=router  DROP_LOW_PRIORITY → INCREMENTAL_COMPRESSION
[  35.9020]  PACKET_TRANSMIT        pkt=445  link=router→dst  delay=5.0ms
[  35.9070]  PACKET_ARRIVAL         pkt=445  node=dst  hop=2
[  35.9070]  PACKET_DELIVER         pkt=445  flow=0  latency=1972.8ms
[  35.9187]  PACKET_GENERATE        pkt=473  flow=0  size=1477B  pri=1
[  35.9187]  QUEUE_ENQUEUE          pkt=473  node=src0  queue=1/1000 (0%)  state=NORMAL
[  35.9197]  QUEUE_DEQUEUE          pkt=473  node=src0  wait=1.0ms  queue=0/1000  state=NORMAL
[  35.9197]  PACKET_TRANSMIT        pkt=473  link=src0→router  delay=1.0ms
[  35.9207]  PACKET_ARRIVAL         pkt=473  node=router  hop=1
[  35.9207]  QUEUE_ENQUEUE          pkt=473  node=router  queue=19/20 (95%)  state=INCREMENTAL_COMPRESSION
[  36.0000]  PACKET_GENERATE        pkt=474  flow=1  size=100B  pri=0
[  36.0000]  QUEUE_ENQUEUE          pkt=474  node=src1  queue=1/1000 (0%)  state=NORMAL
[  36.0010]  QUEUE_DEQUEUE          pkt=474  node=src1  wait=1.0ms  queue=0/1000  state=NORMAL
[  36.0010]  PACKET_TRANSMIT        pkt=474  link=src1→router  delay=1.0ms
[  36.0020]  PACKET_ARRIVAL         pkt=474  node=router  hop=1
[  36.0020]  QUEUE_ENQUEUE          pkt=474  node=router  queue=20/20 (100%)  state=INCREMENTAL_COMPRESSION
[  36.0020]  QUEUE_DEQUEUE          pkt=453  node=router  wait=1861.6ms  queue=19/20  state=INCREMENTAL_COMPRESSION
[  36.0020]  STATE_UPDATE           node=router  INCREMENTAL_COMPRESSION → DROP_LOW_PRIORITY
[  36.0020]  PACKET_TRANSMIT        pkt=453  link=router→dst  delay=5.0ms
[  36.0070]  PACKET_ARRIVAL         pkt=453  node=dst  hop=2
[  36.0070]  PACKET_DELIVER         pkt=453  flow=0  latency=1868.6ms
[  36.1020]  QUEUE_DEQUEUE          pkt=454  node=router  wait=1900.0ms  queue=18/20  state=DROP_LOW_PRIORITY
[  36.1020]  STATE_UPDATE           node=router  DROP_LOW_PRIORITY → INCREMENTAL_COMPRESSION
[  36.1020]  PACKET_TRANSMIT        pkt=454  link=router→dst  delay=5.0ms
[  36.1070]  PACKET_ARRIVAL         pkt=454  node=dst  hop=2
[  36.1070]  PACKET_DELIVER         pkt=454  flow=1  latency=1907.0ms
[  36.2000]  PACKET_GENERATE        pkt=475  flow=1  size=100B  pri=0
[  36.2000]  QUEUE_ENQUEUE          pkt=475  node=src1  queue=1/1000 (0%)  state=NORMAL
[  36.2010]  QUEUE_DEQUEUE          pkt=475  node=src1  wait=1.0ms  queue=0/1000  state=NORMAL
[  36.2010]  PACKET_TRANSMIT        pkt=475  link=src1→router  delay=1.0ms
[  36.2020]  PACKET_ARRIVAL         pkt=475  node=router  hop=1
[  36.2020]  QUEUE_ENQUEUE          pkt=475  node=router  queue=19/20 (95%)  state=INCREMENTAL_COMPRESSION
[  36.2020]  QUEUE_DEQUEUE          pkt=456  node=router  wait=1800.0ms  queue=18/20  state=INCREMENTAL_COMPRESSION
[  36.2020]  PACKET_TRANSMIT        pkt=456  link=router→dst  delay=5.0ms
[  36.2039]  PACKET_GENERATE        pkt=476  flow=0  size=1462B  pri=1
[  36.2039]  QUEUE_ENQUEUE          pkt=476  node=src0  queue=1/1000 (0%)  state=NORMAL
[  36.2049]  QUEUE_DEQUEUE          pkt=476  node=src0  wait=1.0ms  queue=0/1000  state=NORMAL
[  36.2049]  PACKET_TRANSMIT        pkt=476  link=src0→router  delay=1.0ms
[  36.2059]  PACKET_ARRIVAL         pkt=476  node=router  hop=1
[  36.2059]  QUEUE_ENQUEUE          pkt=476  node=router  queue=19/20 (95%)  state=INCREMENTAL_COMPRESSION
[  36.2070]  PACKET_ARRIVAL         pkt=456  node=dst  hop=2
[  36.2070]  PACKET_DELIVER         pkt=456  flow=1  latency=1807.0ms
[  36.2348]  PACKET_GENERATE        pkt=477  flow=0  size=1455B  pri=1
[  36.2348]  QUEUE_ENQUEUE          pkt=477  node=src0  queue=1/1000 (0%)  state=NORMAL
[  36.2358]  QUEUE_DEQUEUE          pkt=477  node=src0  wait=1.0ms  queue=0/1000  state=NORMAL
[  36.2358]  PACKET_TRANSMIT        pkt=477  link=src0→router  delay=1.0ms
[  36.2368]  PACKET_ARRIVAL         pkt=477  node=router  hop=1
[  36.2368]  QUEUE_ENQUEUE          pkt=477  node=router  queue=20/20 (100%)  state=INCREMENTAL_COMPRESSION
[  36.3020]  QUEUE_DEQUEUE          pkt=457  node=router  wait=1870.8ms  queue=19/20  state=INCREMENTAL_COMPRESSION
[  36.3020]  STATE_UPDATE           node=router  INCREMENTAL_COMPRESSION → DROP_LOW_PRIORITY
[  36.3020]  PACKET_TRANSMIT        pkt=457  link=router→dst  delay=5.0ms
[  36.3070]  PACKET_ARRIVAL         pkt=457  node=dst  hop=2
[  36.3070]  PACKET_DELIVER         pkt=457  flow=0  latency=1877.8ms
[  36.3179]  PACKET_GENERATE        pkt=478  flow=0  size=1449B  pri=1
[  36.3179]  QUEUE_ENQUEUE          pkt=478  node=src0  queue=1/1000 (0%)  state=NORMAL
[  36.3189]  QUEUE_DEQUEUE          pkt=478  node=src0  wait=1.0ms  queue=0/1000  state=NORMAL
[  36.3189]  PACKET_TRANSMIT        pkt=478  link=src0→router  delay=1.0ms
[  36.3199]  PACKET_ARRIVAL         pkt=478  node=router  hop=1
[  36.3199]  QUEUE_DROP(congestion) pkt=478  node=router  pri=1  state=DROP_LOW_PRIORITY
[  36.3691]  PACKET_GENERATE        pkt=479  flow=0  size=1486B  pri=1
[  36.3691]  QUEUE_ENQUEUE          pkt=479  node=src0  queue=1/1000 (0%)  state=NORMAL
[  36.3701]  QUEUE_DEQUEUE          pkt=479  node=src0  wait=1.0ms  queue=0/1000  state=NORMAL
[  36.3701]  PACKET_TRANSMIT        pkt=479  link=src0→router  delay=1.0ms
[  36.3711]  PACKET_ARRIVAL         pkt=479  node=router  hop=1
[  36.3711]  QUEUE_DROP(congestion) pkt=479  node=router  pri=1  state=DROP_LOW_PRIORITY
[  36.4000]  PACKET_GENERATE        pkt=480  flow=1  size=100B  pri=0
[  36.4000]  QUEUE_ENQUEUE          pkt=480  node=src1  queue=1/1000 (0%)  state=NORMAL
[  36.4010]  QUEUE_DEQUEUE          pkt=480  node=src1  wait=1.0ms  queue=0/1000  state=NORMAL
[  36.4010]  PACKET_TRANSMIT        pkt=480  link=src1→router  delay=1.0ms
[  36.4020]  PACKET_ARRIVAL         pkt=480  node=router  hop=1
[  36.4020]  QUEUE_ENQUEUE          pkt=480  node=router  queue=20/20 (100%)  state=DROP_LOW_PRIORITY
[  36.4020]  QUEUE_DEQUEUE          pkt=458  node=router  wait=1800.0ms  queue=19/20  state=DROP_LOW_PRIORITY
[  36.4020]  PACKET_TRANSMIT        pkt=458  link=router→dst  delay=5.0ms
[  36.4070]  PACKET_ARRIVAL         pkt=458  node=dst  hop=2
[  36.4070]  PACKET_DELIVER         pkt=458  flow=1  latency=1807.0ms
[  36.5020]  QUEUE_DEQUEUE          pkt=459  node=router  wait=1776.7ms  queue=18/20  state=DROP_LOW_PRIORITY
[  36.5020]  STATE_UPDATE           node=router  DROP_LOW_PRIORITY → INCREMENTAL_COMPRESSION
[  36.5020]  PACKET_TRANSMIT        pkt=459  link=router→dst  delay=5.0ms
[  36.5070]  PACKET_ARRIVAL         pkt=459  node=dst  hop=2
[  36.5070]  PACKET_DELIVER         pkt=459  flow=0  latency=1783.7ms
[  36.5692]  PACKET_GENERATE        pkt=481  flow=0  size=1492B  pri=1
[  36.5692]  QUEUE_ENQUEUE          pkt=481  node=src0  queue=1/1000 (0%)  state=NORMAL
[  36.5702]  QUEUE_DEQUEUE          pkt=481  node=src0  wait=1.0ms  queue=0/1000  state=NORMAL
[  36.5702]  PACKET_TRANSMIT        pkt=481  link=src0→router  delay=1.0ms
[  36.5712]  PACKET_ARRIVAL         pkt=481  node=router  hop=1
[  36.5712]  QUEUE_ENQUEUE          pkt=481  node=router  queue=19/20 (95%)  state=INCREMENTAL_COMPRESSION
[  36.5917]  PACKET_GENERATE        pkt=482  flow=0  size=1459B  pri=1
[  36.5917]  QUEUE_ENQUEUE          pkt=482  node=src0  queue=1/1000 (0%)  state=NORMAL
[  36.5927]  QUEUE_DEQUEUE          pkt=482  node=src0  wait=1.0ms  queue=0/1000  state=NORMAL
[  36.5927]  PACKET_TRANSMIT        pkt=482  link=src0→router  delay=1.0ms
[  36.5937]  PACKET_ARRIVAL         pkt=482  node=router  hop=1
[  36.5937]  QUEUE_ENQUEUE          pkt=482  node=router  queue=20/20 (100%)  state=INCREMENTAL_COMPRESSION
[  36.6000]  PACKET_GENERATE        pkt=483  flow=1  size=100B  pri=0
[  36.6000]  QUEUE_ENQUEUE          pkt=483  node=src1  queue=1/1000 (0%)  state=NORMAL
[  36.6010]  QUEUE_DEQUEUE          pkt=483  node=src1  wait=1.0ms  queue=0/1000  state=NORMAL
[  36.6010]  PACKET_TRANSMIT        pkt=483  link=src1→router  delay=1.0ms
[  36.6020]  PACKET_ARRIVAL         pkt=483  node=router  hop=1
[  36.6020]  QUEUE_DROP(full)       pkt=483  node=router  pri=0  queue=20/20 FULL
[  36.6020]  QUEUE_DEQUEUE          pkt=460  node=router  wait=1800.0ms  queue=19/20  state=INCREMENTAL_COMPRESSION
[  36.6020]  STATE_UPDATE           node=router  INCREMENTAL_COMPRESSION → DROP_LOW_PRIORITY
[  36.6020]  PACKET_TRANSMIT        pkt=460  link=router→dst  delay=5.0ms
[  36.6070]  PACKET_ARRIVAL         pkt=460  node=dst  hop=2
[  36.6070]  PACKET_DELIVER         pkt=460  flow=1  latency=1807.0ms
[  36.7020]  QUEUE_DEQUEUE          pkt=461  node=router  wait=1700.0ms  queue=18/20  state=DROP_LOW_PRIORITY
[  36.7020]  STATE_UPDATE           node=router  DROP_LOW_PRIORITY → INCREMENTAL_COMPRESSION
[  36.7020]  PACKET_TRANSMIT        pkt=461  link=router→dst  delay=5.0ms
[  36.7070]  PACKET_ARRIVAL         pkt=461  node=dst  hop=2
[  36.7070]  PACKET_DELIVER         pkt=461  flow=1  latency=1707.0ms
[  36.8000]  PACKET_GENERATE        pkt=484  flow=1  size=100B  pri=0
[  36.8000]  QUEUE_ENQUEUE          pkt=484  node=src1  queue=1/1000 (0%)  state=NORMAL
[  36.8010]  QUEUE_DEQUEUE          pkt=484  node=src1  wait=1.0ms  queue=0/1000  state=NORMAL
[  36.8010]  PACKET_TRANSMIT        pkt=484  link=src1→router  delay=1.0ms
[  36.8020]  PACKET_ARRIVAL         pkt=484  node=router  hop=1
[  36.8020]  QUEUE_ENQUEUE          pkt=484  node=router  queue=19/20 (95%)  state=INCREMENTAL_COMPRESSION
[  36.8020]  QUEUE_DEQUEUE          pkt=462  node=router  wait=1711.7ms  queue=18/20  state=INCREMENTAL_COMPRESSION
[  36.8020]  PACKET_TRANSMIT        pkt=462  link=router→dst  delay=5.0ms
[  36.8070]  PACKET_ARRIVAL         pkt=462  node=dst  hop=2
[  36.8070]  PACKET_DELIVER         pkt=462  flow=0  latency=1718.7ms
[  36.9020]  QUEUE_DEQUEUE          pkt=463  node=router  wait=1700.0ms  queue=17/20  state=INCREMENTAL_COMPRESSION
[  36.9020]  PACKET_TRANSMIT        pkt=463  link=router→dst  delay=5.0ms
[  36.9067]  PACKET_GENERATE        pkt=485  flow=0  size=1479B  pri=1
[  36.9067]  QUEUE_ENQUEUE          pkt=485  node=src0  queue=1/1000 (0%)  state=NORMAL
[  36.9070]  PACKET_ARRIVAL         pkt=463  node=dst  hop=2
[  36.9070]  PACKET_DELIVER         pkt=463  flow=1  latency=1707.0ms
[  36.9077]  QUEUE_DEQUEUE          pkt=485  node=src0  wait=1.0ms  queue=0/1000  state=NORMAL
[  36.9077]  PACKET_TRANSMIT        pkt=485  link=src0→router  delay=1.0ms
[  36.9087]  PACKET_ARRIVAL         pkt=485  node=router  hop=1
[  36.9087]  QUEUE_ENQUEUE          pkt=485  node=router  queue=18/20 (90%)  state=INCREMENTAL_COMPRESSION
[  37.0000]  PACKET_GENERATE        pkt=486  flow=1  size=100B  pri=0
[  37.0000]  QUEUE_ENQUEUE          pkt=486  node=src1  queue=1/1000 (0%)  state=NORMAL
[  37.0010]  QUEUE_DEQUEUE          pkt=486  node=src1  wait=1.0ms  queue=0/1000  state=NORMAL
[  37.0010]  PACKET_TRANSMIT        pkt=486  link=src1→router  delay=1.0ms
[  37.0020]  PACKET_ARRIVAL         pkt=486  node=router  hop=1
[  37.0020]  QUEUE_ENQUEUE          pkt=486  node=router  queue=19/20 (95%)  state=INCREMENTAL_COMPRESSION
[  37.0020]  QUEUE_DEQUEUE          pkt=464  node=router  wait=1668.9ms  queue=18/20  state=INCREMENTAL_COMPRESSION
[  37.0020]  PACKET_TRANSMIT        pkt=464  link=router→dst  delay=5.0ms
[  37.0022]  PACKET_GENERATE        pkt=487  flow=0  size=1450B  pri=1
[  37.0022]  QUEUE_ENQUEUE          pkt=487  node=src0  queue=1/1000 (0%)  state=NORMAL
[  37.0032]  QUEUE_DEQUEUE          pkt=487  node=src0  wait=1.0ms  queue=0/1000  state=NORMAL
[  37.0032]  PACKET_TRANSMIT        pkt=487  link=src0→router  delay=1.0ms
[  37.0042]  PACKET_ARRIVAL         pkt=487  node=router  hop=1
[  37.0042]  QUEUE_ENQUEUE          pkt=487  node=router  queue=19/20 (95%)  state=INCREMENTAL_COMPRESSION
[  37.0070]  PACKET_ARRIVAL         pkt=464  node=dst  hop=2
[  37.0070]  PACKET_DELIVER         pkt=464  flow=0  latency=1675.9ms
[  37.1020]  QUEUE_DEQUEUE          pkt=465  node=router  wait=1700.0ms  queue=18/20  state=INCREMENTAL_COMPRESSION
[  37.1020]  PACKET_TRANSMIT        pkt=465  link=router→dst  delay=5.0ms
[  37.1070]  PACKET_ARRIVAL         pkt=465  node=dst  hop=2
[  37.1070]  PACKET_DELIVER         pkt=465  flow=1  latency=1707.0ms
[  37.1142]  PACKET_GENERATE        pkt=488  flow=0  size=1484B  pri=1
[  37.1142]  QUEUE_ENQUEUE          pkt=488  node=src0  queue=1/1000 (0%)  state=NORMAL
[  37.1152]  QUEUE_DEQUEUE          pkt=488  node=src0  wait=1.0ms  queue=0/1000  state=NORMAL
[  37.1152]  PACKET_TRANSMIT        pkt=488  link=src0→router  delay=1.0ms
[  37.1162]  PACKET_ARRIVAL         pkt=488  node=router  hop=1
[  37.1162]  QUEUE_ENQUEUE          pkt=488  node=router  queue=19/20 (95%)  state=INCREMENTAL_COMPRESSION
[  37.1177]  PACKET_GENERATE        pkt=489  flow=0  size=1482B  pri=1
[  37.1177]  QUEUE_ENQUEUE          pkt=489  node=src0  queue=1/1000 (0%)  state=NORMAL
[  37.1187]  QUEUE_DEQUEUE          pkt=489  node=src0  wait=1.0ms  queue=0/1000  state=NORMAL
[  37.1187]  PACKET_TRANSMIT        pkt=489  link=src0→router  delay=1.0ms
[  37.1197]  PACKET_ARRIVAL         pkt=489  node=router  hop=1
[  37.1197]  QUEUE_ENQUEUE          pkt=489  node=router  queue=20/20 (100%)  state=INCREMENTAL_COMPRESSION
[  37.1876]  PACKET_GENERATE        pkt=490  flow=0  size=1459B  pri=1
[  37.1876]  QUEUE_ENQUEUE          pkt=490  node=src0  queue=1/1000 (0%)  state=NORMAL
[  37.1886]  QUEUE_DEQUEUE          pkt=490  node=src0  wait=1.0ms  queue=0/1000  state=NORMAL
[  37.1886]  PACKET_TRANSMIT        pkt=490  link=src0→router  delay=1.0ms
[  37.1896]  PACKET_ARRIVAL         pkt=490  node=router  hop=1
[  37.1896]  QUEUE_DROP(full)       pkt=490  node=router  pri=1  queue=20/20 FULL
[  37.2000]  PACKET_GENERATE        pkt=491  flow=1  size=100B  pri=0
[  37.2000]  QUEUE_ENQUEUE          pkt=491  node=src1  queue=1/1000 (0%)  state=NORMAL
[  37.2010]  QUEUE_DEQUEUE          pkt=491  node=src1  wait=1.0ms  queue=0/1000  state=NORMAL
[  37.2010]  PACKET_TRANSMIT        pkt=491  link=src1→router  delay=1.0ms
[  37.2020]  PACKET_ARRIVAL         pkt=491  node=router  hop=1
[  37.2020]  QUEUE_DROP(full)       pkt=491  node=router  pri=0  queue=20/20 FULL
[  37.2020]  QUEUE_DEQUEUE          pkt=466  node=router  wait=1761.7ms  queue=19/20  state=INCREMENTAL_COMPRESSION
[  37.2020]  STATE_UPDATE           node=router  INCREMENTAL_COMPRESSION → DROP_LOW_PRIORITY
[  37.2020]  PACKET_TRANSMIT        pkt=466  link=router→dst  delay=5.0ms
[  37.2070]  PACKET_ARRIVAL         pkt=466  node=dst  hop=2
[  37.2070]  PACKET_DELIVER         pkt=466  flow=0  latency=1768.7ms
[  37.2127]  PACKET_GENERATE        pkt=492  flow=0  size=1433B  pri=1
[  37.2127]  QUEUE_ENQUEUE          pkt=492  node=src0  queue=1/1000 (0%)  state=NORMAL
[  37.2137]  QUEUE_DEQUEUE          pkt=492  node=src0  wait=1.0ms  queue=0/1000  state=NORMAL
[  37.2137]  PACKET_TRANSMIT        pkt=492  link=src0→router  delay=1.0ms
[  37.2147]  PACKET_ARRIVAL         pkt=492  node=router  hop=1
[  37.2147]  QUEUE_DROP(congestion) pkt=492  node=router  pri=1  state=DROP_LOW_PRIORITY
[  37.2723]  PACKET_GENERATE        pkt=493  flow=0  size=1427B  pri=1
[  37.2723]  QUEUE_ENQUEUE          pkt=493  node=src0  queue=1/1000 (0%)  state=NORMAL
[  37.2733]  QUEUE_DEQUEUE          pkt=493  node=src0  wait=1.0ms  queue=0/1000  state=NORMAL
[  37.2733]  PACKET_TRANSMIT        pkt=493  link=src0→router  delay=1.0ms
[  37.2743]  PACKET_ARRIVAL         pkt=493  node=router  hop=1
[  37.2743]  QUEUE_DROP(congestion) pkt=493  node=router  pri=1  state=DROP_LOW_PRIORITY
[  37.3020]  QUEUE_DEQUEUE          pkt=467  node=router  wait=1860.7ms  queue=18/20  state=DROP_LOW_PRIORITY
[  37.3020]  STATE_UPDATE           node=router  DROP_LOW_PRIORITY → INCREMENTAL_COMPRESSION
[  37.3020]  PACKET_TRANSMIT        pkt=467  link=router→dst  delay=5.0ms
[  37.3070]  PACKET_ARRIVAL         pkt=467  node=dst  hop=2
[  37.3070]  PACKET_DELIVER         pkt=467  flow=0  latency=1868.0ms
[  37.3481]  PACKET_GENERATE        pkt=494  flow=0  size=1443B  pri=1
[  37.3481]  QUEUE_ENQUEUE          pkt=494  node=src0  queue=1/1000 (0%)  state=NORMAL
[  37.3491]  QUEUE_DEQUEUE          pkt=494  node=src0  wait=1.0ms  queue=0/1000  state=NORMAL
[  37.3491]  PACKET_TRANSMIT        pkt=494  link=src0→router  delay=1.0ms
[  37.3501]  PACKET_ARRIVAL         pkt=494  node=router  hop=1
[  37.3501]  QUEUE_ENQUEUE          pkt=494  node=router  queue=19/20 (95%)  state=INCREMENTAL_COMPRESSION
[  37.4000]  PACKET_GENERATE        pkt=495  flow=1  size=100B  pri=0
[  37.4000]  QUEUE_ENQUEUE          pkt=495  node=src1  queue=1/1000 (0%)  state=NORMAL
[  37.4010]  QUEUE_DEQUEUE          pkt=495  node=src1  wait=1.0ms  queue=0/1000  state=NORMAL
[  37.4010]  PACKET_TRANSMIT        pkt=495  link=src1→router  delay=1.0ms
[  37.4020]  PACKET_ARRIVAL         pkt=495  node=router  hop=1
[  37.4020]  QUEUE_ENQUEUE          pkt=495  node=router  queue=20/20 (100%)  state=INCREMENTAL_COMPRESSION
[  37.4020]  QUEUE_DEQUEUE          pkt=468  node=router  wait=1916.6ms  queue=19/20  state=INCREMENTAL_COMPRESSION
[  37.4020]  STATE_UPDATE           node=router  INCREMENTAL_COMPRESSION → DROP_LOW_PRIORITY
[  37.4020]  PACKET_TRANSMIT        pkt=468  link=router→dst  delay=5.0ms
[  37.4070]  PACKET_ARRIVAL         pkt=468  node=dst  hop=2
[  37.4070]  PACKET_DELIVER         pkt=468  flow=0  latency=1923.6ms
[  37.5020]  QUEUE_DEQUEUE          pkt=469  node=router  wait=1900.0ms  queue=18/20  state=DROP_LOW_PRIORITY
[  37.5020]  STATE_UPDATE           node=router  DROP_LOW_PRIORITY → INCREMENTAL_COMPRESSION
[  37.5020]  PACKET_TRANSMIT        pkt=469  link=router→dst  delay=5.0ms
[  37.5070]  PACKET_ARRIVAL         pkt=469  node=dst  hop=2
[  37.5070]  PACKET_DELIVER         pkt=469  flow=1  latency=1907.0ms
[  37.5271]  PACKET_GENERATE        pkt=496  flow=0  size=1448B  pri=1
[  37.5271]  QUEUE_ENQUEUE          pkt=496  node=src0  queue=1/1000 (0%)  state=NORMAL
[  37.5281]  QUEUE_DEQUEUE          pkt=496  node=src0  wait=1.0ms  queue=0/1000  state=NORMAL
[  37.5281]  PACKET_TRANSMIT        pkt=496  link=src0→router  delay=1.0ms
[  37.5291]  PACKET_ARRIVAL         pkt=496  node=router  hop=1
[  37.5291]  QUEUE_ENQUEUE          pkt=496  node=router  queue=19/20 (95%)  state=INCREMENTAL_COMPRESSION
[  37.5679]  PACKET_GENERATE        pkt=497  flow=0  size=1453B  pri=1
[  37.5679]  QUEUE_ENQUEUE          pkt=497  node=src0  queue=1/1000 (0%)  state=NORMAL
[  37.5689]  QUEUE_DEQUEUE          pkt=497  node=src0  wait=1.0ms  queue=0/1000  state=NORMAL
[  37.5689]  PACKET_TRANSMIT        pkt=497  link=src0→router  delay=1.0ms
[  37.5699]  PACKET_ARRIVAL         pkt=497  node=router  hop=1
[  37.5699]  QUEUE_ENQUEUE          pkt=497  node=router  queue=20/20 (100%)  state=INCREMENTAL_COMPRESSION
[  37.6000]  PACKET_GENERATE        pkt=498  flow=1  size=100B  pri=0
[  37.6000]  QUEUE_ENQUEUE          pkt=498  node=src1  queue=1/1000 (0%)  state=NORMAL
[  37.6010]  QUEUE_DEQUEUE          pkt=498  node=src1  wait=1.0ms  queue=0/1000  state=NORMAL
[  37.6010]  PACKET_TRANSMIT        pkt=498  link=src1→router  delay=1.0ms
[  37.6020]  PACKET_ARRIVAL         pkt=498  node=router  hop=1
[  37.6020]  QUEUE_DROP(full)       pkt=498  node=router  pri=0  queue=20/20 FULL
[  37.6020]  QUEUE_DEQUEUE          pkt=470  node=router  wait=1876.6ms  queue=19/20  state=INCREMENTAL_COMPRESSION
[  37.6020]  STATE_UPDATE           node=router  INCREMENTAL_COMPRESSION → DROP_LOW_PRIORITY
[  37.6020]  PACKET_TRANSMIT        pkt=470  link=router→dst  delay=5.0ms
[  37.6042]  PACKET_GENERATE        pkt=499  flow=0  size=1410B  pri=1
[  37.6042]  QUEUE_ENQUEUE          pkt=499  node=src0  queue=1/1000 (0%)  state=NORMAL
[  37.6052]  QUEUE_DEQUEUE          pkt=499  node=src0  wait=1.0ms  queue=0/1000  state=NORMAL
[  37.6052]  PACKET_TRANSMIT        pkt=499  link=src0→router  delay=1.0ms
[  37.6062]  PACKET_ARRIVAL         pkt=499  node=router  hop=1
[  37.6062]  QUEUE_DROP(congestion) pkt=499  node=router  pri=1  state=DROP_LOW_PRIORITY
[  37.6070]  PACKET_ARRIVAL         pkt=470  node=dst  hop=2
[  37.6070]  PACKET_DELIVER         pkt=470  flow=0  latency=1883.6ms
[  37.6836]  PACKET_GENERATE        pkt=500  flow=0  size=1495B  pri=1
[  37.6836]  QUEUE_ENQUEUE          pkt=500  node=src0  queue=1/1000 (0%)  state=NORMAL
[  37.6846]  QUEUE_DEQUEUE          pkt=500  node=src0  wait=1.0ms  queue=0/1000  state=NORMAL
[  37.6846]  PACKET_TRANSMIT        pkt=500  link=src0→router  delay=1.0ms
[  37.6856]  PACKET_ARRIVAL         pkt=500  node=router  hop=1
[  37.6856]  QUEUE_DROP(congestion) pkt=500  node=router  pri=1  state=DROP_LOW_PRIORITY
[  37.7020]  QUEUE_DEQUEUE          pkt=471  node=router  wait=1900.0ms  queue=18/20  state=DROP_LOW_PRIORITY
[  37.7020]  STATE_UPDATE           node=router  DROP_LOW_PRIORITY → INCREMENTAL_COMPRESSION
[  37.7020]  PACKET_TRANSMIT        pkt=471  link=router→dst  delay=5.0ms
[  37.7070]  PACKET_ARRIVAL         pkt=471  node=dst  hop=2
[  37.7070]  PACKET_DELIVER         pkt=471  flow=1  latency=1907.0ms
[  37.7805]  PACKET_GENERATE        pkt=501  flow=0  size=1444B  pri=1
[  37.7805]  QUEUE_ENQUEUE          pkt=501  node=src0  queue=1/1000 (0%)  state=NORMAL
[  37.7815]  QUEUE_DEQUEUE          pkt=501  node=src0  wait=1.0ms  queue=0/1000  state=NORMAL
[  37.7815]  PACKET_TRANSMIT        pkt=501  link=src0→router  delay=1.0ms
[  37.7825]  PACKET_ARRIVAL         pkt=501  node=router  hop=1
[  37.7825]  QUEUE_ENQUEUE          pkt=501  node=router  queue=19/20 (95%)  state=INCREMENTAL_COMPRESSION
[  37.8000]  PACKET_GENERATE        pkt=502  flow=1  size=100B  pri=0
[  37.8000]  QUEUE_ENQUEUE          pkt=502  node=src1  queue=1/1000 (0%)  state=NORMAL
[  37.8010]  QUEUE_DEQUEUE          pkt=502  node=src1  wait=1.0ms  queue=0/1000  state=NORMAL
[  37.8010]  PACKET_TRANSMIT        pkt=502  link=src1→router  delay=1.0ms
[  37.8020]  PACKET_ARRIVAL         pkt=502  node=router  hop=1
[  37.8020]  QUEUE_ENQUEUE          pkt=502  node=router  queue=20/20 (100%)  state=INCREMENTAL_COMPRESSION
[  37.8020]  QUEUE_DEQUEUE          pkt=473  node=router  wait=1881.3ms  queue=19/20  state=INCREMENTAL_COMPRESSION
[  37.8020]  STATE_UPDATE           node=router  INCREMENTAL_COMPRESSION → DROP_LOW_PRIORITY
[  37.8020]  PACKET_TRANSMIT        pkt=473  link=router→dst  delay=5.0ms
[  37.8070]  PACKET_ARRIVAL         pkt=473  node=dst  hop=2
[  37.8070]  PACKET_DELIVER         pkt=473  flow=0  latency=1888.3ms
[  37.8123]  PACKET_GENERATE        pkt=503  flow=0  size=1408B  pri=1
[  37.8123]  QUEUE_ENQUEUE          pkt=503  node=src0  queue=1/1000 (0%)  state=NORMAL
[  37.8133]  QUEUE_DEQUEUE          pkt=503  node=src0  wait=1.0ms  queue=0/1000  state=NORMAL
[  37.8133]  PACKET_TRANSMIT        pkt=503  link=src0→router  delay=1.0ms
[  37.8143]  PACKET_ARRIVAL         pkt=503  node=router  hop=1
[  37.8143]  QUEUE_DROP(congestion) pkt=503  node=router  pri=1  state=DROP_LOW_PRIORITY
[  37.9020]  QUEUE_DEQUEUE          pkt=474  node=router  wait=1900.0ms  queue=18/20  state=DROP_LOW_PRIORITY
[  37.9020]  STATE_UPDATE           node=router  DROP_LOW_PRIORITY → INCREMENTAL_COMPRESSION
[  37.9020]  PACKET_TRANSMIT        pkt=474  link=router→dst  delay=5.0ms
[  37.9070]  PACKET_ARRIVAL         pkt=474  node=dst  hop=2
[  37.9070]  PACKET_DELIVER         pkt=474  flow=1  latency=1907.0ms
[  38.0000]  PACKET_GENERATE        pkt=504  flow=1  size=100B  pri=0
[  38.0000]  QUEUE_ENQUEUE          pkt=504  node=src1  queue=1/1000 (0%)  state=NORMAL
[  38.0010]  QUEUE_DEQUEUE          pkt=504  node=src1  wait=1.0ms  queue=0/1000  state=NORMAL
[  38.0010]  PACKET_TRANSMIT        pkt=504  link=src1→router  delay=1.0ms
[  38.0020]  PACKET_ARRIVAL         pkt=504  node=router  hop=1
[  38.0020]  QUEUE_ENQUEUE          pkt=504  node=router  queue=19/20 (95%)  state=INCREMENTAL_COMPRESSION
[  38.0020]  QUEUE_DEQUEUE          pkt=475  node=router  wait=1800.0ms  queue=18/20  state=INCREMENTAL_COMPRESSION
[  38.0020]  PACKET_TRANSMIT        pkt=475  link=router→dst  delay=5.0ms
[  38.0022]  PACKET_GENERATE        pkt=505  flow=0  size=1483B  pri=1
[  38.0022]  QUEUE_ENQUEUE          pkt=505  node=src0  queue=1/1000 (0%)  state=NORMAL
[  38.0032]  QUEUE_DEQUEUE          pkt=505  node=src0  wait=1.0ms  queue=0/1000  state=NORMAL
[  38.0032]  PACKET_TRANSMIT        pkt=505  link=src0→router  delay=1.0ms
[  38.0042]  PACKET_ARRIVAL         pkt=505  node=router  hop=1
[  38.0042]  QUEUE_ENQUEUE          pkt=505  node=router  queue=19/20 (95%)  state=INCREMENTAL_COMPRESSION
[  38.0070]  PACKET_ARRIVAL         pkt=475  node=dst  hop=2
[  38.0070]  PACKET_DELIVER         pkt=475  flow=1  latency=1807.0ms
[  38.0074]  PACKET_GENERATE        pkt=506  flow=0  size=1403B  pri=1
[  38.0074]  QUEUE_ENQUEUE          pkt=506  node=src0  queue=1/1000 (0%)  state=NORMAL
[  38.0084]  QUEUE_DEQUEUE          pkt=506  node=src0  wait=1.0ms  queue=0/1000  state=NORMAL
[  38.0084]  PACKET_TRANSMIT        pkt=506  link=src0→router  delay=1.0ms
[  38.0094]  PACKET_ARRIVAL         pkt=506  node=router  hop=1
[  38.0094]  QUEUE_ENQUEUE          pkt=506  node=router  queue=20/20 (100%)  state=INCREMENTAL_COMPRESSION
[  38.1020]  QUEUE_DEQUEUE          pkt=476  node=router  wait=1896.1ms  queue=19/20  state=INCREMENTAL_COMPRESSION
[  38.1020]  STATE_UPDATE           node=router  INCREMENTAL_COMPRESSION → DROP_LOW_PRIORITY
[  38.1020]  PACKET_TRANSMIT        pkt=476  link=router→dst  delay=5.0ms
[  38.1070]  PACKET_ARRIVAL         pkt=476  node=dst  hop=2
[  38.1070]  PACKET_DELIVER         pkt=476  flow=0  latency=1903.1ms
[  38.2000]  PACKET_GENERATE        pkt=507  flow=1  size=100B  pri=0
[  38.2000]  QUEUE_ENQUEUE          pkt=507  node=src1  queue=1/1000 (0%)  state=NORMAL
[  38.2010]  QUEUE_DEQUEUE          pkt=507  node=src1  wait=1.0ms  queue=0/1000  state=NORMAL
[  38.2010]  PACKET_TRANSMIT        pkt=507  link=src1→router  delay=1.0ms
[  38.2020]  PACKET_ARRIVAL         pkt=507  node=router  hop=1
[  38.2020]  QUEUE_ENQUEUE          pkt=507  node=router  queue=20/20 (100%)  state=DROP_LOW_PRIORITY
[  38.2020]  QUEUE_DEQUEUE          pkt=477  node=router  wait=1965.2ms  queue=19/20  state=DROP_LOW_PRIORITY
[  38.2020]  PACKET_TRANSMIT        pkt=477  link=router→dst  delay=5.0ms
[  38.2070]  PACKET_ARRIVAL         pkt=477  node=dst  hop=2
[  38.2070]  PACKET_DELIVER         pkt=477  flow=0  latency=1972.2ms
[  38.3020]  QUEUE_DEQUEUE          pkt=480  node=router  wait=1900.0ms  queue=18/20  state=DROP_LOW_PRIORITY
[  38.3020]  STATE_UPDATE           node=router  DROP_LOW_PRIORITY → INCREMENTAL_COMPRESSION
[  38.3020]  PACKET_TRANSMIT        pkt=480  link=router→dst  delay=5.0ms
[  38.3070]  PACKET_ARRIVAL         pkt=480  node=dst  hop=2
[  38.3070]  PACKET_DELIVER         pkt=480  flow=1  latency=1907.0ms
[  38.3809]  PACKET_GENERATE        pkt=508  flow=0  size=1425B  pri=1
[  38.3809]  QUEUE_ENQUEUE          pkt=508  node=src0  queue=1/1000 (0%)  state=NORMAL
[  38.3819]  QUEUE_DEQUEUE          pkt=508  node=src0  wait=1.0ms  queue=0/1000  state=NORMAL
[  38.3819]  PACKET_TRANSMIT        pkt=508  link=src0→router  delay=1.0ms
[  38.3829]  PACKET_ARRIVAL         pkt=508  node=router  hop=1
[  38.3829]  QUEUE_ENQUEUE          pkt=508  node=router  queue=19/20 (95%)  state=INCREMENTAL_COMPRESSION
[  38.4000]  PACKET_GENERATE        pkt=509  flow=1  size=100B  pri=0
[  38.4000]  QUEUE_ENQUEUE          pkt=509  node=src1  queue=1/1000 (0%)  state=NORMAL
[  38.4010]  QUEUE_DEQUEUE          pkt=509  node=src1  wait=1.0ms  queue=0/1000  state=NORMAL
[  38.4010]  PACKET_TRANSMIT        pkt=509  link=src1→router  delay=1.0ms
[  38.4020]  PACKET_ARRIVAL         pkt=509  node=router  hop=1
[  38.4020]  QUEUE_ENQUEUE          pkt=509  node=router  queue=20/20 (100%)  state=INCREMENTAL_COMPRESSION
[  38.4020]  QUEUE_DEQUEUE          pkt=481  node=router  wait=1830.8ms  queue=19/20  state=INCREMENTAL_COMPRESSION
[  38.4020]  STATE_UPDATE           node=router  INCREMENTAL_COMPRESSION → DROP_LOW_PRIORITY
[  38.4020]  PACKET_TRANSMIT        pkt=481  link=router→dst  delay=5.0ms
[  38.4070]  PACKET_ARRIVAL         pkt=481  node=dst  hop=2
[  38.4070]  PACKET_DELIVER         pkt=481  flow=0  latency=1837.8ms
[  38.5020]  QUEUE_DEQUEUE          pkt=482  node=router  wait=1908.3ms  queue=18/20  state=DROP_LOW_PRIORITY
[  38.5020]  STATE_UPDATE           node=router  DROP_LOW_PRIORITY → INCREMENTAL_COMPRESSION
[  38.5020]  PACKET_TRANSMIT        pkt=482  link=router→dst  delay=5.0ms
[  38.5070]  PACKET_ARRIVAL         pkt=482  node=dst  hop=2
[  38.5070]  PACKET_DELIVER         pkt=482  flow=0  latency=1915.3ms
[  38.6000]  PACKET_GENERATE        pkt=510  flow=1  size=100B  pri=0
[  38.6000]  QUEUE_ENQUEUE          pkt=510  node=src1  queue=1/1000 (0%)  state=NORMAL
[  38.6010]  QUEUE_DEQUEUE          pkt=510  node=src1  wait=1.0ms  queue=0/1000  state=NORMAL
[  38.6010]  PACKET_TRANSMIT        pkt=510  link=src1→router  delay=1.0ms
[  38.6020]  PACKET_ARRIVAL         pkt=510  node=router  hop=1
[  38.6020]  QUEUE_ENQUEUE          pkt=510  node=router  queue=19/20 (95%)  state=INCREMENTAL_COMPRESSION
[  38.6020]  QUEUE_DEQUEUE          pkt=484  node=router  wait=1800.0ms  queue=18/20  state=INCREMENTAL_COMPRESSION
[  38.6020]  PACKET_TRANSMIT        pkt=484  link=router→dst  delay=5.0ms
[  38.6070]  PACKET_ARRIVAL         pkt=484  node=dst  hop=2
[  38.6070]  PACKET_DELIVER         pkt=484  flow=1  latency=1807.0ms
[  38.6093]  PACKET_GENERATE        pkt=511  flow=0  size=1479B  pri=1
[  38.6093]  QUEUE_ENQUEUE          pkt=511  node=src0  queue=1/1000 (0%)  state=NORMAL
[  38.6103]  QUEUE_DEQUEUE          pkt=511  node=src0  wait=1.0ms  queue=0/1000  state=NORMAL
[  38.6103]  PACKET_TRANSMIT        pkt=511  link=src0→router  delay=1.0ms
[  38.6113]  PACKET_ARRIVAL         pkt=511  node=router  hop=1
[  38.6113]  QUEUE_ENQUEUE          pkt=511  node=router  queue=19/20 (95%)  state=INCREMENTAL_COMPRESSION
[  38.6300]  PACKET_GENERATE        pkt=512  flow=0  size=1416B  pri=1
[  38.6300]  QUEUE_ENQUEUE          pkt=512  node=src0  queue=1/1000 (0%)  state=NORMAL
[  38.6310]  QUEUE_DEQUEUE          pkt=512  node=src0  wait=1.0ms  queue=0/1000  state=NORMAL
[  38.6310]  PACKET_TRANSMIT        pkt=512  link=src0→router  delay=1.0ms
[  38.6320]  PACKET_ARRIVAL         pkt=512  node=router  hop=1
[  38.6320]  QUEUE_ENQUEUE          pkt=512  node=router  queue=20/20 (100%)  state=INCREMENTAL_COMPRESSION
[  38.7020]  QUEUE_DEQUEUE          pkt=485  node=router  wait=1793.3ms  queue=19/20  state=INCREMENTAL_COMPRESSION
[  38.7020]  STATE_UPDATE           node=router  INCREMENTAL_COMPRESSION → DROP_LOW_PRIORITY
[  38.7020]  PACKET_TRANSMIT        pkt=485  link=router→dst  delay=5.0ms
[  38.7070]  PACKET_ARRIVAL         pkt=485  node=dst  hop=2
[  38.7070]  PACKET_DELIVER         pkt=485  flow=0  latency=1800.3ms
[  38.7102]  PACKET_GENERATE        pkt=513  flow=0  size=1414B  pri=1
[  38.7102]  QUEUE_ENQUEUE          pkt=513  node=src0  queue=1/1000 (0%)  state=NORMAL
[  38.7112]  QUEUE_DEQUEUE          pkt=513  node=src0  wait=1.0ms  queue=0/1000  state=NORMAL
[  38.7112]  PACKET_TRANSMIT        pkt=513  link=src0→router  delay=1.0ms
[  38.7122]  PACKET_ARRIVAL         pkt=513  node=router  hop=1
[  38.7122]  QUEUE_DROP(congestion) pkt=513  node=router  pri=1  state=DROP_LOW_PRIORITY
[  38.8000]  PACKET_GENERATE        pkt=514  flow=1  size=100B  pri=0
[  38.8000]  QUEUE_ENQUEUE          pkt=514  node=src1  queue=1/1000 (0%)  state=NORMAL
[  38.8010]  QUEUE_DEQUEUE          pkt=514  node=src1  wait=1.0ms  queue=0/1000  state=NORMAL
[  38.8010]  PACKET_TRANSMIT        pkt=514  link=src1→router  delay=1.0ms
[  38.8020]  PACKET_ARRIVAL         pkt=514  node=router  hop=1
[  38.8020]  QUEUE_ENQUEUE          pkt=514  node=router  queue=20/20 (100%)  state=DROP_LOW_PRIORITY
[  38.8020]  QUEUE_DEQUEUE          pkt=486  node=router  wait=1800.0ms  queue=19/20  state=DROP_LOW_PRIORITY
[  38.8020]  PACKET_TRANSMIT        pkt=486  link=router→dst  delay=5.0ms
[  38.8070]  PACKET_ARRIVAL         pkt=486  node=dst  hop=2
[  38.8070]  PACKET_DELIVER         pkt=486  flow=1  latency=1807.0ms
[  38.8140]  PACKET_GENERATE        pkt=515  flow=0  size=1427B  pri=1
[  38.8140]  QUEUE_ENQUEUE          pkt=515  node=src0  queue=1/1000 (0%)  state=NORMAL
[  38.8150]  QUEUE_DEQUEUE          pkt=515  node=src0  wait=1.0ms  queue=0/1000  state=NORMAL
[  38.8150]  PACKET_TRANSMIT        pkt=515  link=src0→router  delay=1.0ms
[  38.8160]  PACKET_ARRIVAL         pkt=515  node=router  hop=1
[  38.8160]  QUEUE_DROP(congestion) pkt=515  node=router  pri=1  state=DROP_LOW_PRIORITY
[  38.8922]  PACKET_GENERATE        pkt=516  flow=0  size=1432B  pri=1
[  38.8922]  QUEUE_ENQUEUE          pkt=516  node=src0  queue=1/1000 (0%)  state=NORMAL
[  38.8932]  QUEUE_DEQUEUE          pkt=516  node=src0  wait=1.0ms  queue=0/1000  state=NORMAL
[  38.8932]  PACKET_TRANSMIT        pkt=516  link=src0→router  delay=1.0ms
[  38.8942]  PACKET_ARRIVAL         pkt=516  node=router  hop=1
[  38.8942]  QUEUE_DROP(congestion) pkt=516  node=router  pri=1  state=DROP_LOW_PRIORITY
[  38.9020]  QUEUE_DEQUEUE          pkt=487  node=router  wait=1897.8ms  queue=18/20  state=DROP_LOW_PRIORITY
[  38.9020]  STATE_UPDATE           node=router  DROP_LOW_PRIORITY → INCREMENTAL_COMPRESSION
[  38.9020]  PACKET_TRANSMIT        pkt=487  link=router→dst  delay=5.0ms
[  38.9070]  PACKET_ARRIVAL         pkt=487  node=dst  hop=2
[  38.9070]  PACKET_DELIVER         pkt=487  flow=0  latency=1904.8ms
[  39.0000]  PACKET_GENERATE        pkt=517  flow=1  size=100B  pri=0
[  39.0000]  QUEUE_ENQUEUE          pkt=517  node=src1  queue=1/1000 (0%)  state=NORMAL
[  39.0010]  QUEUE_DEQUEUE          pkt=517  node=src1  wait=1.0ms  queue=0/1000  state=NORMAL
[  39.0010]  PACKET_TRANSMIT        pkt=517  link=src1→router  delay=1.0ms
[  39.0020]  PACKET_ARRIVAL         pkt=517  node=router  hop=1
[  39.0020]  QUEUE_ENQUEUE          pkt=517  node=router  queue=19/20 (95%)  state=INCREMENTAL_COMPRESSION
[  39.0020]  QUEUE_DEQUEUE          pkt=488  node=router  wait=1885.8ms  queue=18/20  state=INCREMENTAL_COMPRESSION
[  39.0020]  PACKET_TRANSMIT        pkt=488  link=router→dst  delay=5.0ms
[  39.0070]  PACKET_ARRIVAL         pkt=488  node=dst  hop=2
[  39.0070]  PACKET_DELIVER         pkt=488  flow=0  latency=1892.8ms
[  39.0742]  PACKET_GENERATE        pkt=518  flow=0  size=1421B  pri=1
[  39.0742]  QUEUE_ENQUEUE          pkt=518  node=src0  queue=1/1000 (0%)  state=NORMAL
[  39.0752]  QUEUE_DEQUEUE          pkt=518  node=src0  wait=1.0ms  queue=0/1000  state=NORMAL
[  39.0752]  PACKET_TRANSMIT        pkt=518  link=src0→router  delay=1.0ms
[  39.0762]  PACKET_ARRIVAL         pkt=518  node=router  hop=1
[  39.0762]  QUEUE_ENQUEUE          pkt=518  node=router  queue=19/20 (95%)  state=INCREMENTAL_COMPRESSION
[  39.1020]  QUEUE_DEQUEUE          pkt=489  node=router  wait=1982.3ms  queue=18/20  state=INCREMENTAL_COMPRESSION
[  39.1020]  PACKET_TRANSMIT        pkt=489  link=router→dst  delay=5.0ms
[  39.1070]  PACKET_ARRIVAL         pkt=489  node=dst  hop=2
[  39.1070]  PACKET_DELIVER         pkt=489  flow=0  latency=1989.3ms
[  39.1906]  PACKET_GENERATE        pkt=519  flow=0  size=1495B  pri=1
[  39.1906]  QUEUE_ENQUEUE          pkt=519  node=src0  queue=1/1000 (0%)  state=NORMAL
[  39.1916]  QUEUE_DEQUEUE          pkt=519  node=src0  wait=1.0ms  queue=0/1000  state=NORMAL
[  39.1916]  PACKET_TRANSMIT        pkt=519  link=src0→router  delay=1.0ms
[  39.1926]  PACKET_ARRIVAL         pkt=519  node=router  hop=1
[  39.1926]  QUEUE_ENQUEUE          pkt=519  node=router  queue=19/20 (95%)  state=INCREMENTAL_COMPRESSION
[  39.2000]  PACKET_GENERATE        pkt=520  flow=1  size=100B  pri=0
[  39.2000]  QUEUE_ENQUEUE          pkt=520  node=src1  queue=1/1000 (0%)  state=NORMAL
[  39.2010]  QUEUE_DEQUEUE          pkt=520  node=src1  wait=1.0ms  queue=0/1000  state=NORMAL
[  39.2010]  PACKET_TRANSMIT        pkt=520  link=src1→router  delay=1.0ms
[  39.2020]  PACKET_ARRIVAL         pkt=520  node=router  hop=1
[  39.2020]  QUEUE_ENQUEUE          pkt=520  node=router  queue=20/20 (100%)  state=INCREMENTAL_COMPRESSION
[  39.2020]  QUEUE_DEQUEUE          pkt=494  node=router  wait=1851.9ms  queue=19/20  state=INCREMENTAL_COMPRESSION
[  39.2020]  STATE_UPDATE           node=router  INCREMENTAL_COMPRESSION → DROP_LOW_PRIORITY
[  39.2020]  PACKET_TRANSMIT        pkt=494  link=router→dst  delay=5.0ms
[  39.2070]  PACKET_ARRIVAL         pkt=494  node=dst  hop=2
[  39.2070]  PACKET_DELIVER         pkt=494  flow=0  latency=1858.9ms
[  39.3020]  QUEUE_DEQUEUE          pkt=495  node=router  wait=1900.0ms  queue=18/20  state=DROP_LOW_PRIORITY
[  39.3020]  STATE_UPDATE           node=router  DROP_LOW_PRIORITY → INCREMENTAL_COMPRESSION
[  39.3020]  PACKET_TRANSMIT        pkt=495  link=router→dst  delay=5.0ms
[  39.3070]  PACKET_ARRIVAL         pkt=495  node=dst  hop=2
[  39.3070]  PACKET_DELIVER         pkt=495  flow=1  latency=1907.0ms
[  39.3490]  PACKET_GENERATE        pkt=521  flow=0  size=1499B  pri=1
[  39.3490]  QUEUE_ENQUEUE          pkt=521  node=src0  queue=1/1000 (0%)  state=NORMAL
[  39.3500]  QUEUE_DEQUEUE          pkt=521  node=src0  wait=1.0ms  queue=0/1000  state=NORMAL
[  39.3500]  PACKET_TRANSMIT        pkt=521  link=src0→router  delay=1.0ms
[  39.3510]  PACKET_ARRIVAL         pkt=521  node=router  hop=1
[  39.3510]  QUEUE_ENQUEUE          pkt=521  node=router  queue=19/20 (95%)  state=INCREMENTAL_COMPRESSION
[  39.4000]  PACKET_GENERATE        pkt=522  flow=1  size=100B  pri=0
[  39.4000]  QUEUE_ENQUEUE          pkt=522  node=src1  queue=1/1000 (0%)  state=NORMAL
[  39.4010]  QUEUE_DEQUEUE          pkt=522  node=src1  wait=1.0ms  queue=0/1000  state=NORMAL
[  39.4010]  PACKET_TRANSMIT        pkt=522  link=src1→router  delay=1.0ms
[  39.4020]  PACKET_ARRIVAL         pkt=522  node=router  hop=1
[  39.4020]  QUEUE_ENQUEUE          pkt=522  node=router  queue=20/20 (100%)  state=INCREMENTAL_COMPRESSION
[  39.4020]  QUEUE_DEQUEUE          pkt=496  node=router  wait=1872.9ms  queue=19/20  state=INCREMENTAL_COMPRESSION
[  39.4020]  STATE_UPDATE           node=router  INCREMENTAL_COMPRESSION → DROP_LOW_PRIORITY
[  39.4020]  PACKET_TRANSMIT        pkt=496  link=router→dst  delay=5.0ms
[  39.4070]  PACKET_ARRIVAL         pkt=496  node=dst  hop=2
[  39.4070]  PACKET_DELIVER         pkt=496  flow=0  latency=1879.9ms
[  39.5020]  QUEUE_DEQUEUE          pkt=497  node=router  wait=1932.1ms  queue=18/20  state=DROP_LOW_PRIORITY
[  39.5020]  STATE_UPDATE           node=router  DROP_LOW_PRIORITY → INCREMENTAL_COMPRESSION
[  39.5020]  PACKET_TRANSMIT        pkt=497  link=router→dst  delay=5.0ms
[  39.5070]  PACKET_ARRIVAL         pkt=497  node=dst  hop=2
[  39.5070]  PACKET_DELIVER         pkt=497  flow=0  latency=1939.1ms
[  39.5628]  PACKET_GENERATE        pkt=523  flow=0  size=1439B  pri=1
[  39.5628]  QUEUE_ENQUEUE          pkt=523  node=src0  queue=1/1000 (0%)  state=NORMAL
[  39.5638]  QUEUE_DEQUEUE          pkt=523  node=src0  wait=1.0ms  queue=0/1000  state=NORMAL
[  39.5638]  PACKET_TRANSMIT        pkt=523  link=src0→router  delay=1.0ms
[  39.5648]  PACKET_ARRIVAL         pkt=523  node=router  hop=1
[  39.5648]  QUEUE_ENQUEUE          pkt=523  node=router  queue=19/20 (95%)  state=INCREMENTAL_COMPRESSION
[  39.5771]  PACKET_GENERATE        pkt=524  flow=0  size=1403B  pri=1
[  39.5771]  QUEUE_ENQUEUE          pkt=524  node=src0  queue=1/1000 (0%)  state=NORMAL
[  39.5781]  QUEUE_DEQUEUE          pkt=524  node=src0  wait=1.0ms  queue=0/1000  state=NORMAL
[  39.5781]  PACKET_TRANSMIT        pkt=524  link=src0→router  delay=1.0ms
[  39.5791]  PACKET_ARRIVAL         pkt=524  node=router  hop=1
[  39.5791]  QUEUE_ENQUEUE          pkt=524  node=router  queue=20/20 (100%)  state=INCREMENTAL_COMPRESSION
[  39.6000]  PACKET_GENERATE        pkt=525  flow=1  size=100B  pri=0
[  39.6000]  QUEUE_ENQUEUE          pkt=525  node=src1  queue=1/1000 (0%)  state=NORMAL
[  39.6010]  QUEUE_DEQUEUE          pkt=525  node=src1  wait=1.0ms  queue=0/1000  state=NORMAL
[  39.6010]  PACKET_TRANSMIT        pkt=525  link=src1→router  delay=1.0ms
[  39.6020]  PACKET_ARRIVAL         pkt=525  node=router  hop=1
[  39.6020]  QUEUE_DROP(full)       pkt=525  node=router  pri=0  queue=20/20 FULL
[  39.6020]  QUEUE_DEQUEUE          pkt=501  node=router  wait=1819.5ms  queue=19/20  state=INCREMENTAL_COMPRESSION
[  39.6020]  STATE_UPDATE           node=router  INCREMENTAL_COMPRESSION → DROP_LOW_PRIORITY
[  39.6020]  PACKET_TRANSMIT        pkt=501  link=router→dst  delay=5.0ms
[  39.6070]  PACKET_ARRIVAL         pkt=501  node=dst  hop=2
[  39.6070]  PACKET_DELIVER         pkt=501  flow=0  latency=1826.5ms
[  39.7020]  QUEUE_DEQUEUE          pkt=502  node=router  wait=1900.0ms  queue=18/20  state=DROP_LOW_PRIORITY
[  39.7020]  STATE_UPDATE           node=router  DROP_LOW_PRIORITY → INCREMENTAL_COMPRESSION
[  39.7020]  PACKET_TRANSMIT        pkt=502  link=router→dst  delay=5.0ms
[  39.7070]  PACKET_ARRIVAL         pkt=502  node=dst  hop=2
[  39.7070]  PACKET_DELIVER         pkt=502  flow=1  latency=1907.0ms
[  39.8000]  PACKET_GENERATE        pkt=526  flow=1  size=100B  pri=0
[  39.8000]  QUEUE_ENQUEUE          pkt=526  node=src1  queue=1/1000 (0%)  state=NORMAL
[  39.8010]  QUEUE_DEQUEUE          pkt=526  node=src1  wait=1.0ms  queue=0/1000  state=NORMAL
[  39.8010]  PACKET_TRANSMIT        pkt=526  link=src1→router  delay=1.0ms
[  39.8020]  PACKET_ARRIVAL         pkt=526  node=router  hop=1
[  39.8020]  QUEUE_ENQUEUE          pkt=526  node=router  queue=19/20 (95%)  state=INCREMENTAL_COMPRESSION
[  39.8020]  QUEUE_DEQUEUE          pkt=504  node=router  wait=1800.0ms  queue=18/20  state=INCREMENTAL_COMPRESSION
[  39.8020]  PACKET_TRANSMIT        pkt=504  link=router→dst  delay=5.0ms
[  39.8070]  PACKET_ARRIVAL         pkt=504  node=dst  hop=2
[  39.8070]  PACKET_DELIVER         pkt=504  flow=1  latency=1807.0ms
[  39.9020]  QUEUE_DEQUEUE          pkt=505  node=router  wait=1897.8ms  queue=17/20  state=INCREMENTAL_COMPRESSION
[  39.9020]  PACKET_TRANSMIT        pkt=505  link=router→dst  delay=5.0ms
[  39.9070]  PACKET_ARRIVAL         pkt=505  node=dst  hop=2
[  39.9070]  PACKET_DELIVER         pkt=505  flow=0  latency=1904.8ms
[  39.9076]  PACKET_GENERATE        pkt=527  flow=0  size=1473B  pri=1
[  39.9076]  QUEUE_ENQUEUE          pkt=527  node=src0  queue=1/1000 (0%)  state=NORMAL
[  39.9086]  QUEUE_DEQUEUE          pkt=527  node=src0  wait=1.0ms  queue=0/1000  state=NORMAL
[  39.9086]  PACKET_TRANSMIT        pkt=527  link=src0→router  delay=1.0ms
[  39.9096]  PACKET_ARRIVAL         pkt=527  node=router  hop=1
[  39.9096]  QUEUE_ENQUEUE          pkt=527  node=router  queue=18/20 (90%)  state=INCREMENTAL_COMPRESSION
[  40.0000]  LINK_FAILURE           link=router→dst
[  40.0000]  METRIC_SAMPLE          tput=10.00 pkt/s  PDR=0.756  lat=1736.85ms  q_occ=0.225  drops= 111  state=INCREMENTAL_COMPRESSION
[  40.0000]  PACKET_GENERATE        pkt=528  flow=1  size=100B  pri=0
[  40.0000]  QUEUE_ENQUEUE          pkt=528  node=src1  queue=1/1000 (0%)  state=NORMAL
[  40.0010]  QUEUE_DEQUEUE          pkt=528  node=src1  wait=1.0ms  queue=0/1000  state=NORMAL
[  40.0010]  PACKET_TRANSMIT        pkt=528  link=src1→router  delay=1.0ms
[  40.0020]  PACKET_ARRIVAL         pkt=528  node=router  hop=1
[  40.0020]  QUEUE_ENQUEUE          pkt=528  node=router  queue=19/20 (95%)  state=INCREMENTAL_COMPRESSION
[  40.0020]  QUEUE_DEQUEUE          pkt=506  node=router  wait=1992.6ms  queue=18/20  state=INCREMENTAL_COMPRESSION
[  40.0020]  QUEUE_DROP(full)       pkt=506  node=router  pri=1  queue=18/20 FULL
[  40.0490]  PACKET_GENERATE        pkt=529  flow=0  size=1448B  pri=1
[  40.0490]  QUEUE_ENQUEUE          pkt=529  node=src0  queue=1/1000 (0%)  state=NORMAL
[  40.0500]  QUEUE_DEQUEUE          pkt=529  node=src0  wait=1.0ms  queue=0/1000  state=NORMAL
[  40.0500]  PACKET_TRANSMIT        pkt=529  link=src0→router  delay=1.0ms
[  40.0510]  PACKET_ARRIVAL         pkt=529  node=router  hop=1
[  40.0510]  QUEUE_ENQUEUE          pkt=529  node=router  queue=19/20 (95%)  state=INCREMENTAL_COMPRESSION
[  40.1020]  QUEUE_DEQUEUE          pkt=507  node=router  wait=1900.0ms  queue=18/20  state=INCREMENTAL_COMPRESSION
[  40.1020]  QUEUE_DROP(full)       pkt=507  node=router  pri=0  queue=18/20 FULL
[  40.1121]  PACKET_GENERATE        pkt=530  flow=0  size=1491B  pri=1
[  40.1121]  QUEUE_ENQUEUE          pkt=530  node=src0  queue=1/1000 (0%)  state=NORMAL
[  40.1131]  QUEUE_DEQUEUE          pkt=530  node=src0  wait=1.0ms  queue=0/1000  state=NORMAL
[  40.1131]  PACKET_TRANSMIT        pkt=530  link=src0→router  delay=1.0ms
[  40.1141]  PACKET_ARRIVAL         pkt=530  node=router  hop=1
[  40.1141]  QUEUE_ENQUEUE          pkt=530  node=router  queue=19/20 (95%)  state=INCREMENTAL_COMPRESSION
[  40.1398]  PACKET_GENERATE        pkt=531  flow=0  size=1475B  pri=1
[  40.1398]  QUEUE_ENQUEUE          pkt=531  node=src0  queue=1/1000 (0%)  state=NORMAL
[  40.1408]  QUEUE_DEQUEUE          pkt=531  node=src0  wait=1.0ms  queue=0/1000  state=NORMAL
[  40.1408]  PACKET_TRANSMIT        pkt=531  link=src0→router  delay=1.0ms
[  40.1418]  PACKET_ARRIVAL         pkt=531  node=router  hop=1
[  40.1418]  QUEUE_ENQUEUE          pkt=531  node=router  queue=20/20 (100%)  state=INCREMENTAL_COMPRESSION
[  40.2000]  PACKET_GENERATE        pkt=532  flow=1  size=100B  pri=0
[  40.2000]  QUEUE_ENQUEUE          pkt=532  node=src1  queue=1/1000 (0%)  state=NORMAL
[  40.2010]  QUEUE_DEQUEUE          pkt=532  node=src1  wait=1.0ms  queue=0/1000  state=NORMAL
[  40.2010]  PACKET_TRANSMIT        pkt=532  link=src1→router  delay=1.0ms
[  40.2020]  PACKET_ARRIVAL         pkt=532  node=router  hop=1
[  40.2020]  QUEUE_DROP(full)       pkt=532  node=router  pri=0  queue=20/20 FULL
[  40.2020]  QUEUE_DEQUEUE          pkt=508  node=router  wait=1819.1ms  queue=19/20  state=INCREMENTAL_COMPRESSION
[  40.2020]  STATE_UPDATE           node=router  INCREMENTAL_COMPRESSION → DROP_LOW_PRIORITY
[  40.2020]  QUEUE_DROP(full)       pkt=508  node=router  pri=1  queue=19/20 FULL
[  40.2864]  PACKET_GENERATE        pkt=533  flow=0  size=1480B  pri=1
[  40.2864]  QUEUE_ENQUEUE          pkt=533  node=src0  queue=1/1000 (0%)  state=NORMAL
[  40.2874]  QUEUE_DEQUEUE          pkt=533  node=src0  wait=1.0ms  queue=0/1000  state=NORMAL
[  40.2874]  PACKET_TRANSMIT        pkt=533  link=src0→router  delay=1.0ms
[  40.2884]  PACKET_ARRIVAL         pkt=533  node=router  hop=1
[  40.2884]  QUEUE_DROP(congestion) pkt=533  node=router  pri=1  state=DROP_LOW_PRIORITY
[  40.3020]  QUEUE_DEQUEUE          pkt=509  node=router  wait=1900.0ms  queue=18/20  state=DROP_LOW_PRIORITY
[  40.3020]  STATE_UPDATE           node=router  DROP_LOW_PRIORITY → INCREMENTAL_COMPRESSION
[  40.3020]  QUEUE_DROP(full)       pkt=509  node=router  pri=0  queue=18/20 FULL
[  40.3212]  PACKET_GENERATE        pkt=534  flow=0  size=1489B  pri=1
[  40.3212]  QUEUE_ENQUEUE          pkt=534  node=src0  queue=1/1000 (0%)  state=NORMAL
[  40.3222]  QUEUE_DEQUEUE          pkt=534  node=src0  wait=1.0ms  queue=0/1000  state=NORMAL
[  40.3222]  PACKET_TRANSMIT        pkt=534  link=src0→router  delay=1.0ms
[  40.3232]  PACKET_ARRIVAL         pkt=534  node=router  hop=1
[  40.3232]  QUEUE_ENQUEUE          pkt=534  node=router  queue=19/20 (95%)  state=INCREMENTAL_COMPRESSION
[  40.4000]  PACKET_GENERATE        pkt=535  flow=1  size=100B  pri=0
[  40.4000]  QUEUE_ENQUEUE          pkt=535  node=src1  queue=1/1000 (0%)  state=NORMAL
[  40.4010]  QUEUE_DEQUEUE          pkt=535  node=src1  wait=1.0ms  queue=0/1000  state=NORMAL
[  40.4010]  PACKET_TRANSMIT        pkt=535  link=src1→router  delay=1.0ms
[  40.4020]  PACKET_ARRIVAL         pkt=535  node=router  hop=1
[  40.4020]  QUEUE_ENQUEUE          pkt=535  node=router  queue=20/20 (100%)  state=INCREMENTAL_COMPRESSION
[  40.4020]  QUEUE_DEQUEUE          pkt=510  node=router  wait=1800.0ms  queue=19/20  state=INCREMENTAL_COMPRESSION
[  40.4020]  STATE_UPDATE           node=router  INCREMENTAL_COMPRESSION → DROP_LOW_PRIORITY
[  40.4020]  QUEUE_DROP(full)       pkt=510  node=router  pri=0  queue=19/20 FULL
[  40.5020]  QUEUE_DEQUEUE          pkt=511  node=router  wait=1890.7ms  queue=18/20  state=DROP_LOW_PRIORITY
[  40.5020]  STATE_UPDATE           node=router  DROP_LOW_PRIORITY → INCREMENTAL_COMPRESSION
[  40.5020]  QUEUE_DROP(full)       pkt=511  node=router  pri=1  queue=18/20 FULL
[  40.5063]  PACKET_GENERATE        pkt=536  flow=0  size=1487B  pri=1
[  40.5063]  QUEUE_ENQUEUE          pkt=536  node=src0  queue=1/1000 (0%)  state=NORMAL
[  40.5073]  QUEUE_DEQUEUE          pkt=536  node=src0  wait=1.0ms  queue=0/1000  state=NORMAL
[  40.5073]  PACKET_TRANSMIT        pkt=536  link=src0→router  delay=1.0ms
[  40.5083]  PACKET_ARRIVAL         pkt=536  node=router  hop=1
[  40.5083]  QUEUE_ENQUEUE          pkt=536  node=router  queue=19/20 (95%)  state=INCREMENTAL_COMPRESSION
[  40.6000]  PACKET_GENERATE        pkt=537  flow=1  size=100B  pri=0
[  40.6000]  QUEUE_ENQUEUE          pkt=537  node=src1  queue=1/1000 (0%)  state=NORMAL
[  40.6010]  QUEUE_DEQUEUE          pkt=537  node=src1  wait=1.0ms  queue=0/1000  state=NORMAL
[  40.6010]  PACKET_TRANSMIT        pkt=537  link=src1→router  delay=1.0ms
[  40.6020]  PACKET_ARRIVAL         pkt=537  node=router  hop=1
[  40.6020]  QUEUE_ENQUEUE          pkt=537  node=router  queue=20/20 (100%)  state=INCREMENTAL_COMPRESSION
[  40.6020]  QUEUE_DEQUEUE          pkt=512  node=router  wait=1970.0ms  queue=19/20  state=INCREMENTAL_COMPRESSION
[  40.6020]  STATE_UPDATE           node=router  INCREMENTAL_COMPRESSION → DROP_LOW_PRIORITY
[  40.6020]  QUEUE_DROP(full)       pkt=512  node=router  pri=1  queue=19/20 FULL
[  40.6209]  PACKET_GENERATE        pkt=538  flow=0  size=1415B  pri=1
[  40.6209]  QUEUE_ENQUEUE          pkt=538  node=src0  queue=1/1000 (0%)  state=NORMAL
[  40.6219]  QUEUE_DEQUEUE          pkt=538  node=src0  wait=1.0ms  queue=0/1000  state=NORMAL
[  40.6219]  PACKET_TRANSMIT        pkt=538  link=src0→router  delay=1.0ms
[  40.6229]  PACKET_ARRIVAL         pkt=538  node=router  hop=1
[  40.6229]  QUEUE_DROP(congestion) pkt=538  node=router  pri=1  state=DROP_LOW_PRIORITY
[  40.7020]  QUEUE_DEQUEUE          pkt=514  node=router  wait=1900.0ms  queue=18/20  state=DROP_LOW_PRIORITY
[  40.7020]  STATE_UPDATE           node=router  DROP_LOW_PRIORITY → INCREMENTAL_COMPRESSION
[  40.7020]  QUEUE_DROP(full)       pkt=514  node=router  pri=0  queue=18/20 FULL
[  40.8000]  PACKET_GENERATE        pkt=539  flow=1  size=100B  pri=0
[  40.8000]  QUEUE_ENQUEUE          pkt=539  node=src1  queue=1/1000 (0%)  state=NORMAL
[  40.8010]  QUEUE_DEQUEUE          pkt=539  node=src1  wait=1.0ms  queue=0/1000  state=NORMAL
[  40.8010]  PACKET_TRANSMIT        pkt=539  link=src1→router  delay=1.0ms
[  40.8020]  PACKET_ARRIVAL         pkt=539  node=router  hop=1
[  40.8020]  QUEUE_ENQUEUE          pkt=539  node=router  queue=19/20 (95%)  state=INCREMENTAL_COMPRESSION
[  40.8020]  QUEUE_DEQUEUE          pkt=517  node=router  wait=1800.0ms  queue=18/20  state=INCREMENTAL_COMPRESSION
[  40.8020]  QUEUE_DROP(full)       pkt=517  node=router  pri=0  queue=18/20 FULL
[  40.8198]  PACKET_GENERATE        pkt=540  flow=0  size=1472B  pri=1
[  40.8198]  QUEUE_ENQUEUE          pkt=540  node=src0  queue=1/1000 (0%)  state=NORMAL
[  40.8208]  QUEUE_DEQUEUE          pkt=540  node=src0  wait=1.0ms  queue=0/1000  state=NORMAL
[  40.8208]  PACKET_TRANSMIT        pkt=540  link=src0→router  delay=1.0ms
[  40.8218]  PACKET_ARRIVAL         pkt=540  node=router  hop=1
[  40.8218]  QUEUE_ENQUEUE          pkt=540  node=router  queue=19/20 (95%)  state=INCREMENTAL_COMPRESSION
[  40.9020]  QUEUE_DEQUEUE          pkt=518  node=router  wait=1825.8ms  queue=18/20  state=INCREMENTAL_COMPRESSION
[  40.9020]  QUEUE_DROP(full)       pkt=518  node=router  pri=1  queue=18/20 FULL
[  41.0000]  PACKET_GENERATE        pkt=541  flow=1  size=100B  pri=0
[  41.0000]  QUEUE_ENQUEUE          pkt=541  node=src1  queue=1/1000 (0%)  state=NORMAL
[  41.0010]  QUEUE_DEQUEUE          pkt=541  node=src1  wait=1.0ms  queue=0/1000  state=NORMAL
[  41.0010]  PACKET_TRANSMIT        pkt=541  link=src1→router  delay=1.0ms
[  41.0020]  PACKET_ARRIVAL         pkt=541  node=router  hop=1
[  41.0020]  QUEUE_ENQUEUE          pkt=541  node=router  queue=19/20 (95%)  state=INCREMENTAL_COMPRESSION
[  41.0020]  QUEUE_DEQUEUE          pkt=519  node=router  wait=1809.4ms  queue=18/20  state=INCREMENTAL_COMPRESSION
[  41.0020]  QUEUE_DROP(full)       pkt=519  node=router  pri=1  queue=18/20 FULL
[  41.0105]  PACKET_GENERATE        pkt=542  flow=0  size=1444B  pri=1
[  41.0105]  QUEUE_ENQUEUE          pkt=542  node=src0  queue=1/1000 (0%)  state=NORMAL
[  41.0115]  QUEUE_DEQUEUE          pkt=542  node=src0  wait=1.0ms  queue=0/1000  state=NORMAL
[  41.0115]  PACKET_TRANSMIT        pkt=542  link=src0→router  delay=1.0ms
[  41.0125]  PACKET_ARRIVAL         pkt=542  node=router  hop=1
[  41.0125]  QUEUE_ENQUEUE          pkt=542  node=router  queue=19/20 (95%)  state=INCREMENTAL_COMPRESSION
[  41.1020]  QUEUE_DEQUEUE          pkt=520  node=router  wait=1900.0ms  queue=18/20  state=INCREMENTAL_COMPRESSION
[  41.1020]  QUEUE_DROP(full)       pkt=520  node=router  pri=0  queue=18/20 FULL
[  41.1056]  PACKET_GENERATE        pkt=543  flow=0  size=1484B  pri=1
[  41.1056]  QUEUE_ENQUEUE          pkt=543  node=src0  queue=1/1000 (0%)  state=NORMAL
[  41.1066]  QUEUE_DEQUEUE          pkt=543  node=src0  wait=1.0ms  queue=0/1000  state=NORMAL
[  41.1066]  PACKET_TRANSMIT        pkt=543  link=src0→router  delay=1.0ms
[  41.1076]  PACKET_ARRIVAL         pkt=543  node=router  hop=1
[  41.1076]  QUEUE_ENQUEUE          pkt=543  node=router  queue=19/20 (95%)  state=INCREMENTAL_COMPRESSION
[  41.1635]  PACKET_GENERATE        pkt=544  flow=0  size=1464B  pri=1
[  41.1635]  QUEUE_ENQUEUE          pkt=544  node=src0  queue=1/1000 (0%)  state=NORMAL
[  41.1645]  QUEUE_DEQUEUE          pkt=544  node=src0  wait=1.0ms  queue=0/1000  state=NORMAL
[  41.1645]  PACKET_TRANSMIT        pkt=544  link=src0→router  delay=1.0ms
[  41.1655]  PACKET_ARRIVAL         pkt=544  node=router  hop=1
[  41.1655]  QUEUE_ENQUEUE          pkt=544  node=router  queue=20/20 (100%)  state=INCREMENTAL_COMPRESSION
[  41.2000]  PACKET_GENERATE        pkt=545  flow=1  size=100B  pri=0
[  41.2000]  QUEUE_ENQUEUE          pkt=545  node=src1  queue=1/1000 (0%)  state=NORMAL
[  41.2010]  QUEUE_DEQUEUE          pkt=545  node=src1  wait=1.0ms  queue=0/1000  state=NORMAL
[  41.2010]  PACKET_TRANSMIT        pkt=545  link=src1→router  delay=1.0ms
[  41.2020]  PACKET_ARRIVAL         pkt=545  node=router  hop=1
[  41.2020]  QUEUE_DROP(full)       pkt=545  node=router  pri=0  queue=20/20 FULL
[  41.2020]  QUEUE_DEQUEUE          pkt=521  node=router  wait=1851.0ms  queue=19/20  state=INCREMENTAL_COMPRESSION
[  41.2020]  STATE_UPDATE           node=router  INCREMENTAL_COMPRESSION → DROP_LOW_PRIORITY
[  41.2020]  QUEUE_DROP(full)       pkt=521  node=router  pri=1  queue=19/20 FULL
[  41.2939]  PACKET_GENERATE        pkt=546  flow=0  size=1401B  pri=1
[  41.2939]  QUEUE_ENQUEUE          pkt=546  node=src0  queue=1/1000 (0%)  state=NORMAL
[  41.2949]  QUEUE_DEQUEUE          pkt=546  node=src0  wait=1.0ms  queue=0/1000  state=NORMAL
[  41.2949]  PACKET_TRANSMIT        pkt=546  link=src0→router  delay=1.0ms
[  41.2959]  PACKET_ARRIVAL         pkt=546  node=router  hop=1
[  41.2959]  QUEUE_DROP(congestion) pkt=546  node=router  pri=1  state=DROP_LOW_PRIORITY
[  41.3020]  QUEUE_DEQUEUE          pkt=522  node=router  wait=1900.0ms  queue=18/20  state=DROP_LOW_PRIORITY
[  41.3020]  STATE_UPDATE           node=router  DROP_LOW_PRIORITY → INCREMENTAL_COMPRESSION
[  41.3020]  QUEUE_DROP(full)       pkt=522  node=router  pri=0  queue=18/20 FULL
[  41.4000]  PACKET_GENERATE        pkt=547  flow=1  size=100B  pri=0
[  41.4000]  QUEUE_ENQUEUE          pkt=547  node=src1  queue=1/1000 (0%)  state=NORMAL
[  41.4010]  QUEUE_DEQUEUE          pkt=547  node=src1  wait=1.0ms  queue=0/1000  state=NORMAL
[  41.4010]  PACKET_TRANSMIT        pkt=547  link=src1→router  delay=1.0ms
[  41.4020]  PACKET_ARRIVAL         pkt=547  node=router  hop=1
[  41.4020]  QUEUE_ENQUEUE          pkt=547  node=router  queue=19/20 (95%)  state=INCREMENTAL_COMPRESSION
[  41.4020]  QUEUE_DEQUEUE          pkt=523  node=router  wait=1837.2ms  queue=18/20  state=INCREMENTAL_COMPRESSION
[  41.4020]  QUEUE_DROP(full)       pkt=523  node=router  pri=1  queue=18/20 FULL
[  41.5020]  QUEUE_DEQUEUE          pkt=524  node=router  wait=1922.9ms  queue=17/20  state=INCREMENTAL_COMPRESSION
[  41.5020]  QUEUE_DROP(full)       pkt=524  node=router  pri=1  queue=17/20 FULL
[  41.5307]  PACKET_GENERATE        pkt=548  flow=0  size=1462B  pri=1
[  41.5307]  QUEUE_ENQUEUE          pkt=548  node=src0  queue=1/1000 (0%)  state=NORMAL
[  41.5317]  QUEUE_DEQUEUE          pkt=548  node=src0  wait=1.0ms  queue=0/1000  state=NORMAL
[  41.5317]  PACKET_TRANSMIT        pkt=548  link=src0→router  delay=1.0ms
[  41.5327]  PACKET_ARRIVAL         pkt=548  node=router  hop=1
[  41.5327]  QUEUE_ENQUEUE          pkt=548  node=router  queue=18/20 (90%)  state=INCREMENTAL_COMPRESSION
[  41.5446]  PACKET_GENERATE        pkt=549  flow=0  size=1446B  pri=1
[  41.5446]  QUEUE_ENQUEUE          pkt=549  node=src0  queue=1/1000 (0%)  state=NORMAL
[  41.5456]  QUEUE_DEQUEUE          pkt=549  node=src0  wait=1.0ms  queue=0/1000  state=NORMAL
[  41.5456]  PACKET_TRANSMIT        pkt=549  link=src0→router  delay=1.0ms
[  41.5466]  PACKET_ARRIVAL         pkt=549  node=router  hop=1
[  41.5466]  QUEUE_ENQUEUE          pkt=549  node=router  queue=19/20 (95%)  state=INCREMENTAL_COMPRESSION
[  41.6000]  PACKET_GENERATE        pkt=550  flow=1  size=100B  pri=0
[  41.6000]  QUEUE_ENQUEUE          pkt=550  node=src1  queue=1/1000 (0%)  state=NORMAL
[  41.6010]  QUEUE_DEQUEUE          pkt=550  node=src1  wait=1.0ms  queue=0/1000  state=NORMAL
[  41.6010]  PACKET_TRANSMIT        pkt=550  link=src1→router  delay=1.0ms
[  41.6020]  PACKET_ARRIVAL         pkt=550  node=router  hop=1
[  41.6020]  QUEUE_ENQUEUE          pkt=550  node=router  queue=20/20 (100%)  state=INCREMENTAL_COMPRESSION
[  41.6020]  QUEUE_DEQUEUE          pkt=526  node=router  wait=1800.0ms  queue=19/20  state=INCREMENTAL_COMPRESSION
[  41.6020]  STATE_UPDATE           node=router  INCREMENTAL_COMPRESSION → DROP_LOW_PRIORITY
[  41.6020]  QUEUE_DROP(full)       pkt=526  node=router  pri=0  queue=19/20 FULL
[  41.6708]  PACKET_GENERATE        pkt=551  flow=0  size=1458B  pri=1
[  41.6708]  QUEUE_ENQUEUE          pkt=551  node=src0  queue=1/1000 (0%)  state=NORMAL
[  41.6718]  QUEUE_DEQUEUE          pkt=551  node=src0  wait=1.0ms  queue=0/1000  state=NORMAL
[  41.6718]  PACKET_TRANSMIT        pkt=551  link=src0→router  delay=1.0ms
[  41.6728]  PACKET_ARRIVAL         pkt=551  node=router  hop=1
[  41.6728]  QUEUE_DROP(congestion) pkt=551  node=router  pri=1  state=DROP_LOW_PRIORITY
[  41.7020]  QUEUE_DEQUEUE          pkt=527  node=router  wait=1792.4ms  queue=18/20  state=DROP_LOW_PRIORITY
[  41.7020]  STATE_UPDATE           node=router  DROP_LOW_PRIORITY → INCREMENTAL_COMPRESSION
[  41.7020]  QUEUE_DROP(full)       pkt=527  node=router  pri=1  queue=18/20 FULL
[  41.8000]  PACKET_GENERATE        pkt=552  flow=1  size=100B  pri=0
[  41.8000]  QUEUE_ENQUEUE          pkt=552  node=src1  queue=1/1000 (0%)  state=NORMAL
[  41.8010]  QUEUE_DEQUEUE          pkt=552  node=src1  wait=1.0ms  queue=0/1000  state=NORMAL
[  41.8010]  PACKET_TRANSMIT        pkt=552  link=src1→router  delay=1.0ms
[  41.8020]  PACKET_ARRIVAL         pkt=552  node=router  hop=1
[  41.8020]  QUEUE_ENQUEUE          pkt=552  node=router  queue=19/20 (95%)  state=INCREMENTAL_COMPRESSION
[  41.8020]  QUEUE_DEQUEUE          pkt=528  node=router  wait=1800.0ms  queue=18/20  state=INCREMENTAL_COMPRESSION
[  41.8020]  QUEUE_DROP(full)       pkt=528  node=router  pri=0  queue=18/20 FULL
[  41.8244]  PACKET_GENERATE        pkt=553  flow=0  size=1455B  pri=1
[  41.8244]  QUEUE_ENQUEUE          pkt=553  node=src0  queue=1/1000 (0%)  state=NORMAL
[  41.8254]  QUEUE_DEQUEUE          pkt=553  node=src0  wait=1.0ms  queue=0/1000  state=NORMAL
[  41.8254]  PACKET_TRANSMIT        pkt=553  link=src0→router  delay=1.0ms
[  41.8264]  PACKET_ARRIVAL         pkt=553  node=router  hop=1
[  41.8264]  QUEUE_ENQUEUE          pkt=553  node=router  queue=19/20 (95%)  state=INCREMENTAL_COMPRESSION
[  41.8486]  PACKET_GENERATE        pkt=554  flow=0  size=1466B  pri=1
[  41.8486]  QUEUE_ENQUEUE          pkt=554  node=src0  queue=1/1000 (0%)  state=NORMAL
[  41.8496]  QUEUE_DEQUEUE          pkt=554  node=src0  wait=1.0ms  queue=0/1000  state=NORMAL
[  41.8496]  PACKET_TRANSMIT        pkt=554  link=src0→router  delay=1.0ms
[  41.8506]  PACKET_ARRIVAL         pkt=554  node=router  hop=1
[  41.8506]  QUEUE_ENQUEUE          pkt=554  node=router  queue=20/20 (100%)  state=INCREMENTAL_COMPRESSION
[  41.9020]  QUEUE_DEQUEUE          pkt=529  node=router  wait=1851.0ms  queue=19/20  state=INCREMENTAL_COMPRESSION
[  41.9020]  STATE_UPDATE           node=router  INCREMENTAL_COMPRESSION → DROP_LOW_PRIORITY
[  41.9020]  QUEUE_DROP(full)       pkt=529  node=router  pri=1  queue=19/20 FULL
[  42.0000]  PACKET_GENERATE        pkt=555  flow=1  size=100B  pri=0
[  42.0000]  QUEUE_ENQUEUE          pkt=555  node=src1  queue=1/1000 (0%)  state=NORMAL
[  42.0010]  QUEUE_DEQUEUE          pkt=555  node=src1  wait=1.0ms  queue=0/1000  state=NORMAL
[  42.0010]  PACKET_TRANSMIT        pkt=555  link=src1→router  delay=1.0ms
[  42.0020]  PACKET_ARRIVAL         pkt=555  node=router  hop=1
[  42.0020]  QUEUE_ENQUEUE          pkt=555  node=router  queue=20/20 (100%)  state=DROP_LOW_PRIORITY
[  42.0020]  QUEUE_DEQUEUE          pkt=530  node=router  wait=1887.9ms  queue=19/20  state=DROP_LOW_PRIORITY
[  42.0020]  QUEUE_DROP(full)       pkt=530  node=router  pri=1  queue=19/20 FULL
[  42.1020]  QUEUE_DEQUEUE          pkt=531  node=router  wait=1960.2ms  queue=18/20  state=DROP_LOW_PRIORITY
[  42.1020]  STATE_UPDATE           node=router  DROP_LOW_PRIORITY → INCREMENTAL_COMPRESSION
[  42.1020]  QUEUE_DROP(full)       pkt=531  node=router  pri=1  queue=18/20 FULL
[  42.2000]  PACKET_GENERATE        pkt=556  flow=1  size=100B  pri=0
[  42.2000]  QUEUE_ENQUEUE          pkt=556  node=src1  queue=1/1000 (0%)  state=NORMAL
[  42.2010]  QUEUE_DEQUEUE          pkt=556  node=src1  wait=1.0ms  queue=0/1000  state=NORMAL
[  42.2010]  PACKET_TRANSMIT        pkt=556  link=src1→router  delay=1.0ms
[  42.2020]  PACKET_ARRIVAL         pkt=556  node=router  hop=1
[  42.2020]  QUEUE_ENQUEUE          pkt=556  node=router  queue=19/20 (95%)  state=INCREMENTAL_COMPRESSION
[  42.2020]  QUEUE_DEQUEUE          pkt=534  node=router  wait=1878.8ms  queue=18/20  state=INCREMENTAL_COMPRESSION
[  42.2020]  QUEUE_DROP(full)       pkt=534  node=router  pri=1  queue=18/20 FULL
[  42.2693]  PACKET_GENERATE        pkt=557  flow=0  size=1434B  pri=1
[  42.2693]  QUEUE_ENQUEUE          pkt=557  node=src0  queue=1/1000 (0%)  state=NORMAL
[  42.2703]  QUEUE_DEQUEUE          pkt=557  node=src0  wait=1.0ms  queue=0/1000  state=NORMAL
[  42.2703]  PACKET_TRANSMIT        pkt=557  link=src0→router  delay=1.0ms
[  42.2713]  PACKET_ARRIVAL         pkt=557  node=router  hop=1
[  42.2713]  QUEUE_ENQUEUE          pkt=557  node=router  queue=19/20 (95%)  state=INCREMENTAL_COMPRESSION
[  42.3020]  QUEUE_DEQUEUE          pkt=535  node=router  wait=1900.0ms  queue=18/20  state=INCREMENTAL_COMPRESSION
[  42.3020]  QUEUE_DROP(full)       pkt=535  node=router  pri=0  queue=18/20 FULL
[  42.3889]  PACKET_GENERATE        pkt=558  flow=0  size=1468B  pri=1
[  42.3889]  QUEUE_ENQUEUE          pkt=558  node=src0  queue=1/1000 (0%)  state=NORMAL
[  42.3899]  QUEUE_DEQUEUE          pkt=558  node=src0  wait=1.0ms  queue=0/1000  state=NORMAL
[  42.3899]  PACKET_TRANSMIT        pkt=558  link=src0→router  delay=1.0ms
[  42.3909]  PACKET_ARRIVAL         pkt=558  node=router  hop=1
[  42.3909]  QUEUE_ENQUEUE          pkt=558  node=router  queue=19/20 (95%)  state=INCREMENTAL_COMPRESSION
[  42.4000]  PACKET_GENERATE        pkt=559  flow=1  size=100B  pri=0
[  42.4000]  QUEUE_ENQUEUE          pkt=559  node=src1  queue=1/1000 (0%)  state=NORMAL
[  42.4010]  QUEUE_DEQUEUE          pkt=559  node=src1  wait=1.0ms  queue=0/1000  state=NORMAL
[  42.4010]  PACKET_TRANSMIT        pkt=559  link=src1→router  delay=1.0ms
[  42.4020]  PACKET_ARRIVAL         pkt=559  node=router  hop=1
[  42.4020]  QUEUE_ENQUEUE          pkt=559  node=router  queue=20/20 (100%)  state=INCREMENTAL_COMPRESSION
[  42.4020]  QUEUE_DEQUEUE          pkt=536  node=router  wait=1893.7ms  queue=19/20  state=INCREMENTAL_COMPRESSION
[  42.4020]  STATE_UPDATE           node=router  INCREMENTAL_COMPRESSION → DROP_LOW_PRIORITY
[  42.4020]  QUEUE_DROP(full)       pkt=536  node=router  pri=1  queue=19/20 FULL
[  42.5020]  QUEUE_DEQUEUE          pkt=537  node=router  wait=1900.0ms  queue=18/20  state=DROP_LOW_PRIORITY
[  42.5020]  STATE_UPDATE           node=router  DROP_LOW_PRIORITY → INCREMENTAL_COMPRESSION
[  42.5020]  QUEUE_DROP(full)       pkt=537  node=router  pri=0  queue=18/20 FULL
[  42.5752]  PACKET_GENERATE        pkt=560  flow=0  size=1459B  pri=1
[  42.5752]  QUEUE_ENQUEUE          pkt=560  node=src0  queue=1/1000 (0%)  state=NORMAL
[  42.5762]  QUEUE_DEQUEUE          pkt=560  node=src0  wait=1.0ms  queue=0/1000  state=NORMAL
[  42.5762]  PACKET_TRANSMIT        pkt=560  link=src0→router  delay=1.0ms
[  42.5772]  PACKET_ARRIVAL         pkt=560  node=router  hop=1
[  42.5772]  QUEUE_ENQUEUE          pkt=560  node=router  queue=19/20 (95%)  state=INCREMENTAL_COMPRESSION
[  42.6000]  PACKET_GENERATE        pkt=561  flow=1  size=100B  pri=0
[  42.6000]  QUEUE_ENQUEUE          pkt=561  node=src1  queue=1/1000 (0%)  state=NORMAL
[  42.6010]  QUEUE_DEQUEUE          pkt=561  node=src1  wait=1.0ms  queue=0/1000  state=NORMAL
[  42.6010]  PACKET_TRANSMIT        pkt=561  link=src1→router  delay=1.0ms
[  42.6020]  PACKET_ARRIVAL         pkt=561  node=router  hop=1
[  42.6020]  QUEUE_ENQUEUE          pkt=561  node=router  queue=20/20 (100%)  state=INCREMENTAL_COMPRESSION
[  42.6020]  QUEUE_DEQUEUE          pkt=539  node=router  wait=1800.0ms  queue=19/20  state=INCREMENTAL_COMPRESSION
[  42.6020]  STATE_UPDATE           node=router  INCREMENTAL_COMPRESSION → DROP_LOW_PRIORITY
[  42.6020]  QUEUE_DROP(full)       pkt=539  node=router  pri=0  queue=19/20 FULL
[  42.6467]  PACKET_GENERATE        pkt=562  flow=0  size=1493B  pri=1
[  42.6467]  QUEUE_ENQUEUE          pkt=562  node=src0  queue=1/1000 (0%)  state=NORMAL
[  42.6477]  QUEUE_DEQUEUE          pkt=562  node=src0  wait=1.0ms  queue=0/1000  state=NORMAL
[  42.6477]  PACKET_TRANSMIT        pkt=562  link=src0→router  delay=1.0ms
[  42.6487]  PACKET_ARRIVAL         pkt=562  node=router  hop=1
[  42.6487]  QUEUE_DROP(congestion) pkt=562  node=router  pri=1  state=DROP_LOW_PRIORITY
[  42.7020]  QUEUE_DEQUEUE          pkt=540  node=router  wait=1880.2ms  queue=18/20  state=DROP_LOW_PRIORITY
[  42.7020]  STATE_UPDATE           node=router  DROP_LOW_PRIORITY → INCREMENTAL_COMPRESSION
[  42.7020]  QUEUE_DROP(full)       pkt=540  node=router  pri=1  queue=18/20 FULL
[  42.7589]  PACKET_GENERATE        pkt=563  flow=0  size=1441B  pri=1
[  42.7589]  QUEUE_ENQUEUE          pkt=563  node=src0  queue=1/1000 (0%)  state=NORMAL
[  42.7599]  QUEUE_DEQUEUE          pkt=563  node=src0  wait=1.0ms  queue=0/1000  state=NORMAL
[  42.7599]  PACKET_TRANSMIT        pkt=563  link=src0→router  delay=1.0ms
[  42.7609]  PACKET_ARRIVAL         pkt=563  node=router  hop=1
[  42.7609]  QUEUE_ENQUEUE          pkt=563  node=router  queue=19/20 (95%)  state=INCREMENTAL_COMPRESSION
[  42.8000]  PACKET_GENERATE        pkt=564  flow=1  size=100B  pri=0
[  42.8000]  QUEUE_ENQUEUE          pkt=564  node=src1  queue=1/1000 (0%)  state=NORMAL
[  42.8010]  QUEUE_DEQUEUE          pkt=564  node=src1  wait=1.0ms  queue=0/1000  state=NORMAL
[  42.8010]  PACKET_TRANSMIT        pkt=564  link=src1→router  delay=1.0ms
[  42.8020]  PACKET_ARRIVAL         pkt=564  node=router  hop=1
[  42.8020]  QUEUE_ENQUEUE          pkt=564  node=router  queue=20/20 (100%)  state=INCREMENTAL_COMPRESSION
[  42.8020]  QUEUE_DEQUEUE          pkt=541  node=router  wait=1800.0ms  queue=19/20  state=INCREMENTAL_COMPRESSION
[  42.8020]  STATE_UPDATE           node=router  INCREMENTAL_COMPRESSION → DROP_LOW_PRIORITY
[  42.8020]  QUEUE_DROP(full)       pkt=541  node=router  pri=0  queue=19/20 FULL
[  42.9020]  QUEUE_DEQUEUE          pkt=542  node=router  wait=1889.5ms  queue=18/20  state=DROP_LOW_PRIORITY
[  42.9020]  STATE_UPDATE           node=router  DROP_LOW_PRIORITY → INCREMENTAL_COMPRESSION
[  42.9020]  QUEUE_DROP(full)       pkt=542  node=router  pri=1  queue=18/20 FULL
[  42.9975]  PACKET_GENERATE        pkt=565  flow=0  size=1411B  pri=1
[  42.9975]  QUEUE_ENQUEUE          pkt=565  node=src0  queue=1/1000 (0%)  state=NORMAL
[  42.9985]  QUEUE_DEQUEUE          pkt=565  node=src0  wait=1.0ms  queue=0/1000  state=NORMAL
[  42.9985]  PACKET_TRANSMIT        pkt=565  link=src0→router  delay=1.0ms
[  42.9995]  PACKET_ARRIVAL         pkt=565  node=router  hop=1
[  42.9995]  QUEUE_ENQUEUE          pkt=565  node=router  queue=19/20 (95%)  state=INCREMENTAL_COMPRESSION
[  43.0000]  PACKET_GENERATE        pkt=566  flow=1  size=100B  pri=0
[  43.0000]  QUEUE_ENQUEUE          pkt=566  node=src1  queue=1/1000 (0%)  state=NORMAL
[  43.0010]  QUEUE_DEQUEUE          pkt=566  node=src1  wait=1.0ms  queue=0/1000  state=NORMAL
[  43.0010]  PACKET_TRANSMIT        pkt=566  link=src1→router  delay=1.0ms
[  43.0020]  PACKET_ARRIVAL         pkt=566  node=router  hop=1
[  43.0020]  QUEUE_ENQUEUE          pkt=566  node=router  queue=20/20 (100%)  state=INCREMENTAL_COMPRESSION
[  43.0020]  QUEUE_DEQUEUE          pkt=543  node=router  wait=1894.4ms  queue=19/20  state=INCREMENTAL_COMPRESSION
[  43.0020]  STATE_UPDATE           node=router  INCREMENTAL_COMPRESSION → DROP_LOW_PRIORITY
[  43.0020]  QUEUE_DROP(full)       pkt=543  node=router  pri=1  queue=19/20 FULL
[  43.0384]  PACKET_GENERATE        pkt=567  flow=0  size=1457B  pri=1
[  43.0384]  QUEUE_ENQUEUE          pkt=567  node=src0  queue=1/1000 (0%)  state=NORMAL
[  43.0394]  QUEUE_DEQUEUE          pkt=567  node=src0  wait=1.0ms  queue=0/1000  state=NORMAL
[  43.0394]  PACKET_TRANSMIT        pkt=567  link=src0→router  delay=1.0ms
[  43.0404]  PACKET_ARRIVAL         pkt=567  node=router  hop=1
[  43.0404]  QUEUE_DROP(congestion) pkt=567  node=router  pri=1  state=DROP_LOW_PRIORITY
[  43.0733]  PACKET_GENERATE        pkt=568  flow=0  size=1459B  pri=1
[  43.0733]  QUEUE_ENQUEUE          pkt=568  node=src0  queue=1/1000 (0%)  state=NORMAL
[  43.0743]  QUEUE_DEQUEUE          pkt=568  node=src0  wait=1.0ms  queue=0/1000  state=NORMAL
[  43.0743]  PACKET_TRANSMIT        pkt=568  link=src0→router  delay=1.0ms
[  43.0753]  PACKET_ARRIVAL         pkt=568  node=router  hop=1
[  43.0753]  QUEUE_DROP(congestion) pkt=568  node=router  pri=1  state=DROP_LOW_PRIORITY
[  43.1020]  QUEUE_DEQUEUE          pkt=544  node=router  wait=1936.5ms  queue=18/20  state=DROP_LOW_PRIORITY
[  43.1020]  STATE_UPDATE           node=router  DROP_LOW_PRIORITY → INCREMENTAL_COMPRESSION
[  43.1020]  QUEUE_DROP(full)       pkt=544  node=router  pri=1  queue=18/20 FULL
[  43.1787]  PACKET_GENERATE        pkt=569  flow=0  size=1485B  pri=1
[  43.1787]  QUEUE_ENQUEUE          pkt=569  node=src0  queue=1/1000 (0%)  state=NORMAL
[  43.1797]  QUEUE_DEQUEUE          pkt=569  node=src0  wait=1.0ms  queue=0/1000  state=NORMAL
[  43.1797]  PACKET_TRANSMIT        pkt=569  link=src0→router  delay=1.0ms
[  43.1807]  PACKET_ARRIVAL         pkt=569  node=router  hop=1
[  43.1807]  QUEUE_ENQUEUE          pkt=569  node=router  queue=19/20 (95%)  state=INCREMENTAL_COMPRESSION
[  43.2000]  PACKET_GENERATE        pkt=570  flow=1  size=100B  pri=0
[  43.2000]  QUEUE_ENQUEUE          pkt=570  node=src1  queue=1/1000 (0%)  state=NORMAL
[  43.2010]  QUEUE_DEQUEUE          pkt=570  node=src1  wait=1.0ms  queue=0/1000  state=NORMAL
[  43.2010]  PACKET_TRANSMIT        pkt=570  link=src1→router  delay=1.0ms
[  43.2020]  PACKET_ARRIVAL         pkt=570  node=router  hop=1
[  43.2020]  QUEUE_ENQUEUE          pkt=570  node=router  queue=20/20 (100%)  state=INCREMENTAL_COMPRESSION
[  43.2020]  QUEUE_DEQUEUE          pkt=547  node=router  wait=1800.0ms  queue=19/20  state=INCREMENTAL_COMPRESSION
[  43.2020]  STATE_UPDATE           node=router  INCREMENTAL_COMPRESSION → DROP_LOW_PRIORITY
[  43.2020]  QUEUE_DROP(full)       pkt=547  node=router  pri=0  queue=19/20 FULL
[  43.2383]  PACKET_GENERATE        pkt=571  flow=0  size=1403B  pri=1
[  43.2383]  QUEUE_ENQUEUE          pkt=571  node=src0  queue=1/1000 (0%)  state=NORMAL
[  43.2393]  QUEUE_DEQUEUE          pkt=571  node=src0  wait=1.0ms  queue=0/1000  state=NORMAL
[  43.2393]  PACKET_TRANSMIT        pkt=571  link=src0→router  delay=1.0ms
[  43.2403]  PACKET_ARRIVAL         pkt=571  node=router  hop=1
[  43.2403]  QUEUE_DROP(congestion) pkt=571  node=router  pri=1  state=DROP_LOW_PRIORITY
[  43.3020]  QUEUE_DEQUEUE          pkt=548  node=router  wait=1769.3ms  queue=18/20  state=DROP_LOW_PRIORITY
[  43.3020]  STATE_UPDATE           node=router  DROP_LOW_PRIORITY → INCREMENTAL_COMPRESSION
[  43.3020]  QUEUE_DROP(full)       pkt=548  node=router  pri=1  queue=18/20 FULL
[  43.3235]  PACKET_GENERATE        pkt=572  flow=0  size=1441B  pri=1
[  43.3235]  QUEUE_ENQUEUE          pkt=572  node=src0  queue=1/1000 (0%)  state=NORMAL
[  43.3245]  QUEUE_DEQUEUE          pkt=572  node=src0  wait=1.0ms  queue=0/1000  state=NORMAL
[  43.3245]  PACKET_TRANSMIT        pkt=572  link=src0→router  delay=1.0ms
[  43.3255]  PACKET_ARRIVAL         pkt=572  node=router  hop=1
[  43.3255]  QUEUE_ENQUEUE          pkt=572  node=router  queue=19/20 (95%)  state=INCREMENTAL_COMPRESSION
[  43.3486]  PACKET_GENERATE        pkt=573  flow=0  size=1427B  pri=1
[  43.3486]  QUEUE_ENQUEUE          pkt=573  node=src0  queue=1/1000 (0%)  state=NORMAL
[  43.3496]  QUEUE_DEQUEUE          pkt=573  node=src0  wait=1.0ms  queue=0/1000  state=NORMAL
[  43.3496]  PACKET_TRANSMIT        pkt=573  link=src0→router  delay=1.0ms
[  43.3506]  PACKET_ARRIVAL         pkt=573  node=router  hop=1
[  43.3506]  QUEUE_ENQUEUE          pkt=573  node=router  queue=20/20 (100%)  state=INCREMENTAL_COMPRESSION
[  43.4000]  PACKET_GENERATE        pkt=574  flow=1  size=100B  pri=0
[  43.4000]  QUEUE_ENQUEUE          pkt=574  node=src1  queue=1/1000 (0%)  state=NORMAL
[  43.4010]  QUEUE_DEQUEUE          pkt=574  node=src1  wait=1.0ms  queue=0/1000  state=NORMAL
[  43.4010]  PACKET_TRANSMIT        pkt=574  link=src1→router  delay=1.0ms
[  43.4020]  PACKET_ARRIVAL         pkt=574  node=router  hop=1
[  43.4020]  QUEUE_DROP(full)       pkt=574  node=router  pri=0  queue=20/20 FULL
[  43.4020]  QUEUE_DEQUEUE          pkt=549  node=router  wait=1855.4ms  queue=19/20  state=INCREMENTAL_COMPRESSION
[  43.4020]  STATE_UPDATE           node=router  INCREMENTAL_COMPRESSION → DROP_LOW_PRIORITY
[  43.4020]  QUEUE_DROP(full)       pkt=549  node=router  pri=1  queue=19/20 FULL
[  43.4034]  PACKET_GENERATE        pkt=575  flow=0  size=1433B  pri=1
[  43.4034]  QUEUE_ENQUEUE          pkt=575  node=src0  queue=1/1000 (0%)  state=NORMAL
[  43.4044]  QUEUE_DEQUEUE          pkt=575  node=src0  wait=1.0ms  queue=0/1000  state=NORMAL
[  43.4044]  PACKET_TRANSMIT        pkt=575  link=src0→router  delay=1.0ms
[  43.4054]  PACKET_ARRIVAL         pkt=575  node=router  hop=1
[  43.4054]  QUEUE_DROP(congestion) pkt=575  node=router  pri=1  state=DROP_LOW_PRIORITY
[  43.4554]  PACKET_GENERATE        pkt=576  flow=0  size=1476B  pri=1
[  43.4554]  QUEUE_ENQUEUE          pkt=576  node=src0  queue=1/1000 (0%)  state=NORMAL
[  43.4564]  QUEUE_DEQUEUE          pkt=576  node=src0  wait=1.0ms  queue=0/1000  state=NORMAL
[  43.4564]  PACKET_TRANSMIT        pkt=576  link=src0→router  delay=1.0ms
[  43.4574]  PACKET_ARRIVAL         pkt=576  node=router  hop=1
[  43.4574]  QUEUE_DROP(congestion) pkt=576  node=router  pri=1  state=DROP_LOW_PRIORITY
[  43.5020]  QUEUE_DEQUEUE          pkt=550  node=router  wait=1900.0ms  queue=18/20  state=DROP_LOW_PRIORITY
[  43.5020]  STATE_UPDATE           node=router  DROP_LOW_PRIORITY → INCREMENTAL_COMPRESSION
[  43.5020]  QUEUE_DROP(full)       pkt=550  node=router  pri=0  queue=18/20 FULL
[  43.6000]  PACKET_GENERATE        pkt=577  flow=1  size=100B  pri=0
[  43.6000]  QUEUE_ENQUEUE          pkt=577  node=src1  queue=1/1000 (0%)  state=NORMAL
[  43.6010]  QUEUE_DEQUEUE          pkt=577  node=src1  wait=1.0ms  queue=0/1000  state=NORMAL
[  43.6010]  PACKET_TRANSMIT        pkt=577  link=src1→router  delay=1.0ms
[  43.6020]  PACKET_ARRIVAL         pkt=577  node=router  hop=1
[  43.6020]  QUEUE_ENQUEUE          pkt=577  node=router  queue=19/20 (95%)  state=INCREMENTAL_COMPRESSION
[  43.6020]  QUEUE_DEQUEUE          pkt=552  node=router  wait=1800.0ms  queue=18/20  state=INCREMENTAL_COMPRESSION
[  43.6020]  QUEUE_DROP(full)       pkt=552  node=router  pri=0  queue=18/20 FULL
[  43.6064]  PACKET_GENERATE        pkt=578  flow=0  size=1435B  pri=1
[  43.6064]  QUEUE_ENQUEUE          pkt=578  node=src0  queue=1/1000 (0%)  state=NORMAL
[  43.6074]  QUEUE_DEQUEUE          pkt=578  node=src0  wait=1.0ms  queue=0/1000  state=NORMAL
[  43.6074]  PACKET_TRANSMIT        pkt=578  link=src0→router  delay=1.0ms
[  43.6084]  PACKET_ARRIVAL         pkt=578  node=router  hop=1
[  43.6084]  QUEUE_ENQUEUE          pkt=578  node=router  queue=19/20 (95%)  state=INCREMENTAL_COMPRESSION
[  43.7020]  QUEUE_DEQUEUE          pkt=553  node=router  wait=1875.6ms  queue=18/20  state=INCREMENTAL_COMPRESSION
[  43.7020]  QUEUE_DROP(full)       pkt=553  node=router  pri=1  queue=18/20 FULL
[  43.7078]  PACKET_GENERATE        pkt=579  flow=0  size=1466B  pri=1
[  43.7078]  QUEUE_ENQUEUE          pkt=579  node=src0  queue=1/1000 (0%)  state=NORMAL
[  43.7088]  QUEUE_DEQUEUE          pkt=579  node=src0  wait=1.0ms  queue=0/1000  state=NORMAL
[  43.7088]  PACKET_TRANSMIT        pkt=579  link=src0→router  delay=1.0ms
[  43.7098]  PACKET_ARRIVAL         pkt=579  node=router  hop=1
[  43.7098]  QUEUE_ENQUEUE          pkt=579  node=router  queue=19/20 (95%)  state=INCREMENTAL_COMPRESSION
[  43.8000]  PACKET_GENERATE        pkt=580  flow=1  size=100B  pri=0
[  43.8000]  QUEUE_ENQUEUE          pkt=580  node=src1  queue=1/1000 (0%)  state=NORMAL
[  43.8010]  QUEUE_DEQUEUE          pkt=580  node=src1  wait=1.0ms  queue=0/1000  state=NORMAL
[  43.8010]  PACKET_TRANSMIT        pkt=580  link=src1→router  delay=1.0ms
[  43.8020]  PACKET_ARRIVAL         pkt=580  node=router  hop=1
[  43.8020]  QUEUE_ENQUEUE          pkt=580  node=router  queue=20/20 (100%)  state=INCREMENTAL_COMPRESSION
[  43.8020]  QUEUE_DEQUEUE          pkt=554  node=router  wait=1951.4ms  queue=19/20  state=INCREMENTAL_COMPRESSION
[  43.8020]  STATE_UPDATE           node=router  INCREMENTAL_COMPRESSION → DROP_LOW_PRIORITY
[  43.8020]  QUEUE_DROP(full)       pkt=554  node=router  pri=1  queue=19/20 FULL
[  43.9020]  QUEUE_DEQUEUE          pkt=555  node=router  wait=1900.0ms  queue=18/20  state=DROP_LOW_PRIORITY
[  43.9020]  STATE_UPDATE           node=router  DROP_LOW_PRIORITY → INCREMENTAL_COMPRESSION
[  43.9020]  QUEUE_DROP(full)       pkt=555  node=router  pri=0  queue=18/20 FULL
[  44.0000]  PACKET_GENERATE        pkt=581  flow=1  size=100B  pri=0
[  44.0000]  QUEUE_ENQUEUE          pkt=581  node=src1  queue=1/1000 (0%)  state=NORMAL
[  44.0010]  QUEUE_DEQUEUE          pkt=581  node=src1  wait=1.0ms  queue=0/1000  state=NORMAL
[  44.0010]  PACKET_TRANSMIT        pkt=581  link=src1→router  delay=1.0ms
[  44.0020]  PACKET_ARRIVAL         pkt=581  node=router  hop=1
[  44.0020]  QUEUE_ENQUEUE          pkt=581  node=router  queue=19/20 (95%)  state=INCREMENTAL_COMPRESSION
[  44.0020]  QUEUE_DEQUEUE          pkt=556  node=router  wait=1800.0ms  queue=18/20  state=INCREMENTAL_COMPRESSION
[  44.0020]  QUEUE_DROP(full)       pkt=556  node=router  pri=0  queue=18/20 FULL
[  44.0775]  PACKET_GENERATE        pkt=582  flow=0  size=1410B  pri=1
[  44.0775]  QUEUE_ENQUEUE          pkt=582  node=src0  queue=1/1000 (0%)  state=NORMAL
[  44.0785]  QUEUE_DEQUEUE          pkt=582  node=src0  wait=1.0ms  queue=0/1000  state=NORMAL
[  44.0785]  PACKET_TRANSMIT        pkt=582  link=src0→router  delay=1.0ms
[  44.0795]  PACKET_ARRIVAL         pkt=582  node=router  hop=1
[  44.0795]  QUEUE_ENQUEUE          pkt=582  node=router  queue=19/20 (95%)  state=INCREMENTAL_COMPRESSION
[  44.1020]  QUEUE_DEQUEUE          pkt=557  node=router  wait=1830.7ms  queue=18/20  state=INCREMENTAL_COMPRESSION
[  44.1020]  QUEUE_DROP(full)       pkt=557  node=router  pri=1  queue=18/20 FULL
[  44.1121]  PACKET_GENERATE        pkt=583  flow=0  size=1452B  pri=1
[  44.1121]  QUEUE_ENQUEUE          pkt=583  node=src0  queue=1/1000 (0%)  state=NORMAL
[  44.1131]  QUEUE_DEQUEUE          pkt=583  node=src0  wait=1.0ms  queue=0/1000  state=NORMAL
[  44.1131]  PACKET_TRANSMIT        pkt=583  link=src0→router  delay=1.0ms
[  44.1141]  PACKET_ARRIVAL         pkt=583  node=router  hop=1
[  44.1141]  QUEUE_ENQUEUE          pkt=583  node=router  queue=19/20 (95%)  state=INCREMENTAL_COMPRESSION
[  44.1959]  PACKET_GENERATE        pkt=584  flow=0  size=1497B  pri=1
[  44.1959]  QUEUE_ENQUEUE          pkt=584  node=src0  queue=1/1000 (0%)  state=NORMAL
[  44.1969]  QUEUE_DEQUEUE          pkt=584  node=src0  wait=1.0ms  queue=0/1000  state=NORMAL
[  44.1969]  PACKET_TRANSMIT        pkt=584  link=src0→router  delay=1.0ms
[  44.1979]  PACKET_ARRIVAL         pkt=584  node=router  hop=1
[  44.1979]  QUEUE_ENQUEUE          pkt=584  node=router  queue=20/20 (100%)  state=INCREMENTAL_COMPRESSION
[  44.2000]  PACKET_GENERATE        pkt=585  flow=1  size=100B  pri=0
[  44.2000]  QUEUE_ENQUEUE          pkt=585  node=src1  queue=1/1000 (0%)  state=NORMAL
[  44.2010]  QUEUE_DEQUEUE          pkt=585  node=src1  wait=1.0ms  queue=0/1000  state=NORMAL
[  44.2010]  PACKET_TRANSMIT        pkt=585  link=src1→router  delay=1.0ms
[  44.2020]  PACKET_ARRIVAL         pkt=585  node=router  hop=1
[  44.2020]  QUEUE_DROP(full)       pkt=585  node=router  pri=0  queue=20/20 FULL
[  44.2020]  QUEUE_DEQUEUE          pkt=558  node=router  wait=1811.1ms  queue=19/20  state=INCREMENTAL_COMPRESSION
[  44.2020]  STATE_UPDATE           node=router  INCREMENTAL_COMPRESSION → DROP_LOW_PRIORITY
[  44.2020]  QUEUE_DROP(full)       pkt=558  node=router  pri=1  queue=19/20 FULL
[  44.2302]  PACKET_GENERATE        pkt=586  flow=0  size=1460B  pri=1
[  44.2302]  QUEUE_ENQUEUE          pkt=586  node=src0  queue=1/1000 (0%)  state=NORMAL
[  44.2312]  QUEUE_DEQUEUE          pkt=586  node=src0  wait=1.0ms  queue=0/1000  state=NORMAL
[  44.2312]  PACKET_TRANSMIT        pkt=586  link=src0→router  delay=1.0ms
[  44.2322]  PACKET_ARRIVAL         pkt=586  node=router  hop=1
[  44.2322]  QUEUE_DROP(congestion) pkt=586  node=router  pri=1  state=DROP_LOW_PRIORITY
[  44.3020]  QUEUE_DEQUEUE          pkt=559  node=router  wait=1900.0ms  queue=18/20  state=DROP_LOW_PRIORITY
[  44.3020]  STATE_UPDATE           node=router  DROP_LOW_PRIORITY → INCREMENTAL_COMPRESSION
[  44.3020]  QUEUE_DROP(full)       pkt=559  node=router  pri=0  queue=18/20 FULL
[  44.3600]  PACKET_GENERATE        pkt=587  flow=0  size=1462B  pri=1
[  44.3600]  QUEUE_ENQUEUE          pkt=587  node=src0  queue=1/1000 (0%)  state=NORMAL
[  44.3610]  QUEUE_DEQUEUE          pkt=587  node=src0  wait=1.0ms  queue=0/1000  state=NORMAL
[  44.3610]  PACKET_TRANSMIT        pkt=587  link=src0→router  delay=1.0ms
[  44.3620]  PACKET_ARRIVAL         pkt=587  node=router  hop=1
[  44.3620]  QUEUE_ENQUEUE          pkt=587  node=router  queue=19/20 (95%)  state=INCREMENTAL_COMPRESSION
[  44.4000]  PACKET_GENERATE        pkt=588  flow=1  size=100B  pri=0
[  44.4000]  QUEUE_ENQUEUE          pkt=588  node=src1  queue=1/1000 (0%)  state=NORMAL
[  44.4010]  QUEUE_DEQUEUE          pkt=588  node=src1  wait=1.0ms  queue=0/1000  state=NORMAL
[  44.4010]  PACKET_TRANSMIT        pkt=588  link=src1→router  delay=1.0ms
[  44.4020]  PACKET_ARRIVAL         pkt=588  node=router  hop=1
[  44.4020]  QUEUE_ENQUEUE          pkt=588  node=router  queue=20/20 (100%)  state=INCREMENTAL_COMPRESSION
[  44.4020]  QUEUE_DEQUEUE          pkt=560  node=router  wait=1824.8ms  queue=19/20  state=INCREMENTAL_COMPRESSION
[  44.4020]  STATE_UPDATE           node=router  INCREMENTAL_COMPRESSION → DROP_LOW_PRIORITY
[  44.4020]  QUEUE_DROP(full)       pkt=560  node=router  pri=1  queue=19/20 FULL
[  44.4343]  PACKET_GENERATE        pkt=589  flow=0  size=1402B  pri=1
[  44.4343]  QUEUE_ENQUEUE          pkt=589  node=src0  queue=1/1000 (0%)  state=NORMAL
[  44.4353]  QUEUE_DEQUEUE          pkt=589  node=src0  wait=1.0ms  queue=0/1000  state=NORMAL
[  44.4353]  PACKET_TRANSMIT        pkt=589  link=src0→router  delay=1.0ms
[  44.4363]  PACKET_ARRIVAL         pkt=589  node=router  hop=1
[  44.4363]  QUEUE_DROP(congestion) pkt=589  node=router  pri=1  state=DROP_LOW_PRIORITY
[  44.4465]  PACKET_GENERATE        pkt=590  flow=0  size=1428B  pri=1
[  44.4465]  QUEUE_ENQUEUE          pkt=590  node=src0  queue=1/1000 (0%)  state=NORMAL
[  44.4475]  QUEUE_DEQUEUE          pkt=590  node=src0  wait=1.0ms  queue=0/1000  state=NORMAL
[  44.4475]  PACKET_TRANSMIT        pkt=590  link=src0→router  delay=1.0ms
[  44.4485]  PACKET_ARRIVAL         pkt=590  node=router  hop=1
[  44.4485]  QUEUE_DROP(congestion) pkt=590  node=router  pri=1  state=DROP_LOW_PRIORITY
[  44.5020]  QUEUE_DEQUEUE          pkt=561  node=router  wait=1900.0ms  queue=18/20  state=DROP_LOW_PRIORITY
[  44.5020]  STATE_UPDATE           node=router  DROP_LOW_PRIORITY → INCREMENTAL_COMPRESSION
[  44.5020]  QUEUE_DROP(full)       pkt=561  node=router  pri=0  queue=18/20 FULL
[  44.5113]  PACKET_GENERATE        pkt=591  flow=0  size=1431B  pri=1
[  44.5113]  QUEUE_ENQUEUE          pkt=591  node=src0  queue=1/1000 (0%)  state=NORMAL
[  44.5123]  QUEUE_DEQUEUE          pkt=591  node=src0  wait=1.0ms  queue=0/1000  state=NORMAL
[  44.5123]  PACKET_TRANSMIT        pkt=591  link=src0→router  delay=1.0ms
[  44.5133]  PACKET_ARRIVAL         pkt=591  node=router  hop=1
[  44.5133]  QUEUE_ENQUEUE          pkt=591  node=router  queue=19/20 (95%)  state=INCREMENTAL_COMPRESSION
[  44.5570]  PACKET_GENERATE        pkt=592  flow=0  size=1474B  pri=1
[  44.5570]  QUEUE_ENQUEUE          pkt=592  node=src0  queue=1/1000 (0%)  state=NORMAL
[  44.5580]  QUEUE_DEQUEUE          pkt=592  node=src0  wait=1.0ms  queue=0/1000  state=NORMAL
[  44.5580]  PACKET_TRANSMIT        pkt=592  link=src0→router  delay=1.0ms
[  44.5590]  PACKET_ARRIVAL         pkt=592  node=router  hop=1
[  44.5590]  QUEUE_ENQUEUE          pkt=592  node=router  queue=20/20 (100%)  state=INCREMENTAL_COMPRESSION
[  44.6000]  PACKET_GENERATE        pkt=593  flow=1  size=100B  pri=0
[  44.6000]  QUEUE_ENQUEUE          pkt=593  node=src1  queue=1/1000 (0%)  state=NORMAL
[  44.6010]  QUEUE_DEQUEUE          pkt=593  node=src1  wait=1.0ms  queue=0/1000  state=NORMAL
[  44.6010]  PACKET_TRANSMIT        pkt=593  link=src1→router  delay=1.0ms
[  44.6020]  PACKET_ARRIVAL         pkt=593  node=router  hop=1
[  44.6020]  QUEUE_DROP(full)       pkt=593  node=router  pri=0  queue=20/20 FULL
[  44.6020]  QUEUE_DEQUEUE          pkt=563  node=router  wait=1841.1ms  queue=19/20  state=INCREMENTAL_COMPRESSION
[  44.6020]  STATE_UPDATE           node=router  INCREMENTAL_COMPRESSION → DROP_LOW_PRIORITY
[  44.6020]  QUEUE_DROP(full)       pkt=563  node=router  pri=1  queue=19/20 FULL
[  44.6146]  PACKET_GENERATE        pkt=594  flow=0  size=1470B  pri=1
[  44.6146]  QUEUE_ENQUEUE          pkt=594  node=src0  queue=1/1000 (0%)  state=NORMAL
[  44.6156]  QUEUE_DEQUEUE          pkt=594  node=src0  wait=1.0ms  queue=0/1000  state=NORMAL
[  44.6156]  PACKET_TRANSMIT        pkt=594  link=src0→router  delay=1.0ms
[  44.6166]  PACKET_ARRIVAL         pkt=594  node=router  hop=1
[  44.6166]  QUEUE_DROP(congestion) pkt=594  node=router  pri=1  state=DROP_LOW_PRIORITY
[  44.7020]  QUEUE_DEQUEUE          pkt=564  node=router  wait=1900.0ms  queue=18/20  state=DROP_LOW_PRIORITY
[  44.7020]  STATE_UPDATE           node=router  DROP_LOW_PRIORITY → INCREMENTAL_COMPRESSION
[  44.7020]  QUEUE_DROP(full)       pkt=564  node=router  pri=0  queue=18/20 FULL
[  44.7092]  PACKET_GENERATE        pkt=595  flow=0  size=1454B  pri=1
[  44.7092]  QUEUE_ENQUEUE          pkt=595  node=src0  queue=1/1000 (0%)  state=NORMAL
[  44.7102]  QUEUE_DEQUEUE          pkt=595  node=src0  wait=1.0ms  queue=0/1000  state=NORMAL
[  44.7102]  PACKET_TRANSMIT        pkt=595  link=src0→router  delay=1.0ms
[  44.7112]  PACKET_ARRIVAL         pkt=595  node=router  hop=1
[  44.7112]  QUEUE_ENQUEUE          pkt=595  node=router  queue=19/20 (95%)  state=INCREMENTAL_COMPRESSION
[  44.8000]  PACKET_GENERATE        pkt=596  flow=1  size=100B  pri=0
[  44.8000]  QUEUE_ENQUEUE          pkt=596  node=src1  queue=1/1000 (0%)  state=NORMAL
[  44.8010]  QUEUE_DEQUEUE          pkt=596  node=src1  wait=1.0ms  queue=0/1000  state=NORMAL
[  44.8010]  PACKET_TRANSMIT        pkt=596  link=src1→router  delay=1.0ms
[  44.8020]  PACKET_ARRIVAL         pkt=596  node=router  hop=1
[  44.8020]  QUEUE_ENQUEUE          pkt=596  node=router  queue=20/20 (100%)  state=INCREMENTAL_COMPRESSION
[  44.8020]  QUEUE_DEQUEUE          pkt=565  node=router  wait=1802.5ms  queue=19/20  state=INCREMENTAL_COMPRESSION
[  44.8020]  STATE_UPDATE           node=router  INCREMENTAL_COMPRESSION → DROP_LOW_PRIORITY
[  44.8020]  QUEUE_DROP(full)       pkt=565  node=router  pri=1  queue=19/20 FULL
[  44.9020]  QUEUE_DEQUEUE          pkt=566  node=router  wait=1900.0ms  queue=18/20  state=DROP_LOW_PRIORITY
[  44.9020]  STATE_UPDATE           node=router  DROP_LOW_PRIORITY → INCREMENTAL_COMPRESSION
[  44.9020]  QUEUE_DROP(full)       pkt=566  node=router  pri=0  queue=18/20 FULL
[  45.0000]  PACKET_GENERATE        pkt=597  flow=1  size=100B  pri=0
[  45.0000]  QUEUE_ENQUEUE          pkt=597  node=src1  queue=1/1000 (0%)  state=NORMAL
[  45.0010]  QUEUE_DEQUEUE          pkt=597  node=src1  wait=1.0ms  queue=0/1000  state=NORMAL
[  45.0010]  PACKET_TRANSMIT        pkt=597  link=src1→router  delay=1.0ms
[  45.0020]  PACKET_ARRIVAL         pkt=597  node=router  hop=1
[  45.0020]  QUEUE_ENQUEUE          pkt=597  node=router  queue=19/20 (95%)  state=INCREMENTAL_COMPRESSION
[  45.0020]  QUEUE_DEQUEUE          pkt=569  node=router  wait=1821.3ms  queue=18/20  state=INCREMENTAL_COMPRESSION
[  45.0020]  QUEUE_DROP(full)       pkt=569  node=router  pri=1  queue=18/20 FULL
[  45.1020]  QUEUE_DEQUEUE          pkt=570  node=router  wait=1900.0ms  queue=17/20  state=INCREMENTAL_COMPRESSION
[  45.1020]  QUEUE_DROP(full)       pkt=570  node=router  pri=0  queue=17/20 FULL
[  45.2000]  PACKET_GENERATE        pkt=598  flow=1  size=100B  pri=0
[  45.2000]  QUEUE_ENQUEUE          pkt=598  node=src1  queue=1/1000 (0%)  state=NORMAL
[  45.2010]  QUEUE_DEQUEUE          pkt=598  node=src1  wait=1.0ms  queue=0/1000  state=NORMAL
[  45.2010]  PACKET_TRANSMIT        pkt=598  link=src1→router  delay=1.0ms
[  45.2020]  PACKET_ARRIVAL         pkt=598  node=router  hop=1
[  45.2020]  QUEUE_ENQUEUE          pkt=598  node=router  queue=18/20 (90%)  state=INCREMENTAL_COMPRESSION
[  45.2020]  QUEUE_DEQUEUE          pkt=572  node=router  wait=1876.5ms  queue=17/20  state=INCREMENTAL_COMPRESSION
[  45.2020]  QUEUE_DROP(full)       pkt=572  node=router  pri=1  queue=17/20 FULL
[  45.3020]  QUEUE_DEQUEUE          pkt=573  node=router  wait=1951.4ms  queue=16/20  state=INCREMENTAL_COMPRESSION
[  45.3020]  STATE_UPDATE           node=router  INCREMENTAL_COMPRESSION → DELTA_COMPRESSION
[  45.3020]  QUEUE_DROP(full)       pkt=573  node=router  pri=1  queue=16/20 FULL
[  45.4000]  PACKET_GENERATE        pkt=599  flow=1  size=100B  pri=0
[  45.4000]  QUEUE_ENQUEUE          pkt=599  node=src1  queue=1/1000 (0%)  state=NORMAL
[  45.4010]  QUEUE_DEQUEUE          pkt=599  node=src1  wait=1.0ms  queue=0/1000  state=NORMAL
[  45.4010]  PACKET_TRANSMIT        pkt=599  link=src1→router  delay=1.0ms
[  45.4020]  PACKET_ARRIVAL         pkt=599  node=router  hop=1
[  45.4020]  QUEUE_ENQUEUE          pkt=599  node=router  queue=17/20 (85%)  state=DELTA_COMPRESSION
[  45.4020]  QUEUE_DEQUEUE          pkt=577  node=router  wait=1800.0ms  queue=16/20  state=DELTA_COMPRESSION
[  45.4020]  QUEUE_DROP(full)       pkt=577  node=router  pri=0  queue=16/20 FULL
[  45.4209]  PACKET_GENERATE        pkt=600  flow=0  size=1470B  pri=1
[  45.4209]  QUEUE_ENQUEUE          pkt=600  node=src0  queue=1/1000 (0%)  state=NORMAL
[  45.4219]  QUEUE_DEQUEUE          pkt=600  node=src0  wait=1.0ms  queue=0/1000  state=NORMAL
[  45.4219]  PACKET_TRANSMIT        pkt=600  link=src0→router  delay=1.0ms
[  45.4229]  PACKET_ARRIVAL         pkt=600  node=router  hop=1
[  45.4229]  QUEUE_ENQUEUE          pkt=600  node=router  queue=17/20 (85%)  state=DELTA_COMPRESSION
[  45.4711]  PACKET_GENERATE        pkt=601  flow=0  size=1489B  pri=1
[  45.4711]  QUEUE_ENQUEUE          pkt=601  node=src0  queue=1/1000 (0%)  state=NORMAL
[  45.4721]  QUEUE_DEQUEUE          pkt=601  node=src0  wait=1.0ms  queue=0/1000  state=NORMAL
[  45.4721]  PACKET_TRANSMIT        pkt=601  link=src0→router  delay=1.0ms
[  45.4731]  PACKET_ARRIVAL         pkt=601  node=router  hop=1
[  45.4731]  QUEUE_ENQUEUE          pkt=601  node=router  queue=18/20 (90%)  state=DELTA_COMPRESSION
[  45.5020]  QUEUE_DEQUEUE          pkt=578  node=router  wait=1893.6ms  queue=17/20  state=DELTA_COMPRESSION
[  45.5020]  STATE_UPDATE           node=router  DELTA_COMPRESSION → INCREMENTAL_COMPRESSION
[  45.5020]  QUEUE_DROP(full)       pkt=578  node=router  pri=1  queue=17/20 FULL
[  45.5466]  PACKET_GENERATE        pkt=602  flow=0  size=1439B  pri=1
[  45.5466]  QUEUE_ENQUEUE          pkt=602  node=src0  queue=1/1000 (0%)  state=NORMAL
[  45.5476]  QUEUE_DEQUEUE          pkt=602  node=src0  wait=1.0ms  queue=0/1000  state=NORMAL
[  45.5476]  PACKET_TRANSMIT        pkt=602  link=src0→router  delay=1.0ms
[  45.5486]  PACKET_ARRIVAL         pkt=602  node=router  hop=1
[  45.5486]  QUEUE_ENQUEUE          pkt=602  node=router  queue=18/20 (90%)  state=INCREMENTAL_COMPRESSION
[  45.5828]  PACKET_GENERATE        pkt=603  flow=0  size=1415B  pri=1
[  45.5828]  QUEUE_ENQUEUE          pkt=603  node=src0  queue=1/1000 (0%)  state=NORMAL
[  45.5838]  QUEUE_DEQUEUE          pkt=603  node=src0  wait=1.0ms  queue=0/1000  state=NORMAL
[  45.5838]  PACKET_TRANSMIT        pkt=603  link=src0→router  delay=1.0ms
[  45.5848]  PACKET_ARRIVAL         pkt=603  node=router  hop=1
[  45.5848]  QUEUE_ENQUEUE          pkt=603  node=router  queue=19/20 (95%)  state=INCREMENTAL_COMPRESSION
[  45.6000]  PACKET_GENERATE        pkt=604  flow=1  size=100B  pri=0
[  45.6000]  QUEUE_ENQUEUE          pkt=604  node=src1  queue=1/1000 (0%)  state=NORMAL
[  45.6010]  QUEUE_DEQUEUE          pkt=604  node=src1  wait=1.0ms  queue=0/1000  state=NORMAL
[  45.6010]  PACKET_TRANSMIT        pkt=604  link=src1→router  delay=1.0ms
[  45.6020]  PACKET_ARRIVAL         pkt=604  node=router  hop=1
[  45.6020]  QUEUE_ENQUEUE          pkt=604  node=router  queue=20/20 (100%)  state=INCREMENTAL_COMPRESSION
[  45.6020]  QUEUE_DEQUEUE          pkt=579  node=router  wait=1892.2ms  queue=19/20  state=INCREMENTAL_COMPRESSION
[  45.6020]  STATE_UPDATE           node=router  INCREMENTAL_COMPRESSION → DROP_LOW_PRIORITY
[  45.6020]  QUEUE_DROP(full)       pkt=579  node=router  pri=1  queue=19/20 FULL
[  45.7020]  QUEUE_DEQUEUE          pkt=580  node=router  wait=1900.0ms  queue=18/20  state=DROP_LOW_PRIORITY
[  45.7020]  STATE_UPDATE           node=router  DROP_LOW_PRIORITY → INCREMENTAL_COMPRESSION
[  45.7020]  QUEUE_DROP(full)       pkt=580  node=router  pri=0  queue=18/20 FULL
[  45.7425]  PACKET_GENERATE        pkt=605  flow=0  size=1440B  pri=1
[  45.7425]  QUEUE_ENQUEUE          pkt=605  node=src0  queue=1/1000 (0%)  state=NORMAL
[  45.7435]  QUEUE_DEQUEUE          pkt=605  node=src0  wait=1.0ms  queue=0/1000  state=NORMAL
[  45.7435]  PACKET_TRANSMIT        pkt=605  link=src0→router  delay=1.0ms
[  45.7445]  PACKET_ARRIVAL         pkt=605  node=router  hop=1
[  45.7445]  QUEUE_ENQUEUE          pkt=605  node=router  queue=19/20 (95%)  state=INCREMENTAL_COMPRESSION
[  45.7584]  PACKET_GENERATE        pkt=606  flow=0  size=1468B  pri=1
[  45.7584]  QUEUE_ENQUEUE          pkt=606  node=src0  queue=1/1000 (0%)  state=NORMAL
[  45.7594]  QUEUE_DEQUEUE          pkt=606  node=src0  wait=1.0ms  queue=0/1000  state=NORMAL
[  45.7594]  PACKET_TRANSMIT        pkt=606  link=src0→router  delay=1.0ms
[  45.7604]  PACKET_ARRIVAL         pkt=606  node=router  hop=1
[  45.7604]  QUEUE_ENQUEUE          pkt=606  node=router  queue=20/20 (100%)  state=INCREMENTAL_COMPRESSION
[  45.8000]  PACKET_GENERATE        pkt=607  flow=1  size=100B  pri=0
[  45.8000]  QUEUE_ENQUEUE          pkt=607  node=src1  queue=1/1000 (0%)  state=NORMAL
[  45.8010]  QUEUE_DEQUEUE          pkt=607  node=src1  wait=1.0ms  queue=0/1000  state=NORMAL
[  45.8010]  PACKET_TRANSMIT        pkt=607  link=src1→router  delay=1.0ms
[  45.8020]  PACKET_ARRIVAL         pkt=607  node=router  hop=1
[  45.8020]  QUEUE_DROP(full)       pkt=607  node=router  pri=0  queue=20/20 FULL
[  45.8020]  QUEUE_DEQUEUE          pkt=581  node=router  wait=1800.0ms  queue=19/20  state=INCREMENTAL_COMPRESSION
[  45.8020]  STATE_UPDATE           node=router  INCREMENTAL_COMPRESSION → DROP_LOW_PRIORITY
[  45.8020]  QUEUE_DROP(full)       pkt=581  node=router  pri=0  queue=19/20 FULL
[  45.9020]  QUEUE_DEQUEUE          pkt=582  node=router  wait=1822.5ms  queue=18/20  state=DROP_LOW_PRIORITY
[  45.9020]  STATE_UPDATE           node=router  DROP_LOW_PRIORITY → INCREMENTAL_COMPRESSION
[  45.9020]  QUEUE_DROP(full)       pkt=582  node=router  pri=1  queue=18/20 FULL
[  46.0000]  PACKET_GENERATE        pkt=608  flow=1  size=100B  pri=0
[  46.0000]  QUEUE_ENQUEUE          pkt=608  node=src1  queue=1/1000 (0%)  state=NORMAL
[  46.0010]  QUEUE_DEQUEUE          pkt=608  node=src1  wait=1.0ms  queue=0/1000  state=NORMAL
[  46.0010]  PACKET_TRANSMIT        pkt=608  link=src1→router  delay=1.0ms
[  46.0020]  PACKET_ARRIVAL         pkt=608  node=router  hop=1
[  46.0020]  QUEUE_ENQUEUE          pkt=608  node=router  queue=19/20 (95%)  state=INCREMENTAL_COMPRESSION
[  46.0020]  QUEUE_DEQUEUE          pkt=583  node=router  wait=1887.9ms  queue=18/20  state=INCREMENTAL_COMPRESSION
[  46.0020]  QUEUE_DROP(full)       pkt=583  node=router  pri=1  queue=18/20 FULL
[  46.1020]  QUEUE_DEQUEUE          pkt=584  node=router  wait=1904.1ms  queue=17/20  state=INCREMENTAL_COMPRESSION
[  46.1020]  QUEUE_DROP(full)       pkt=584  node=router  pri=1  queue=17/20 FULL
[  46.1351]  PACKET_GENERATE        pkt=609  flow=0  size=1488B  pri=1
[  46.1351]  QUEUE_ENQUEUE          pkt=609  node=src0  queue=1/1000 (0%)  state=NORMAL
[  46.1361]  QUEUE_DEQUEUE          pkt=609  node=src0  wait=1.0ms  queue=0/1000  state=NORMAL
[  46.1361]  PACKET_TRANSMIT        pkt=609  link=src0→router  delay=1.0ms
[  46.1371]  PACKET_ARRIVAL         pkt=609  node=router  hop=1
[  46.1371]  QUEUE_ENQUEUE          pkt=609  node=router  queue=18/20 (90%)  state=INCREMENTAL_COMPRESSION
[  46.1607]  PACKET_GENERATE        pkt=610  flow=0  size=1427B  pri=1
[  46.1607]  QUEUE_ENQUEUE          pkt=610  node=src0  queue=1/1000 (0%)  state=NORMAL
[  46.1617]  QUEUE_DEQUEUE          pkt=610  node=src0  wait=1.0ms  queue=0/1000  state=NORMAL
[  46.1617]  PACKET_TRANSMIT        pkt=610  link=src0→router  delay=1.0ms
[  46.1627]  PACKET_ARRIVAL         pkt=610  node=router  hop=1
[  46.1627]  QUEUE_ENQUEUE          pkt=610  node=router  queue=19/20 (95%)  state=INCREMENTAL_COMPRESSION
[  46.2000]  PACKET_GENERATE        pkt=611  flow=1  size=100B  pri=0
[  46.2000]  QUEUE_ENQUEUE          pkt=611  node=src1  queue=1/1000 (0%)  state=NORMAL
[  46.2010]  QUEUE_DEQUEUE          pkt=611  node=src1  wait=1.0ms  queue=0/1000  state=NORMAL
[  46.2010]  PACKET_TRANSMIT        pkt=611  link=src1→router  delay=1.0ms
[  46.2020]  PACKET_ARRIVAL         pkt=611  node=router  hop=1
[  46.2020]  QUEUE_ENQUEUE          pkt=611  node=router  queue=20/20 (100%)  state=INCREMENTAL_COMPRESSION
[  46.2020]  QUEUE_DEQUEUE          pkt=587  node=router  wait=1840.0ms  queue=19/20  state=INCREMENTAL_COMPRESSION
[  46.2020]  STATE_UPDATE           node=router  INCREMENTAL_COMPRESSION → DROP_LOW_PRIORITY
[  46.2020]  QUEUE_DROP(full)       pkt=587  node=router  pri=1  queue=19/20 FULL
[  46.3020]  QUEUE_DEQUEUE          pkt=588  node=router  wait=1900.0ms  queue=18/20  state=DROP_LOW_PRIORITY
[  46.3020]  STATE_UPDATE           node=router  DROP_LOW_PRIORITY → INCREMENTAL_COMPRESSION
[  46.3020]  QUEUE_DROP(full)       pkt=588  node=router  pri=0  queue=18/20 FULL
[  46.3284]  PACKET_GENERATE        pkt=612  flow=0  size=1435B  pri=1
[  46.3284]  QUEUE_ENQUEUE          pkt=612  node=src0  queue=1/1000 (0%)  state=NORMAL
[  46.3294]  QUEUE_DEQUEUE          pkt=612  node=src0  wait=1.0ms  queue=0/1000  state=NORMAL
[  46.3294]  PACKET_TRANSMIT        pkt=612  link=src0→router  delay=1.0ms
[  46.3304]  PACKET_ARRIVAL         pkt=612  node=router  hop=1
[  46.3304]  QUEUE_ENQUEUE          pkt=612  node=router  queue=19/20 (95%)  state=INCREMENTAL_COMPRESSION
[  46.4000]  PACKET_GENERATE        pkt=613  flow=1  size=100B  pri=0
[  46.4000]  QUEUE_ENQUEUE          pkt=613  node=src1  queue=1/1000 (0%)  state=NORMAL
[  46.4010]  QUEUE_DEQUEUE          pkt=613  node=src1  wait=1.0ms  queue=0/1000  state=NORMAL
[  46.4010]  PACKET_TRANSMIT        pkt=613  link=src1→router  delay=1.0ms
[  46.4020]  PACKET_ARRIVAL         pkt=613  node=router  hop=1
[  46.4020]  QUEUE_ENQUEUE          pkt=613  node=router  queue=20/20 (100%)  state=INCREMENTAL_COMPRESSION
[  46.4020]  QUEUE_DEQUEUE          pkt=591  node=router  wait=1888.7ms  queue=19/20  state=INCREMENTAL_COMPRESSION
[  46.4020]  STATE_UPDATE           node=router  INCREMENTAL_COMPRESSION → DROP_LOW_PRIORITY
[  46.4020]  QUEUE_DROP(full)       pkt=591  node=router  pri=1  queue=19/20 FULL
[  46.4896]  PACKET_GENERATE        pkt=614  flow=0  size=1497B  pri=1
[  46.4896]  QUEUE_ENQUEUE          pkt=614  node=src0  queue=1/1000 (0%)  state=NORMAL
[  46.4906]  QUEUE_DEQUEUE          pkt=614  node=src0  wait=1.0ms  queue=0/1000  state=NORMAL
[  46.4906]  PACKET_TRANSMIT        pkt=614  link=src0→router  delay=1.0ms
[  46.4916]  PACKET_ARRIVAL         pkt=614  node=router  hop=1
[  46.4916]  QUEUE_DROP(congestion) pkt=614  node=router  pri=1  state=DROP_LOW_PRIORITY
[  46.5020]  QUEUE_DEQUEUE          pkt=592  node=router  wait=1943.0ms  queue=18/20  state=DROP_LOW_PRIORITY
[  46.5020]  STATE_UPDATE           node=router  DROP_LOW_PRIORITY → INCREMENTAL_COMPRESSION
[  46.5020]  QUEUE_DROP(full)       pkt=592  node=router  pri=1  queue=18/20 FULL
[  46.5826]  PACKET_GENERATE        pkt=615  flow=0  size=1436B  pri=1
[  46.5826]  QUEUE_ENQUEUE          pkt=615  node=src0  queue=1/1000 (0%)  state=NORMAL
[  46.5836]  QUEUE_DEQUEUE          pkt=615  node=src0  wait=1.0ms  queue=0/1000  state=NORMAL
[  46.5836]  PACKET_TRANSMIT        pkt=615  link=src0→router  delay=1.0ms
[  46.5846]  PACKET_ARRIVAL         pkt=615  node=router  hop=1
[  46.5846]  QUEUE_ENQUEUE          pkt=615  node=router  queue=19/20 (95%)  state=INCREMENTAL_COMPRESSION
[  46.6000]  PACKET_GENERATE        pkt=616  flow=1  size=100B  pri=0
[  46.6000]  QUEUE_ENQUEUE          pkt=616  node=src1  queue=1/1000 (0%)  state=NORMAL
[  46.6010]  QUEUE_DEQUEUE          pkt=616  node=src1  wait=1.0ms  queue=0/1000  state=NORMAL
[  46.6010]  PACKET_TRANSMIT        pkt=616  link=src1→router  delay=1.0ms
[  46.6020]  PACKET_ARRIVAL         pkt=616  node=router  hop=1
[  46.6020]  QUEUE_ENQUEUE          pkt=616  node=router  queue=20/20 (100%)  state=INCREMENTAL_COMPRESSION
[  46.6020]  QUEUE_DEQUEUE          pkt=595  node=router  wait=1890.8ms  queue=19/20  state=INCREMENTAL_COMPRESSION
[  46.6020]  STATE_UPDATE           node=router  INCREMENTAL_COMPRESSION → DROP_LOW_PRIORITY
[  46.6020]  QUEUE_DROP(full)       pkt=595  node=router  pri=1  queue=19/20 FULL
[  46.7020]  QUEUE_DEQUEUE          pkt=596  node=router  wait=1900.0ms  queue=18/20  state=DROP_LOW_PRIORITY
[  46.7020]  STATE_UPDATE           node=router  DROP_LOW_PRIORITY → INCREMENTAL_COMPRESSION
[  46.7020]  QUEUE_DROP(full)       pkt=596  node=router  pri=0  queue=18/20 FULL
[  46.8000]  PACKET_GENERATE        pkt=617  flow=1  size=100B  pri=0
[  46.8000]  QUEUE_ENQUEUE          pkt=617  node=src1  queue=1/1000 (0%)  state=NORMAL
[  46.8010]  QUEUE_DEQUEUE          pkt=617  node=src1  wait=1.0ms  queue=0/1000  state=NORMAL
[  46.8010]  PACKET_TRANSMIT        pkt=617  link=src1→router  delay=1.0ms
[  46.8020]  PACKET_ARRIVAL         pkt=617  node=router  hop=1
[  46.8020]  QUEUE_ENQUEUE          pkt=617  node=router  queue=19/20 (95%)  state=INCREMENTAL_COMPRESSION
[  46.8020]  QUEUE_DEQUEUE          pkt=597  node=router  wait=1800.0ms  queue=18/20  state=INCREMENTAL_COMPRESSION
[  46.8020]  QUEUE_DROP(full)       pkt=597  node=router  pri=0  queue=18/20 FULL
[  46.9020]  QUEUE_DEQUEUE          pkt=598  node=router  wait=1700.0ms  queue=17/20  state=INCREMENTAL_COMPRESSION
[  46.9020]  QUEUE_DROP(full)       pkt=598  node=router  pri=0  queue=17/20 FULL
[  47.0000]  PACKET_GENERATE        pkt=618  flow=1  size=100B  pri=0
[  47.0000]  QUEUE_ENQUEUE          pkt=618  node=src1  queue=1/1000 (0%)  state=NORMAL
[  47.0010]  QUEUE_DEQUEUE          pkt=618  node=src1  wait=1.0ms  queue=0/1000  state=NORMAL
[  47.0010]  PACKET_TRANSMIT        pkt=618  link=src1→router  delay=1.0ms
[  47.0020]  PACKET_ARRIVAL         pkt=618  node=router  hop=1
[  47.0020]  QUEUE_ENQUEUE          pkt=618  node=router  queue=18/20 (90%)  state=INCREMENTAL_COMPRESSION
[  47.0020]  QUEUE_DEQUEUE          pkt=599  node=router  wait=1600.0ms  queue=17/20  state=INCREMENTAL_COMPRESSION
[  47.0020]  QUEUE_DROP(full)       pkt=599  node=router  pri=0  queue=17/20 FULL
[  47.0748]  PACKET_GENERATE        pkt=619  flow=0  size=1424B  pri=1
[  47.0748]  QUEUE_ENQUEUE          pkt=619  node=src0  queue=1/1000 (0%)  state=NORMAL
[  47.0758]  QUEUE_DEQUEUE          pkt=619  node=src0  wait=1.0ms  queue=0/1000  state=NORMAL
[  47.0758]  PACKET_TRANSMIT        pkt=619  link=src0→router  delay=1.0ms
[  47.0768]  PACKET_ARRIVAL         pkt=619  node=router  hop=1
[  47.0768]  QUEUE_ENQUEUE          pkt=619  node=router  queue=18/20 (90%)  state=INCREMENTAL_COMPRESSION
[  47.1020]  QUEUE_DEQUEUE          pkt=600  node=router  wait=1679.1ms  queue=17/20  state=INCREMENTAL_COMPRESSION
[  47.1020]  QUEUE_DROP(full)       pkt=600  node=router  pri=1  queue=17/20 FULL
[  47.1187]  PACKET_GENERATE        pkt=620  flow=0  size=1446B  pri=1
[  47.1187]  QUEUE_ENQUEUE          pkt=620  node=src0  queue=1/1000 (0%)  state=NORMAL
[  47.1197]  QUEUE_DEQUEUE          pkt=620  node=src0  wait=1.0ms  queue=0/1000  state=NORMAL
[  47.1197]  PACKET_TRANSMIT        pkt=620  link=src0→router  delay=1.0ms
[  47.1207]  PACKET_ARRIVAL         pkt=620  node=router  hop=1
[  47.1207]  QUEUE_ENQUEUE          pkt=620  node=router  queue=18/20 (90%)  state=INCREMENTAL_COMPRESSION
[  47.1435]  PACKET_GENERATE        pkt=621  flow=0  size=1401B  pri=1
[  47.1435]  QUEUE_ENQUEUE          pkt=621  node=src0  queue=1/1000 (0%)  state=NORMAL
[  47.1445]  QUEUE_DEQUEUE          pkt=621  node=src0  wait=1.0ms  queue=0/1000  state=NORMAL
[  47.1445]  PACKET_TRANSMIT        pkt=621  link=src0→router  delay=1.0ms
[  47.1455]  PACKET_ARRIVAL         pkt=621  node=router  hop=1
[  47.1455]  QUEUE_ENQUEUE          pkt=621  node=router  queue=19/20 (95%)  state=INCREMENTAL_COMPRESSION
[  47.2000]  PACKET_GENERATE        pkt=622  flow=1  size=100B  pri=0
[  47.2000]  QUEUE_ENQUEUE          pkt=622  node=src1  queue=1/1000 (0%)  state=NORMAL
[  47.2010]  QUEUE_DEQUEUE          pkt=622  node=src1  wait=1.0ms  queue=0/1000  state=NORMAL
[  47.2010]  PACKET_TRANSMIT        pkt=622  link=src1→router  delay=1.0ms
[  47.2020]  PACKET_ARRIVAL         pkt=622  node=router  hop=1
[  47.2020]  QUEUE_ENQUEUE          pkt=622  node=router  queue=20/20 (100%)  state=INCREMENTAL_COMPRESSION
[  47.2020]  QUEUE_DEQUEUE          pkt=601  node=router  wait=1728.9ms  queue=19/20  state=INCREMENTAL_COMPRESSION
[  47.2020]  STATE_UPDATE           node=router  INCREMENTAL_COMPRESSION → DROP_LOW_PRIORITY
[  47.2020]  QUEUE_DROP(full)       pkt=601  node=router  pri=1  queue=19/20 FULL
[  47.2973]  PACKET_GENERATE        pkt=623  flow=0  size=1416B  pri=1
[  47.2973]  QUEUE_ENQUEUE          pkt=623  node=src0  queue=1/1000 (0%)  state=NORMAL
[  47.2983]  QUEUE_DEQUEUE          pkt=623  node=src0  wait=1.0ms  queue=0/1000  state=NORMAL
[  47.2983]  PACKET_TRANSMIT        pkt=623  link=src0→router  delay=1.0ms
[  47.2993]  PACKET_ARRIVAL         pkt=623  node=router  hop=1
[  47.2993]  QUEUE_DROP(congestion) pkt=623  node=router  pri=1  state=DROP_LOW_PRIORITY
[  47.3020]  QUEUE_DEQUEUE          pkt=602  node=router  wait=1753.4ms  queue=18/20  state=DROP_LOW_PRIORITY
[  47.3020]  STATE_UPDATE           node=router  DROP_LOW_PRIORITY → INCREMENTAL_COMPRESSION
[  47.3020]  QUEUE_DROP(full)       pkt=602  node=router  pri=1  queue=18/20 FULL
[  47.3374]  PACKET_GENERATE        pkt=624  flow=0  size=1406B  pri=1
[  47.3374]  QUEUE_ENQUEUE          pkt=624  node=src0  queue=1/1000 (0%)  state=NORMAL
[  47.3384]  QUEUE_DEQUEUE          pkt=624  node=src0  wait=1.0ms  queue=0/1000  state=NORMAL
[  47.3384]  PACKET_TRANSMIT        pkt=624  link=src0→router  delay=1.0ms
[  47.3394]  PACKET_ARRIVAL         pkt=624  node=router  hop=1
[  47.3394]  QUEUE_ENQUEUE          pkt=624  node=router  queue=19/20 (95%)  state=INCREMENTAL_COMPRESSION
[  47.4000]  PACKET_GENERATE        pkt=625  flow=1  size=100B  pri=0
[  47.4000]  QUEUE_ENQUEUE          pkt=625  node=src1  queue=1/1000 (0%)  state=NORMAL
[  47.4010]  QUEUE_DEQUEUE          pkt=625  node=src1  wait=1.0ms  queue=0/1000  state=NORMAL
[  47.4010]  PACKET_TRANSMIT        pkt=625  link=src1→router  delay=1.0ms
[  47.4020]  PACKET_ARRIVAL         pkt=625  node=router  hop=1
[  47.4020]  QUEUE_ENQUEUE          pkt=625  node=router  queue=20/20 (100%)  state=INCREMENTAL_COMPRESSION
[  47.4020]  QUEUE_DEQUEUE          pkt=603  node=router  wait=1817.2ms  queue=19/20  state=INCREMENTAL_COMPRESSION
[  47.4020]  STATE_UPDATE           node=router  INCREMENTAL_COMPRESSION → DROP_LOW_PRIORITY
[  47.4020]  QUEUE_DROP(full)       pkt=603  node=router  pri=1  queue=19/20 FULL
[  47.4382]  PACKET_GENERATE        pkt=626  flow=0  size=1489B  pri=1
[  47.4382]  QUEUE_ENQUEUE          pkt=626  node=src0  queue=1/1000 (0%)  state=NORMAL
[  47.4392]  QUEUE_DEQUEUE          pkt=626  node=src0  wait=1.0ms  queue=0/1000  state=NORMAL
[  47.4392]  PACKET_TRANSMIT        pkt=626  link=src0→router  delay=1.0ms
[  47.4402]  PACKET_ARRIVAL         pkt=626  node=router  hop=1
[  47.4402]  QUEUE_DROP(congestion) pkt=626  node=router  pri=1  state=DROP_LOW_PRIORITY
[  47.5020]  QUEUE_DEQUEUE          pkt=604  node=router  wait=1900.0ms  queue=18/20  state=DROP_LOW_PRIORITY
[  47.5020]  STATE_UPDATE           node=router  DROP_LOW_PRIORITY → INCREMENTAL_COMPRESSION
[  47.5020]  QUEUE_DROP(full)       pkt=604  node=router  pri=0  queue=18/20 FULL
[  47.6000]  PACKET_GENERATE        pkt=627  flow=1  size=100B  pri=0
[  47.6000]  QUEUE_ENQUEUE          pkt=627  node=src1  queue=1/1000 (0%)  state=NORMAL
[  47.6010]  QUEUE_DEQUEUE          pkt=627  node=src1  wait=1.0ms  queue=0/1000  state=NORMAL
[  47.6010]  PACKET_TRANSMIT        pkt=627  link=src1→router  delay=1.0ms
[  47.6020]  PACKET_ARRIVAL         pkt=627  node=router  hop=1
[  47.6020]  QUEUE_ENQUEUE          pkt=627  node=router  queue=19/20 (95%)  state=INCREMENTAL_COMPRESSION
[  47.6020]  QUEUE_DEQUEUE          pkt=605  node=router  wait=1857.5ms  queue=18/20  state=INCREMENTAL_COMPRESSION
[  47.6020]  QUEUE_DROP(full)       pkt=605  node=router  pri=1  queue=18/20 FULL
[  47.7020]  QUEUE_DEQUEUE          pkt=606  node=router  wait=1941.6ms  queue=17/20  state=INCREMENTAL_COMPRESSION
[  47.7020]  QUEUE_DROP(full)       pkt=606  node=router  pri=1  queue=17/20 FULL
[  47.7987]  PACKET_GENERATE        pkt=628  flow=0  size=1481B  pri=1
[  47.7987]  QUEUE_ENQUEUE          pkt=628  node=src0  queue=1/1000 (0%)  state=NORMAL
[  47.7997]  QUEUE_DEQUEUE          pkt=628  node=src0  wait=1.0ms  queue=0/1000  state=NORMAL
[  47.7997]  PACKET_TRANSMIT        pkt=628  link=src0→router  delay=1.0ms
[  47.8000]  PACKET_GENERATE        pkt=629  flow=1  size=100B  pri=0
[  47.8000]  QUEUE_ENQUEUE          pkt=629  node=src1  queue=1/1000 (0%)  state=NORMAL
[  47.8007]  PACKET_ARRIVAL         pkt=628  node=router  hop=1
[  47.8007]  QUEUE_ENQUEUE          pkt=628  node=router  queue=18/20 (90%)  state=INCREMENTAL_COMPRESSION
[  47.8010]  QUEUE_DEQUEUE          pkt=629  node=src1  wait=1.0ms  queue=0/1000  state=NORMAL
[  47.8010]  PACKET_TRANSMIT        pkt=629  link=src1→router  delay=1.0ms
[  47.8020]  PACKET_ARRIVAL         pkt=629  node=router  hop=1
[  47.8020]  QUEUE_ENQUEUE          pkt=629  node=router  queue=19/20 (95%)  state=INCREMENTAL_COMPRESSION
[  47.8020]  QUEUE_DEQUEUE          pkt=608  node=router  wait=1800.0ms  queue=18/20  state=INCREMENTAL_COMPRESSION
[  47.8020]  QUEUE_DROP(full)       pkt=608  node=router  pri=0  queue=18/20 FULL
[  47.9020]  QUEUE_DEQUEUE          pkt=609  node=router  wait=1764.9ms  queue=17/20  state=INCREMENTAL_COMPRESSION
[  47.9020]  QUEUE_DROP(full)       pkt=609  node=router  pri=1  queue=17/20 FULL
[  48.0000]  PACKET_GENERATE        pkt=630  flow=1  size=100B  pri=0
[  48.0000]  QUEUE_ENQUEUE          pkt=630  node=src1  queue=1/1000 (0%)  state=NORMAL
[  48.0010]  QUEUE_DEQUEUE          pkt=630  node=src1  wait=1.0ms  queue=0/1000  state=NORMAL
[  48.0010]  PACKET_TRANSMIT        pkt=630  link=src1→router  delay=1.0ms
[  48.0020]  PACKET_ARRIVAL         pkt=630  node=router  hop=1
[  48.0020]  QUEUE_ENQUEUE          pkt=630  node=router  queue=18/20 (90%)  state=INCREMENTAL_COMPRESSION
[  48.0020]  QUEUE_DEQUEUE          pkt=610  node=router  wait=1839.3ms  queue=17/20  state=INCREMENTAL_COMPRESSION
[  48.0020]  QUEUE_DROP(full)       pkt=610  node=router  pri=1  queue=17/20 FULL
[  48.0522]  PACKET_GENERATE        pkt=631  flow=0  size=1462B  pri=1
[  48.0522]  QUEUE_ENQUEUE          pkt=631  node=src0  queue=1/1000 (0%)  state=NORMAL
[  48.0532]  QUEUE_DEQUEUE          pkt=631  node=src0  wait=1.0ms  queue=0/1000  state=NORMAL
[  48.0532]  PACKET_TRANSMIT        pkt=631  link=src0→router  delay=1.0ms
[  48.0542]  PACKET_ARRIVAL         pkt=631  node=router  hop=1
[  48.0542]  QUEUE_ENQUEUE          pkt=631  node=router  queue=18/20 (90%)  state=INCREMENTAL_COMPRESSION
[  48.0658]  PACKET_GENERATE        pkt=632  flow=0  size=1401B  pri=1
[  48.0658]  QUEUE_ENQUEUE          pkt=632  node=src0  queue=1/1000 (0%)  state=NORMAL
[  48.0668]  QUEUE_DEQUEUE          pkt=632  node=src0  wait=1.0ms  queue=0/1000  state=NORMAL
[  48.0668]  PACKET_TRANSMIT        pkt=632  link=src0→router  delay=1.0ms
[  48.0678]  PACKET_ARRIVAL         pkt=632  node=router  hop=1
[  48.0678]  QUEUE_ENQUEUE          pkt=632  node=router  queue=19/20 (95%)  state=INCREMENTAL_COMPRESSION
[  48.1020]  QUEUE_DEQUEUE          pkt=611  node=router  wait=1900.0ms  queue=18/20  state=INCREMENTAL_COMPRESSION
[  48.1020]  QUEUE_DROP(full)       pkt=611  node=router  pri=0  queue=18/20 FULL
[  48.1724]  PACKET_GENERATE        pkt=633  flow=0  size=1460B  pri=1
[  48.1724]  QUEUE_ENQUEUE          pkt=633  node=src0  queue=1/1000 (0%)  state=NORMAL
[  48.1734]  QUEUE_DEQUEUE          pkt=633  node=src0  wait=1.0ms  queue=0/1000  state=NORMAL
[  48.1734]  PACKET_TRANSMIT        pkt=633  link=src0→router  delay=1.0ms
[  48.1744]  PACKET_ARRIVAL         pkt=633  node=router  hop=1
[  48.1744]  QUEUE_ENQUEUE          pkt=633  node=router  queue=19/20 (95%)  state=INCREMENTAL_COMPRESSION
[  48.2000]  PACKET_GENERATE        pkt=634  flow=1  size=100B  pri=0
[  48.2000]  QUEUE_ENQUEUE          pkt=634  node=src1  queue=1/1000 (0%)  state=NORMAL
[  48.2010]  QUEUE_DEQUEUE          pkt=634  node=src1  wait=1.0ms  queue=0/1000  state=NORMAL
[  48.2010]  PACKET_TRANSMIT        pkt=634  link=src1→router  delay=1.0ms
[  48.2020]  PACKET_ARRIVAL         pkt=634  node=router  hop=1
[  48.2020]  QUEUE_ENQUEUE          pkt=634  node=router  queue=20/20 (100%)  state=INCREMENTAL_COMPRESSION
[  48.2020]  QUEUE_DEQUEUE          pkt=612  node=router  wait=1871.6ms  queue=19/20  state=INCREMENTAL_COMPRESSION
[  48.2020]  STATE_UPDATE           node=router  INCREMENTAL_COMPRESSION → DROP_LOW_PRIORITY
[  48.2020]  QUEUE_DROP(full)       pkt=612  node=router  pri=1  queue=19/20 FULL
[  48.2539]  PACKET_GENERATE        pkt=635  flow=0  size=1443B  pri=1
[  48.2539]  QUEUE_ENQUEUE          pkt=635  node=src0  queue=1/1000 (0%)  state=NORMAL
[  48.2549]  QUEUE_DEQUEUE          pkt=635  node=src0  wait=1.0ms  queue=0/1000  state=NORMAL
[  48.2549]  PACKET_TRANSMIT        pkt=635  link=src0→router  delay=1.0ms
[  48.2559]  PACKET_ARRIVAL         pkt=635  node=router  hop=1
[  48.2559]  QUEUE_DROP(congestion) pkt=635  node=router  pri=1  state=DROP_LOW_PRIORITY
[  48.2793]  PACKET_GENERATE        pkt=636  flow=0  size=1406B  pri=1
[  48.2793]  QUEUE_ENQUEUE          pkt=636  node=src0  queue=1/1000 (0%)  state=NORMAL
[  48.2803]  QUEUE_DEQUEUE          pkt=636  node=src0  wait=1.0ms  queue=0/1000  state=NORMAL
[  48.2803]  PACKET_TRANSMIT        pkt=636  link=src0→router  delay=1.0ms
[  48.2813]  PACKET_ARRIVAL         pkt=636  node=router  hop=1
[  48.2813]  QUEUE_DROP(congestion) pkt=636  node=router  pri=1  state=DROP_LOW_PRIORITY
[  48.3020]  QUEUE_DEQUEUE          pkt=613  node=router  wait=1900.0ms  queue=18/20  state=DROP_LOW_PRIORITY
[  48.3020]  STATE_UPDATE           node=router  DROP_LOW_PRIORITY → INCREMENTAL_COMPRESSION
[  48.3020]  QUEUE_DROP(full)       pkt=613  node=router  pri=0  queue=18/20 FULL
[  48.3157]  PACKET_GENERATE        pkt=637  flow=0  size=1461B  pri=1
[  48.3157]  QUEUE_ENQUEUE          pkt=637  node=src0  queue=1/1000 (0%)  state=NORMAL
[  48.3167]  QUEUE_DEQUEUE          pkt=637  node=src0  wait=1.0ms  queue=0/1000  state=NORMAL
[  48.3167]  PACKET_TRANSMIT        pkt=637  link=src0→router  delay=1.0ms
[  48.3177]  PACKET_ARRIVAL         pkt=637  node=router  hop=1
[  48.3177]  QUEUE_ENQUEUE          pkt=637  node=router  queue=19/20 (95%)  state=INCREMENTAL_COMPRESSION
[  48.3309]  PACKET_GENERATE        pkt=638  flow=0  size=1408B  pri=1
[  48.3309]  QUEUE_ENQUEUE          pkt=638  node=src0  queue=1/1000 (0%)  state=NORMAL
[  48.3319]  QUEUE_DEQUEUE          pkt=638  node=src0  wait=1.0ms  queue=0/1000  state=NORMAL
[  48.3319]  PACKET_TRANSMIT        pkt=638  link=src0→router  delay=1.0ms
[  48.3329]  PACKET_ARRIVAL         pkt=638  node=router  hop=1
[  48.3329]  QUEUE_ENQUEUE          pkt=638  node=router  queue=20/20 (100%)  state=INCREMENTAL_COMPRESSION
[  48.3949]  PACKET_GENERATE        pkt=639  flow=0  size=1409B  pri=1
[  48.3949]  QUEUE_ENQUEUE          pkt=639  node=src0  queue=1/1000 (0%)  state=NORMAL
[  48.3959]  QUEUE_DEQUEUE          pkt=639  node=src0  wait=1.0ms  queue=0/1000  state=NORMAL
[  48.3959]  PACKET_TRANSMIT        pkt=639  link=src0→router  delay=1.0ms
[  48.3969]  PACKET_ARRIVAL         pkt=639  node=router  hop=1
[  48.3969]  QUEUE_DROP(full)       pkt=639  node=router  pri=1  queue=20/20 FULL
[  48.4000]  PACKET_GENERATE        pkt=640  flow=1  size=100B  pri=0
[  48.4000]  QUEUE_ENQUEUE          pkt=640  node=src1  queue=1/1000 (0%)  state=NORMAL
[  48.4010]  QUEUE_DEQUEUE          pkt=640  node=src1  wait=1.0ms  queue=0/1000  state=NORMAL
[  48.4010]  PACKET_TRANSMIT        pkt=640  link=src1→router  delay=1.0ms
[  48.4020]  PACKET_ARRIVAL         pkt=640  node=router  hop=1
[  48.4020]  QUEUE_DROP(full)       pkt=640  node=router  pri=0  queue=20/20 FULL
[  48.4020]  QUEUE_DEQUEUE          pkt=615  node=router  wait=1817.4ms  queue=19/20  state=INCREMENTAL_COMPRESSION
[  48.4020]  STATE_UPDATE           node=router  INCREMENTAL_COMPRESSION → DROP_LOW_PRIORITY
[  48.4020]  QUEUE_DROP(full)       pkt=615  node=router  pri=1  queue=19/20 FULL
[  48.5020]  QUEUE_DEQUEUE          pkt=616  node=router  wait=1900.0ms  queue=18/20  state=DROP_LOW_PRIORITY
[  48.5020]  STATE_UPDATE           node=router  DROP_LOW_PRIORITY → INCREMENTAL_COMPRESSION
[  48.5020]  QUEUE_DROP(full)       pkt=616  node=router  pri=0  queue=18/20 FULL
[  48.5024]  PACKET_GENERATE        pkt=641  flow=0  size=1487B  pri=1
[  48.5024]  QUEUE_ENQUEUE          pkt=641  node=src0  queue=1/1000 (0%)  state=NORMAL
[  48.5034]  QUEUE_DEQUEUE          pkt=641  node=src0  wait=1.0ms  queue=0/1000  state=NORMAL
[  48.5034]  PACKET_TRANSMIT        pkt=641  link=src0→router  delay=1.0ms
[  48.5044]  PACKET_ARRIVAL         pkt=641  node=router  hop=1
[  48.5044]  QUEUE_ENQUEUE          pkt=641  node=router  queue=19/20 (95%)  state=INCREMENTAL_COMPRESSION
[  48.5093]  PACKET_GENERATE        pkt=642  flow=0  size=1419B  pri=1
[  48.5093]  QUEUE_ENQUEUE          pkt=642  node=src0  queue=1/1000 (0%)  state=NORMAL
[  48.5103]  QUEUE_DEQUEUE          pkt=642  node=src0  wait=1.0ms  queue=0/1000  state=NORMAL
[  48.5103]  PACKET_TRANSMIT        pkt=642  link=src0→router  delay=1.0ms
[  48.5113]  PACKET_ARRIVAL         pkt=642  node=router  hop=1
[  48.5113]  QUEUE_ENQUEUE          pkt=642  node=router  queue=20/20 (100%)  state=INCREMENTAL_COMPRESSION
[  48.6000]  PACKET_GENERATE        pkt=643  flow=1  size=100B  pri=0
[  48.6000]  QUEUE_ENQUEUE          pkt=643  node=src1  queue=1/1000 (0%)  state=NORMAL
[  48.6010]  QUEUE_DEQUEUE          pkt=643  node=src1  wait=1.0ms  queue=0/1000  state=NORMAL
[  48.6010]  PACKET_TRANSMIT        pkt=643  link=src1→router  delay=1.0ms
[  48.6020]  PACKET_ARRIVAL         pkt=643  node=router  hop=1
[  48.6020]  QUEUE_DROP(full)       pkt=643  node=router  pri=0  queue=20/20 FULL
[  48.6020]  QUEUE_DEQUEUE          pkt=617  node=router  wait=1800.0ms  queue=19/20  state=INCREMENTAL_COMPRESSION
[  48.6020]  STATE_UPDATE           node=router  INCREMENTAL_COMPRESSION → DROP_LOW_PRIORITY
[  48.6020]  QUEUE_DROP(full)       pkt=617  node=router  pri=0  queue=19/20 FULL
[  48.7020]  QUEUE_DEQUEUE          pkt=618  node=router  wait=1700.0ms  queue=18/20  state=DROP_LOW_PRIORITY
[  48.7020]  STATE_UPDATE           node=router  DROP_LOW_PRIORITY → INCREMENTAL_COMPRESSION
[  48.7020]  QUEUE_DROP(full)       pkt=618  node=router  pri=0  queue=18/20 FULL
[  48.7176]  PACKET_GENERATE        pkt=644  flow=0  size=1438B  pri=1
[  48.7176]  QUEUE_ENQUEUE          pkt=644  node=src0  queue=1/1000 (0%)  state=NORMAL
[  48.7186]  QUEUE_DEQUEUE          pkt=644  node=src0  wait=1.0ms  queue=0/1000  state=NORMAL
[  48.7186]  PACKET_TRANSMIT        pkt=644  link=src0→router  delay=1.0ms
[  48.7196]  PACKET_ARRIVAL         pkt=644  node=router  hop=1
[  48.7196]  QUEUE_ENQUEUE          pkt=644  node=router  queue=19/20 (95%)  state=INCREMENTAL_COMPRESSION
[  48.7288]  PACKET_GENERATE        pkt=645  flow=0  size=1431B  pri=1
[  48.7288]  QUEUE_ENQUEUE          pkt=645  node=src0  queue=1/1000 (0%)  state=NORMAL
[  48.7298]  QUEUE_DEQUEUE          pkt=645  node=src0  wait=1.0ms  queue=0/1000  state=NORMAL
[  48.7298]  PACKET_TRANSMIT        pkt=645  link=src0→router  delay=1.0ms
[  48.7308]  PACKET_ARRIVAL         pkt=645  node=router  hop=1
[  48.7308]  QUEUE_ENQUEUE          pkt=645  node=router  queue=20/20 (100%)  state=INCREMENTAL_COMPRESSION
[  48.7445]  PACKET_GENERATE        pkt=646  flow=0  size=1497B  pri=1
[  48.7445]  QUEUE_ENQUEUE          pkt=646  node=src0  queue=1/1000 (0%)  state=NORMAL
[  48.7455]  QUEUE_DEQUEUE          pkt=646  node=src0  wait=1.0ms  queue=0/1000  state=NORMAL
[  48.7455]  PACKET_TRANSMIT        pkt=646  link=src0→router  delay=1.0ms
[  48.7465]  PACKET_ARRIVAL         pkt=646  node=router  hop=1
[  48.7465]  QUEUE_DROP(full)       pkt=646  node=router  pri=1  queue=20/20 FULL
[  48.8000]  PACKET_GENERATE        pkt=647  flow=1  size=100B  pri=0
[  48.8000]  QUEUE_ENQUEUE          pkt=647  node=src1  queue=1/1000 (0%)  state=NORMAL
[  48.8010]  QUEUE_DEQUEUE          pkt=647  node=src1  wait=1.0ms  queue=0/1000  state=NORMAL
[  48.8010]  PACKET_TRANSMIT        pkt=647  link=src1→router  delay=1.0ms
[  48.8020]  PACKET_ARRIVAL         pkt=647  node=router  hop=1
[  48.8020]  QUEUE_DROP(full)       pkt=647  node=router  pri=0  queue=20/20 FULL
[  48.8020]  QUEUE_DEQUEUE          pkt=619  node=router  wait=1725.2ms  queue=19/20  state=INCREMENTAL_COMPRESSION
[  48.8020]  STATE_UPDATE           node=router  INCREMENTAL_COMPRESSION → DROP_LOW_PRIORITY
[  48.8020]  QUEUE_DROP(full)       pkt=619  node=router  pri=1  queue=19/20 FULL
[  48.8118]  PACKET_GENERATE        pkt=648  flow=0  size=1476B  pri=1
[  48.8118]  QUEUE_ENQUEUE          pkt=648  node=src0  queue=1/1000 (0%)  state=NORMAL
[  48.8128]  QUEUE_DEQUEUE          pkt=648  node=src0  wait=1.0ms  queue=0/1000  state=NORMAL
[  48.8128]  PACKET_TRANSMIT        pkt=648  link=src0→router  delay=1.0ms
[  48.8138]  PACKET_ARRIVAL         pkt=648  node=router  hop=1
[  48.8138]  QUEUE_DROP(congestion) pkt=648  node=router  pri=1  state=DROP_LOW_PRIORITY
[  48.9020]  QUEUE_DEQUEUE          pkt=620  node=router  wait=1781.3ms  queue=18/20  state=DROP_LOW_PRIORITY
[  48.9020]  STATE_UPDATE           node=router  DROP_LOW_PRIORITY → INCREMENTAL_COMPRESSION
[  48.9020]  QUEUE_DROP(full)       pkt=620  node=router  pri=1  queue=18/20 FULL
[  49.0000]  PACKET_GENERATE        pkt=649  flow=1  size=100B  pri=0
[  49.0000]  QUEUE_ENQUEUE          pkt=649  node=src1  queue=1/1000 (0%)  state=NORMAL
[  49.0010]  QUEUE_DEQUEUE          pkt=649  node=src1  wait=1.0ms  queue=0/1000  state=NORMAL
[  49.0010]  PACKET_TRANSMIT        pkt=649  link=src1→router  delay=1.0ms
[  49.0020]  PACKET_ARRIVAL         pkt=649  node=router  hop=1
[  49.0020]  QUEUE_ENQUEUE          pkt=649  node=router  queue=19/20 (95%)  state=INCREMENTAL_COMPRESSION
[  49.0020]  QUEUE_DEQUEUE          pkt=621  node=router  wait=1856.5ms  queue=18/20  state=INCREMENTAL_COMPRESSION
[  49.0020]  QUEUE_DROP(full)       pkt=621  node=router  pri=1  queue=18/20 FULL
[  49.0073]  PACKET_GENERATE        pkt=650  flow=0  size=1428B  pri=1
[  49.0073]  QUEUE_ENQUEUE          pkt=650  node=src0  queue=1/1000 (0%)  state=NORMAL
[  49.0083]  QUEUE_DEQUEUE          pkt=650  node=src0  wait=1.0ms  queue=0/1000  state=NORMAL
[  49.0083]  PACKET_TRANSMIT        pkt=650  link=src0→router  delay=1.0ms
[  49.0093]  PACKET_ARRIVAL         pkt=650  node=router  hop=1
[  49.0093]  QUEUE_ENQUEUE          pkt=650  node=router  queue=19/20 (95%)  state=INCREMENTAL_COMPRESSION
[  49.1020]  QUEUE_DEQUEUE          pkt=622  node=router  wait=1900.0ms  queue=18/20  state=INCREMENTAL_COMPRESSION
[  49.1020]  QUEUE_DROP(full)       pkt=622  node=router  pri=0  queue=18/20 FULL
[  49.1942]  PACKET_GENERATE        pkt=651  flow=0  size=1448B  pri=1
[  49.1942]  QUEUE_ENQUEUE          pkt=651  node=src0  queue=1/1000 (0%)  state=NORMAL
[  49.1952]  QUEUE_DEQUEUE          pkt=651  node=src0  wait=1.0ms  queue=0/1000  state=NORMAL
[  49.1952]  PACKET_TRANSMIT        pkt=651  link=src0→router  delay=1.0ms
[  49.1962]  PACKET_ARRIVAL         pkt=651  node=router  hop=1
[  49.1962]  QUEUE_ENQUEUE          pkt=651  node=router  queue=19/20 (95%)  state=INCREMENTAL_COMPRESSION
[  49.2000]  PACKET_GENERATE        pkt=652  flow=1  size=100B  pri=0
[  49.2000]  QUEUE_ENQUEUE          pkt=652  node=src1  queue=1/1000 (0%)  state=NORMAL
[  49.2010]  QUEUE_DEQUEUE          pkt=652  node=src1  wait=1.0ms  queue=0/1000  state=NORMAL
[  49.2010]  PACKET_TRANSMIT        pkt=652  link=src1→router  delay=1.0ms
[  49.2020]  PACKET_ARRIVAL         pkt=652  node=router  hop=1
[  49.2020]  QUEUE_ENQUEUE          pkt=652  node=router  queue=20/20 (100%)  state=INCREMENTAL_COMPRESSION
[  49.2020]  QUEUE_DEQUEUE          pkt=624  node=router  wait=1862.6ms  queue=19/20  state=INCREMENTAL_COMPRESSION
[  49.2020]  STATE_UPDATE           node=router  INCREMENTAL_COMPRESSION → DROP_LOW_PRIORITY
[  49.2020]  QUEUE_DROP(full)       pkt=624  node=router  pri=1  queue=19/20 FULL
[  49.2690]  PACKET_GENERATE        pkt=653  flow=0  size=1456B  pri=1
[  49.2690]  QUEUE_ENQUEUE          pkt=653  node=src0  queue=1/1000 (0%)  state=NORMAL
[  49.2700]  QUEUE_DEQUEUE          pkt=653  node=src0  wait=1.0ms  queue=0/1000  state=NORMAL
[  49.2700]  PACKET_TRANSMIT        pkt=653  link=src0→router  delay=1.0ms
[  49.2710]  PACKET_ARRIVAL         pkt=653  node=router  hop=1
[  49.2710]  QUEUE_DROP(congestion) pkt=653  node=router  pri=1  state=DROP_LOW_PRIORITY
[  49.3020]  QUEUE_DEQUEUE          pkt=625  node=router  wait=1900.0ms  queue=18/20  state=DROP_LOW_PRIORITY
[  49.3020]  STATE_UPDATE           node=router  DROP_LOW_PRIORITY → INCREMENTAL_COMPRESSION
[  49.3020]  QUEUE_DROP(full)       pkt=625  node=router  pri=0  queue=18/20 FULL
[  49.3131]  PACKET_GENERATE        pkt=654  flow=0  size=1475B  pri=1
[  49.3131]  QUEUE_ENQUEUE          pkt=654  node=src0  queue=1/1000 (0%)  state=NORMAL
[  49.3141]  QUEUE_DEQUEUE          pkt=654  node=src0  wait=1.0ms  queue=0/1000  state=NORMAL
[  49.3141]  PACKET_TRANSMIT        pkt=654  link=src0→router  delay=1.0ms
[  49.3151]  PACKET_ARRIVAL         pkt=654  node=router  hop=1
[  49.3151]  QUEUE_ENQUEUE          pkt=654  node=router  queue=19/20 (95%)  state=INCREMENTAL_COMPRESSION
[  49.4000]  PACKET_GENERATE        pkt=655  flow=1  size=100B  pri=0
[  49.4000]  QUEUE_ENQUEUE          pkt=655  node=src1  queue=1/1000 (0%)  state=NORMAL
[  49.4010]  QUEUE_DEQUEUE          pkt=655  node=src1  wait=1.0ms  queue=0/1000  state=NORMAL
[  49.4010]  PACKET_TRANSMIT        pkt=655  link=src1→router  delay=1.0ms
[  49.4020]  PACKET_ARRIVAL         pkt=655  node=router  hop=1
[  49.4020]  QUEUE_ENQUEUE          pkt=655  node=router  queue=20/20 (100%)  state=INCREMENTAL_COMPRESSION
[  49.4020]  QUEUE_DEQUEUE          pkt=627  node=router  wait=1800.0ms  queue=19/20  state=INCREMENTAL_COMPRESSION
[  49.4020]  STATE_UPDATE           node=router  INCREMENTAL_COMPRESSION → DROP_LOW_PRIORITY
[  49.4020]  QUEUE_DROP(full)       pkt=627  node=router  pri=0  queue=19/20 FULL
[  49.5020]  QUEUE_DEQUEUE          pkt=628  node=router  wait=1701.3ms  queue=18/20  state=DROP_LOW_PRIORITY
[  49.5020]  STATE_UPDATE           node=router  DROP_LOW_PRIORITY → INCREMENTAL_COMPRESSION
[  49.5020]  QUEUE_DROP(full)       pkt=628  node=router  pri=1  queue=18/20 FULL
[  49.6000]  PACKET_GENERATE        pkt=656  flow=1  size=100B  pri=0
[  49.6000]  QUEUE_ENQUEUE          pkt=656  node=src1  queue=1/1000 (0%)  state=NORMAL
[  49.6010]  QUEUE_DEQUEUE          pkt=656  node=src1  wait=1.0ms  queue=0/1000  state=NORMAL
[  49.6010]  PACKET_TRANSMIT        pkt=656  link=src1→router  delay=1.0ms
[  49.6020]  PACKET_ARRIVAL         pkt=656  node=router  hop=1
[  49.6020]  QUEUE_ENQUEUE          pkt=656  node=router  queue=19/20 (95%)  state=INCREMENTAL_COMPRESSION
[  49.6020]  QUEUE_DEQUEUE          pkt=629  node=router  wait=1800.0ms  queue=18/20  state=INCREMENTAL_COMPRESSION
[  49.6020]  QUEUE_DROP(full)       pkt=629  node=router  pri=0  queue=18/20 FULL
[  49.7020]  QUEUE_DEQUEUE          pkt=630  node=router  wait=1700.0ms  queue=17/20  state=INCREMENTAL_COMPRESSION
[  49.7020]  QUEUE_DROP(full)       pkt=630  node=router  pri=0  queue=17/20 FULL
[  49.8000]  PACKET_GENERATE        pkt=657  flow=1  size=100B  pri=0
[  49.8000]  QUEUE_ENQUEUE          pkt=657  node=src1  queue=1/1000 (0%)  state=NORMAL
[  49.8010]  QUEUE_DEQUEUE          pkt=657  node=src1  wait=1.0ms  queue=0/1000  state=NORMAL
[  49.8010]  PACKET_TRANSMIT        pkt=657  link=src1→router  delay=1.0ms
[  49.8020]  PACKET_ARRIVAL         pkt=657  node=router  hop=1
[  49.8020]  QUEUE_ENQUEUE          pkt=657  node=router  queue=18/20 (90%)  state=INCREMENTAL_COMPRESSION
[  49.8020]  QUEUE_DEQUEUE          pkt=631  node=router  wait=1747.8ms  queue=17/20  state=INCREMENTAL_COMPRESSION
[  49.8020]  QUEUE_DROP(full)       pkt=631  node=router  pri=1  queue=17/20 FULL
[  49.8892]  PACKET_GENERATE        pkt=658  flow=0  size=1439B  pri=1
[  49.8892]  QUEUE_ENQUEUE          pkt=658  node=src0  queue=1/1000 (0%)  state=NORMAL
[  49.8902]  QUEUE_DEQUEUE          pkt=658  node=src0  wait=1.0ms  queue=0/1000  state=NORMAL
[  49.8902]  PACKET_TRANSMIT        pkt=658  link=src0→router  delay=1.0ms
[  49.8912]  PACKET_ARRIVAL         pkt=658  node=router  hop=1
[  49.8912]  QUEUE_ENQUEUE          pkt=658  node=router  queue=18/20 (90%)  state=INCREMENTAL_COMPRESSION
[  49.9020]  QUEUE_DEQUEUE          pkt=632  node=router  wait=1834.2ms  queue=17/20  state=INCREMENTAL_COMPRESSION
[  49.9020]  QUEUE_DROP(full)       pkt=632  node=router  pri=1  queue=17/20 FULL
[  49.9943]  PACKET_GENERATE        pkt=659  flow=0  size=1407B  pri=1
[  49.9943]  QUEUE_ENQUEUE          pkt=659  node=src0  queue=1/1000 (0%)  state=NORMAL
[  49.9953]  QUEUE_DEQUEUE          pkt=659  node=src0  wait=1.0ms  queue=0/1000  state=NORMAL
[  49.9953]  PACKET_TRANSMIT        pkt=659  link=src0→router  delay=1.0ms
[  49.9963]  PACKET_ARRIVAL         pkt=659  node=router  hop=1
[  49.9963]  QUEUE_ENQUEUE          pkt=659  node=router  queue=18/20 (90%)  state=INCREMENTAL_COMPRESSION
[  50.0000]  METRIC_SAMPLE          tput= 0.00 pkt/s  PDR=0.605  lat=1736.85ms  q_occ=0.225  drops= 243  state=INCREMENTAL_COMPRESSION
[  50.0000]  PACKET_GENERATE        pkt=660  flow=1  size=100B  pri=0
[  50.0000]  QUEUE_ENQUEUE          pkt=660  node=src1  queue=1/1000 (0%)  state=NORMAL
[  50.0010]  QUEUE_DEQUEUE          pkt=660  node=src1  wait=1.0ms  queue=0/1000  state=NORMAL
[  50.0010]  PACKET_TRANSMIT        pkt=660  link=src1→router  delay=1.0ms
[  50.0020]  PACKET_ARRIVAL         pkt=660  node=router  hop=1
[  50.0020]  QUEUE_ENQUEUE          pkt=660  node=router  queue=19/20 (95%)  state=INCREMENTAL_COMPRESSION
[  50.0020]  QUEUE_DEQUEUE          pkt=633  node=router  wait=1827.6ms  queue=18/20  state=INCREMENTAL_COMPRESSION
[  50.0020]  QUEUE_DROP(full)       pkt=633  node=router  pri=1  queue=18/20 FULL
[  50.1020]  QUEUE_DEQUEUE          pkt=634  node=router  wait=1900.0ms  queue=17/20  state=INCREMENTAL_COMPRESSION
[  50.1020]  QUEUE_DROP(full)       pkt=634  node=router  pri=0  queue=17/20 FULL
[  50.1118]  PACKET_GENERATE        pkt=661  flow=0  size=1494B  pri=1
[  50.1118]  QUEUE_ENQUEUE          pkt=661  node=src0  queue=1/1000 (0%)  state=NORMAL
[  50.1128]  QUEUE_DEQUEUE          pkt=661  node=src0  wait=1.0ms  queue=0/1000  state=NORMAL
[  50.1128]  PACKET_TRANSMIT        pkt=661  link=src0→router  delay=1.0ms
[  50.1138]  PACKET_ARRIVAL         pkt=661  node=router  hop=1
[  50.1138]  QUEUE_ENQUEUE          pkt=661  node=router  queue=18/20 (90%)  state=INCREMENTAL_COMPRESSION
[  50.1249]  PACKET_GENERATE        pkt=662  flow=0  size=1497B  pri=1
[  50.1249]  QUEUE_ENQUEUE          pkt=662  node=src0  queue=1/1000 (0%)  state=NORMAL
[  50.1259]  QUEUE_DEQUEUE          pkt=662  node=src0  wait=1.0ms  queue=0/1000  state=NORMAL
[  50.1259]  PACKET_TRANSMIT        pkt=662  link=src0→router  delay=1.0ms
[  50.1269]  PACKET_ARRIVAL         pkt=662  node=router  hop=1
[  50.1269]  QUEUE_ENQUEUE          pkt=662  node=router  queue=19/20 (95%)  state=INCREMENTAL_COMPRESSION
[  50.1540]  PACKET_GENERATE        pkt=663  flow=0  size=1427B  pri=1
[  50.1540]  QUEUE_ENQUEUE          pkt=663  node=src0  queue=1/1000 (0%)  state=NORMAL
[  50.1550]  QUEUE_DEQUEUE          pkt=663  node=src0  wait=1.0ms  queue=0/1000  state=NORMAL
[  50.1550]  PACKET_TRANSMIT        pkt=663  link=src0→router  delay=1.0ms
[  50.1560]  PACKET_ARRIVAL         pkt=663  node=router  hop=1
[  50.1560]  QUEUE_ENQUEUE          pkt=663  node=router  queue=20/20 (100%)  state=INCREMENTAL_COMPRESSION
[  50.1925]  PACKET_GENERATE        pkt=664  flow=0  size=1410B  pri=1
[  50.1925]  QUEUE_ENQUEUE          pkt=664  node=src0  queue=1/1000 (0%)  state=NORMAL
[  50.1935]  QUEUE_DEQUEUE          pkt=664  node=src0  wait=1.0ms  queue=0/1000  state=NORMAL
[  50.1935]  PACKET_TRANSMIT        pkt=664  link=src0→router  delay=1.0ms
[  50.1945]  PACKET_ARRIVAL         pkt=664  node=router  hop=1
[  50.1945]  QUEUE_DROP(full)       pkt=664  node=router  pri=1  queue=20/20 FULL
[  50.2000]  PACKET_GENERATE        pkt=665  flow=1  size=100B  pri=0
[  50.2000]  QUEUE_ENQUEUE          pkt=665  node=src1  queue=1/1000 (0%)  state=NORMAL
[  50.2010]  QUEUE_DEQUEUE          pkt=665  node=src1  wait=1.0ms  queue=0/1000  state=NORMAL
[  50.2010]  PACKET_TRANSMIT        pkt=665  link=src1→router  delay=1.0ms
[  50.2020]  PACKET_ARRIVAL         pkt=665  node=router  hop=1
[  50.2020]  QUEUE_DROP(full)       pkt=665  node=router  pri=0  queue=20/20 FULL
[  50.2020]  QUEUE_DEQUEUE          pkt=637  node=router  wait=1884.3ms  queue=19/20  state=INCREMENTAL_COMPRESSION
[  50.2020]  STATE_UPDATE           node=router  INCREMENTAL_COMPRESSION → DROP_LOW_PRIORITY
[  50.2020]  QUEUE_DROP(full)       pkt=637  node=router  pri=1  queue=19/20 FULL
[  50.2138]  PACKET_GENERATE        pkt=666  flow=0  size=1422B  pri=1
[  50.2138]  QUEUE_ENQUEUE          pkt=666  node=src0  queue=1/1000 (0%)  state=NORMAL
[  50.2148]  QUEUE_DEQUEUE          pkt=666  node=src0  wait=1.0ms  queue=0/1000  state=NORMAL
[  50.2148]  PACKET_TRANSMIT        pkt=666  link=src0→router  delay=1.0ms
[  50.2158]  PACKET_ARRIVAL         pkt=666  node=router  hop=1
[  50.2158]  QUEUE_DROP(congestion) pkt=666  node=router  pri=1  state=DROP_LOW_PRIORITY
[  50.3020]  QUEUE_DEQUEUE          pkt=638  node=router  wait=1969.1ms  queue=18/20  state=DROP_LOW_PRIORITY
[  50.3020]  STATE_UPDATE           node=router  DROP_LOW_PRIORITY → INCREMENTAL_COMPRESSION
[  50.3020]  QUEUE_DROP(full)       pkt=638  node=router  pri=1  queue=18/20 FULL
[  50.3142]  PACKET_GENERATE        pkt=667  flow=0  size=1420B  pri=1
[  50.3142]  QUEUE_ENQUEUE          pkt=667  node=src0  queue=1/1000 (0%)  state=NORMAL
[  50.3145]  PACKET_GENERATE        pkt=668  flow=0  size=1457B  pri=1
[  50.3145]  QUEUE_ENQUEUE          pkt=668  node=src0  queue=2/1000 (0%)  state=NORMAL
[  50.3152]  QUEUE_DEQUEUE          pkt=667  node=src0  wait=1.0ms  queue=1/1000  state=NORMAL
[  50.3152]  PACKET_TRANSMIT        pkt=667  link=src0→router  delay=1.0ms
[  50.3162]  QUEUE_DEQUEUE          pkt=668  node=src0  wait=1.7ms  queue=0/1000  state=NORMAL
[  50.3162]  PACKET_ARRIVAL         pkt=667  node=router  hop=1
[  50.3162]  PACKET_TRANSMIT        pkt=668  link=src0→router  delay=1.0ms
[  50.3162]  QUEUE_ENQUEUE          pkt=667  node=router  queue=19/20 (95%)  state=INCREMENTAL_COMPRESSION
[  50.3172]  PACKET_ARRIVAL         pkt=668  node=router  hop=1
[  50.3172]  QUEUE_ENQUEUE          pkt=668  node=router  queue=20/20 (100%)  state=INCREMENTAL_COMPRESSION
[  50.4000]  PACKET_GENERATE        pkt=669  flow=1  size=100B  pri=0
[  50.4000]  QUEUE_ENQUEUE          pkt=669  node=src1  queue=1/1000 (0%)  state=NORMAL
[  50.4010]  QUEUE_DEQUEUE          pkt=669  node=src1  wait=1.0ms  queue=0/1000  state=NORMAL
[  50.4010]  PACKET_TRANSMIT        pkt=669  link=src1→router  delay=1.0ms
[  50.4020]  PACKET_ARRIVAL         pkt=669  node=router  hop=1
[  50.4020]  QUEUE_DROP(full)       pkt=669  node=router  pri=0  queue=20/20 FULL
[  50.4020]  QUEUE_DEQUEUE          pkt=641  node=router  wait=1897.6ms  queue=19/20  state=INCREMENTAL_COMPRESSION
[  50.4020]  STATE_UPDATE           node=router  INCREMENTAL_COMPRESSION → DROP_LOW_PRIORITY
[  50.4020]  QUEUE_DROP(full)       pkt=641  node=router  pri=1  queue=19/20 FULL
[  50.4607]  PACKET_GENERATE        pkt=670  flow=0  size=1460B  pri=1
[  50.4607]  QUEUE_ENQUEUE          pkt=670  node=src0  queue=1/1000 (0%)  state=NORMAL
[  50.4617]  QUEUE_DEQUEUE          pkt=670  node=src0  wait=1.0ms  queue=0/1000  state=NORMAL
[  50.4617]  PACKET_TRANSMIT        pkt=670  link=src0→router  delay=1.0ms
[  50.4627]  PACKET_ARRIVAL         pkt=670  node=router  hop=1
[  50.4627]  QUEUE_DROP(congestion) pkt=670  node=router  pri=1  state=DROP_LOW_PRIORITY
[  50.5020]  QUEUE_DEQUEUE          pkt=642  node=router  wait=1990.7ms  queue=18/20  state=DROP_LOW_PRIORITY
[  50.5020]  STATE_UPDATE           node=router  DROP_LOW_PRIORITY → INCREMENTAL_COMPRESSION
[  50.5020]  QUEUE_DROP(full)       pkt=642  node=router  pri=1  queue=18/20 FULL
[  50.5037]  PACKET_GENERATE        pkt=671  flow=0  size=1429B  pri=1
[  50.5037]  QUEUE_ENQUEUE          pkt=671  node=src0  queue=1/1000 (0%)  state=NORMAL
[  50.5047]  QUEUE_DEQUEUE          pkt=671  node=src0  wait=1.0ms  queue=0/1000  state=NORMAL
[  50.5047]  PACKET_TRANSMIT        pkt=671  link=src0→router  delay=1.0ms
[  50.5057]  PACKET_ARRIVAL         pkt=671  node=router  hop=1
[  50.5057]  QUEUE_ENQUEUE          pkt=671  node=router  queue=19/20 (95%)  state=INCREMENTAL_COMPRESSION
[  50.5462]  PACKET_GENERATE        pkt=672  flow=0  size=1436B  pri=1
[  50.5462]  QUEUE_ENQUEUE          pkt=672  node=src0  queue=1/1000 (0%)  state=NORMAL
[  50.5472]  QUEUE_DEQUEUE          pkt=672  node=src0  wait=1.0ms  queue=0/1000  state=NORMAL
[  50.5472]  PACKET_TRANSMIT        pkt=672  link=src0→router  delay=1.0ms
[  50.5482]  PACKET_ARRIVAL         pkt=672  node=router  hop=1
[  50.5482]  QUEUE_ENQUEUE          pkt=672  node=router  queue=20/20 (100%)  state=INCREMENTAL_COMPRESSION
[  50.6000]  PACKET_GENERATE        pkt=673  flow=1  size=100B  pri=0
[  50.6000]  QUEUE_ENQUEUE          pkt=673  node=src1  queue=1/1000 (0%)  state=NORMAL
[  50.6010]  QUEUE_DEQUEUE          pkt=673  node=src1  wait=1.0ms  queue=0/1000  state=NORMAL
[  50.6010]  PACKET_TRANSMIT        pkt=673  link=src1→router  delay=1.0ms
[  50.6020]  PACKET_ARRIVAL         pkt=673  node=router  hop=1
[  50.6020]  QUEUE_DROP(full)       pkt=673  node=router  pri=0  queue=20/20 FULL
[  50.6020]  QUEUE_DEQUEUE          pkt=644  node=router  wait=1882.4ms  queue=19/20  state=INCREMENTAL_COMPRESSION
[  50.6020]  STATE_UPDATE           node=router  INCREMENTAL_COMPRESSION → DROP_LOW_PRIORITY
[  50.6020]  QUEUE_DROP(full)       pkt=644  node=router  pri=1  queue=19/20 FULL
[  50.6979]  PACKET_GENERATE        pkt=674  flow=0  size=1458B  pri=1
[  50.6979]  QUEUE_ENQUEUE          pkt=674  node=src0  queue=1/1000 (0%)  state=NORMAL
[  50.6989]  QUEUE_DEQUEUE          pkt=674  node=src0  wait=1.0ms  queue=0/1000  state=NORMAL
[  50.6989]  PACKET_TRANSMIT        pkt=674  link=src0→router  delay=1.0ms
[  50.6999]  PACKET_ARRIVAL         pkt=674  node=router  hop=1
[  50.6999]  QUEUE_DROP(congestion) pkt=674  node=router  pri=1  state=DROP_LOW_PRIORITY
[  50.7020]  QUEUE_DEQUEUE          pkt=645  node=router  wait=1971.2ms  queue=18/20  state=DROP_LOW_PRIORITY
[  50.7020]  STATE_UPDATE           node=router  DROP_LOW_PRIORITY → INCREMENTAL_COMPRESSION
[  50.7020]  QUEUE_DROP(full)       pkt=645  node=router  pri=1  queue=18/20 FULL
[  50.7071]  PACKET_GENERATE        pkt=675  flow=0  size=1429B  pri=1
[  50.7071]  QUEUE_ENQUEUE          pkt=675  node=src0  queue=1/1000 (0%)  state=NORMAL
[  50.7081]  QUEUE_DEQUEUE          pkt=675  node=src0  wait=1.0ms  queue=0/1000  state=NORMAL
[  50.7081]  PACKET_TRANSMIT        pkt=675  link=src0→router  delay=1.0ms
[  50.7091]  PACKET_ARRIVAL         pkt=675  node=router  hop=1
[  50.7091]  QUEUE_ENQUEUE          pkt=675  node=router  queue=19/20 (95%)  state=INCREMENTAL_COMPRESSION
[  50.8000]  PACKET_GENERATE        pkt=676  flow=1  size=100B  pri=0
[  50.8000]  QUEUE_ENQUEUE          pkt=676  node=src1  queue=1/1000 (0%)  state=NORMAL
[  50.8010]  QUEUE_DEQUEUE          pkt=676  node=src1  wait=1.0ms  queue=0/1000  state=NORMAL
[  50.8010]  PACKET_TRANSMIT        pkt=676  link=src1→router  delay=1.0ms
[  50.8020]  PACKET_ARRIVAL         pkt=676  node=router  hop=1
[  50.8020]  QUEUE_ENQUEUE          pkt=676  node=router  queue=20/20 (100%)  state=INCREMENTAL_COMPRESSION
[  50.8020]  QUEUE_DEQUEUE          pkt=649  node=router  wait=1800.0ms  queue=19/20  state=INCREMENTAL_COMPRESSION
[  50.8020]  STATE_UPDATE           node=router  INCREMENTAL_COMPRESSION → DROP_LOW_PRIORITY
[  50.8020]  QUEUE_DROP(full)       pkt=649  node=router  pri=0  queue=19/20 FULL
[  50.9020]  QUEUE_DEQUEUE          pkt=650  node=router  wait=1892.7ms  queue=18/20  state=DROP_LOW_PRIORITY
[  50.9020]  STATE_UPDATE           node=router  DROP_LOW_PRIORITY → INCREMENTAL_COMPRESSION
[  50.9020]  QUEUE_DROP(full)       pkt=650  node=router  pri=1  queue=18/20 FULL
[  51.0000]  PACKET_GENERATE        pkt=677  flow=1  size=100B  pri=0
[  51.0000]  QUEUE_ENQUEUE          pkt=677  node=src1  queue=1/1000 (0%)  state=NORMAL
[  51.0010]  QUEUE_DEQUEUE          pkt=677  node=src1  wait=1.0ms  queue=0/1000  state=NORMAL
[  51.0010]  PACKET_TRANSMIT        pkt=677  link=src1→router  delay=1.0ms
[  51.0020]  PACKET_ARRIVAL         pkt=677  node=router  hop=1
[  51.0020]  QUEUE_ENQUEUE          pkt=677  node=router  queue=19/20 (95%)  state=INCREMENTAL_COMPRESSION
[  51.0020]  QUEUE_DEQUEUE          pkt=651  node=router  wait=1805.8ms  queue=18/20  state=INCREMENTAL_COMPRESSION
[  51.0020]  QUEUE_DROP(full)       pkt=651  node=router  pri=1  queue=18/20 FULL
[  51.0291]  PACKET_GENERATE        pkt=678  flow=0  size=1500B  pri=1
[  51.0291]  QUEUE_ENQUEUE          pkt=678  node=src0  queue=1/1000 (0%)  state=NORMAL
[  51.0301]  QUEUE_DEQUEUE          pkt=678  node=src0  wait=1.0ms  queue=0/1000  state=NORMAL
[  51.0301]  PACKET_TRANSMIT        pkt=678  link=src0→router  delay=1.0ms
[  51.0311]  PACKET_ARRIVAL         pkt=678  node=router  hop=1
[  51.0311]  QUEUE_ENQUEUE          pkt=678  node=router  queue=19/20 (95%)  state=INCREMENTAL_COMPRESSION
[  51.1020]  QUEUE_DEQUEUE          pkt=652  node=router  wait=1900.0ms  queue=18/20  state=INCREMENTAL_COMPRESSION
[  51.1020]  QUEUE_DROP(full)       pkt=652  node=router  pri=0  queue=18/20 FULL
[  51.2000]  PACKET_GENERATE        pkt=679  flow=1  size=100B  pri=0
[  51.2000]  QUEUE_ENQUEUE          pkt=679  node=src1  queue=1/1000 (0%)  state=NORMAL
[  51.2010]  QUEUE_DEQUEUE          pkt=679  node=src1  wait=1.0ms  queue=0/1000  state=NORMAL
[  51.2010]  PACKET_TRANSMIT        pkt=679  link=src1→router  delay=1.0ms
[  51.2020]  PACKET_ARRIVAL         pkt=679  node=router  hop=1
[  51.2020]  QUEUE_ENQUEUE          pkt=679  node=router  queue=19/20 (95%)  state=INCREMENTAL_COMPRESSION
[  51.2020]  QUEUE_DEQUEUE          pkt=654  node=router  wait=1886.9ms  queue=18/20  state=INCREMENTAL_COMPRESSION
[  51.2020]  QUEUE_DROP(full)       pkt=654  node=router  pri=1  queue=18/20 FULL
[  51.2250]  PACKET_GENERATE        pkt=680  flow=0  size=1475B  pri=1
[  51.2250]  QUEUE_ENQUEUE          pkt=680  node=src0  queue=1/1000 (0%)  state=NORMAL
[  51.2260]  QUEUE_DEQUEUE          pkt=680  node=src0  wait=1.0ms  queue=0/1000  state=NORMAL
[  51.2260]  PACKET_TRANSMIT        pkt=680  link=src0→router  delay=1.0ms
[  51.2270]  PACKET_ARRIVAL         pkt=680  node=router  hop=1
[  51.2270]  QUEUE_ENQUEUE          pkt=680  node=router  queue=19/20 (95%)  state=INCREMENTAL_COMPRESSION
[  51.3020]  QUEUE_DEQUEUE          pkt=655  node=router  wait=1900.0ms  queue=18/20  state=INCREMENTAL_COMPRESSION
[  51.3020]  QUEUE_DROP(full)       pkt=655  node=router  pri=0  queue=18/20 FULL
[  51.3602]  PACKET_GENERATE        pkt=681  flow=0  size=1425B  pri=1
[  51.3602]  QUEUE_ENQUEUE          pkt=681  node=src0  queue=1/1000 (0%)  state=NORMAL
[  51.3612]  QUEUE_DEQUEUE          pkt=681  node=src0  wait=1.0ms  queue=0/1000  state=NORMAL
[  51.3612]  PACKET_TRANSMIT        pkt=681  link=src0→router  delay=1.0ms
[  51.3622]  PACKET_ARRIVAL         pkt=681  node=router  hop=1
[  51.3622]  QUEUE_ENQUEUE          pkt=681  node=router  queue=19/20 (95%)  state=INCREMENTAL_COMPRESSION
[  51.4000]  PACKET_GENERATE        pkt=682  flow=1  size=100B  pri=0
[  51.4000]  QUEUE_ENQUEUE          pkt=682  node=src1  queue=1/1000 (0%)  state=NORMAL
[  51.4010]  QUEUE_DEQUEUE          pkt=682  node=src1  wait=1.0ms  queue=0/1000  state=NORMAL
[  51.4010]  PACKET_TRANSMIT        pkt=682  link=src1→router  delay=1.0ms
[  51.4020]  PACKET_ARRIVAL         pkt=682  node=router  hop=1
[  51.4020]  QUEUE_ENQUEUE          pkt=682  node=router  queue=20/20 (100%)  state=INCREMENTAL_COMPRESSION
[  51.4020]  QUEUE_DEQUEUE          pkt=656  node=router  wait=1800.0ms  queue=19/20  state=INCREMENTAL_COMPRESSION
[  51.4020]  STATE_UPDATE           node=router  INCREMENTAL_COMPRESSION → DROP_LOW_PRIORITY
[  51.4020]  QUEUE_DROP(full)       pkt=656  node=router  pri=0  queue=19/20 FULL
[  51.4294]  PACKET_GENERATE        pkt=683  flow=0  size=1469B  pri=1
[  51.4294]  QUEUE_ENQUEUE          pkt=683  node=src0  queue=1/1000 (0%)  state=NORMAL
[  51.4304]  QUEUE_DEQUEUE          pkt=683  node=src0  wait=1.0ms  queue=0/1000  state=NORMAL
[  51.4304]  PACKET_TRANSMIT        pkt=683  link=src0→router  delay=1.0ms
[  51.4314]  PACKET_ARRIVAL         pkt=683  node=router  hop=1
[  51.4314]  QUEUE_DROP(congestion) pkt=683  node=router  pri=1  state=DROP_LOW_PRIORITY
[  51.4613]  PACKET_GENERATE        pkt=684  flow=0  size=1419B  pri=1
[  51.4613]  QUEUE_ENQUEUE          pkt=684  node=src0  queue=1/1000 (0%)  state=NORMAL
[  51.4623]  QUEUE_DEQUEUE          pkt=684  node=src0  wait=1.0ms  queue=0/1000  state=NORMAL
[  51.4623]  PACKET_TRANSMIT        pkt=684  link=src0→router  delay=1.0ms
[  51.4633]  PACKET_ARRIVAL         pkt=684  node=router  hop=1
[  51.4633]  QUEUE_DROP(congestion) pkt=684  node=router  pri=1  state=DROP_LOW_PRIORITY
[  51.5020]  QUEUE_DEQUEUE          pkt=657  node=router  wait=1700.0ms  queue=18/20  state=DROP_LOW_PRIORITY
[  51.5020]  STATE_UPDATE           node=router  DROP_LOW_PRIORITY → INCREMENTAL_COMPRESSION
[  51.5020]  QUEUE_DROP(full)       pkt=657  node=router  pri=0  queue=18/20 FULL
[  51.6000]  PACKET_GENERATE        pkt=685  flow=1  size=100B  pri=0
[  51.6000]  QUEUE_ENQUEUE          pkt=685  node=src1  queue=1/1000 (0%)  state=NORMAL
[  51.6010]  QUEUE_DEQUEUE          pkt=685  node=src1  wait=1.0ms  queue=0/1000  state=NORMAL
[  51.6010]  PACKET_TRANSMIT        pkt=685  link=src1→router  delay=1.0ms
[  51.6020]  PACKET_ARRIVAL         pkt=685  node=router  hop=1
[  51.6020]  QUEUE_ENQUEUE          pkt=685  node=router  queue=19/20 (95%)  state=INCREMENTAL_COMPRESSION
[  51.6020]  QUEUE_DEQUEUE          pkt=658  node=router  wait=1710.8ms  queue=18/20  state=INCREMENTAL_COMPRESSION
[  51.6020]  QUEUE_DROP(full)       pkt=658  node=router  pri=1  queue=18/20 FULL
[  51.7020]  QUEUE_DEQUEUE          pkt=659  node=router  wait=1705.7ms  queue=17/20  state=INCREMENTAL_COMPRESSION
[  51.7020]  QUEUE_DROP(full)       pkt=659  node=router  pri=1  queue=17/20 FULL
[  51.7601]  PACKET_GENERATE        pkt=686  flow=0  size=1418B  pri=1
[  51.7601]  QUEUE_ENQUEUE          pkt=686  node=src0  queue=1/1000 (0%)  state=NORMAL
[  51.7611]  QUEUE_DEQUEUE          pkt=686  node=src0  wait=1.0ms  queue=0/1000  state=NORMAL
[  51.7611]  PACKET_TRANSMIT        pkt=686  link=src0→router  delay=1.0ms
[  51.7621]  PACKET_ARRIVAL         pkt=686  node=router  hop=1
[  51.7621]  QUEUE_ENQUEUE          pkt=686  node=router  queue=18/20 (90%)  state=INCREMENTAL_COMPRESSION
[  51.7693]  PACKET_GENERATE        pkt=687  flow=0  size=1421B  pri=1
[  51.7693]  QUEUE_ENQUEUE          pkt=687  node=src0  queue=1/1000 (0%)  state=NORMAL
[  51.7703]  QUEUE_DEQUEUE          pkt=687  node=src0  wait=1.0ms  queue=0/1000  state=NORMAL
[  51.7703]  PACKET_TRANSMIT        pkt=687  link=src0→router  delay=1.0ms
[  51.7713]  PACKET_ARRIVAL         pkt=687  node=router  hop=1
[  51.7713]  QUEUE_ENQUEUE          pkt=687  node=router  queue=19/20 (95%)  state=INCREMENTAL_COMPRESSION
[  51.8000]  PACKET_GENERATE        pkt=688  flow=1  size=100B  pri=0
[  51.8000]  QUEUE_ENQUEUE          pkt=688  node=src1  queue=1/1000 (0%)  state=NORMAL
[  51.8010]  QUEUE_DEQUEUE          pkt=688  node=src1  wait=1.0ms  queue=0/1000  state=NORMAL
[  51.8010]  PACKET_TRANSMIT        pkt=688  link=src1→router  delay=1.0ms
[  51.8020]  PACKET_ARRIVAL         pkt=688  node=router  hop=1
[  51.8020]  QUEUE_ENQUEUE          pkt=688  node=router  queue=20/20 (100%)  state=INCREMENTAL_COMPRESSION
[  51.8020]  QUEUE_DEQUEUE          pkt=660  node=router  wait=1800.0ms  queue=19/20  state=INCREMENTAL_COMPRESSION
[  51.8020]  STATE_UPDATE           node=router  INCREMENTAL_COMPRESSION → DROP_LOW_PRIORITY
[  51.8020]  QUEUE_DROP(full)       pkt=660  node=router  pri=0  queue=19/20 FULL
[  51.9020]  QUEUE_DEQUEUE          pkt=661  node=router  wait=1788.2ms  queue=18/20  state=DROP_LOW_PRIORITY
[  51.9020]  STATE_UPDATE           node=router  DROP_LOW_PRIORITY → INCREMENTAL_COMPRESSION
[  51.9020]  QUEUE_DROP(full)       pkt=661  node=router  pri=1  queue=18/20 FULL
[  51.9660]  PACKET_GENERATE        pkt=689  flow=0  size=1476B  pri=1
[  51.9660]  QUEUE_ENQUEUE          pkt=689  node=src0  queue=1/1000 (0%)  state=NORMAL
[  51.9670]  QUEUE_DEQUEUE          pkt=689  node=src0  wait=1.0ms  queue=0/1000  state=NORMAL
[  51.9670]  PACKET_TRANSMIT        pkt=689  link=src0→router  delay=1.0ms
[  51.9680]  PACKET_ARRIVAL         pkt=689  node=router  hop=1
[  51.9680]  QUEUE_ENQUEUE          pkt=689  node=router  queue=19/20 (95%)  state=INCREMENTAL_COMPRESSION
[  52.0000]  PACKET_GENERATE        pkt=690  flow=1  size=100B  pri=0
[  52.0000]  QUEUE_ENQUEUE          pkt=690  node=src1  queue=1/1000 (0%)  state=NORMAL
[  52.0010]  QUEUE_DEQUEUE          pkt=690  node=src1  wait=1.0ms  queue=0/1000  state=NORMAL
[  52.0010]  PACKET_TRANSMIT        pkt=690  link=src1→router  delay=1.0ms
[  52.0020]  PACKET_ARRIVAL         pkt=690  node=router  hop=1
[  52.0020]  QUEUE_ENQUEUE          pkt=690  node=router  queue=20/20 (100%)  state=INCREMENTAL_COMPRESSION
[  52.0020]  QUEUE_DEQUEUE          pkt=662  node=router  wait=1875.1ms  queue=19/20  state=INCREMENTAL_COMPRESSION
[  52.0020]  STATE_UPDATE           node=router  INCREMENTAL_COMPRESSION → DROP_LOW_PRIORITY
[  52.0020]  QUEUE_DROP(full)       pkt=662  node=router  pri=1  queue=19/20 FULL
[  52.1020]  QUEUE_DEQUEUE          pkt=663  node=router  wait=1946.0ms  queue=18/20  state=DROP_LOW_PRIORITY
[  52.1020]  STATE_UPDATE           node=router  DROP_LOW_PRIORITY → INCREMENTAL_COMPRESSION
[  52.1020]  QUEUE_DROP(full)       pkt=663  node=router  pri=1  queue=18/20 FULL
[  52.1388]  PACKET_GENERATE        pkt=691  flow=0  size=1472B  pri=1
[  52.1388]  QUEUE_ENQUEUE          pkt=691  node=src0  queue=1/1000 (0%)  state=NORMAL
[  52.1398]  QUEUE_DEQUEUE          pkt=691  node=src0  wait=1.0ms  queue=0/1000  state=NORMAL
[  52.1398]  PACKET_TRANSMIT        pkt=691  link=src0→router  delay=1.0ms
[  52.1408]  PACKET_ARRIVAL         pkt=691  node=router  hop=1
[  52.1408]  QUEUE_ENQUEUE          pkt=691  node=router  queue=19/20 (95%)  state=INCREMENTAL_COMPRESSION
[  52.2000]  PACKET_GENERATE        pkt=692  flow=1  size=100B  pri=0
[  52.2000]  QUEUE_ENQUEUE          pkt=692  node=src1  queue=1/1000 (0%)  state=NORMAL
[  52.2010]  QUEUE_DEQUEUE          pkt=692  node=src1  wait=1.0ms  queue=0/1000  state=NORMAL
[  52.2010]  PACKET_TRANSMIT        pkt=692  link=src1→router  delay=1.0ms
[  52.2020]  PACKET_ARRIVAL         pkt=692  node=router  hop=1
[  52.2020]  QUEUE_ENQUEUE          pkt=692  node=router  queue=20/20 (100%)  state=INCREMENTAL_COMPRESSION
[  52.2020]  QUEUE_DEQUEUE          pkt=667  node=router  wait=1885.8ms  queue=19/20  state=INCREMENTAL_COMPRESSION
[  52.2020]  STATE_UPDATE           node=router  INCREMENTAL_COMPRESSION → DROP_LOW_PRIORITY
[  52.2020]  QUEUE_DROP(full)       pkt=667  node=router  pri=1  queue=19/20 FULL
[  52.3020]  QUEUE_DEQUEUE          pkt=668  node=router  wait=1984.8ms  queue=18/20  state=DROP_LOW_PRIORITY
[  52.3020]  STATE_UPDATE           node=router  DROP_LOW_PRIORITY → INCREMENTAL_COMPRESSION
[  52.3020]  QUEUE_DROP(full)       pkt=668  node=router  pri=1  queue=18/20 FULL
[  52.4000]  PACKET_GENERATE        pkt=693  flow=1  size=100B  pri=0
[  52.4000]  QUEUE_ENQUEUE          pkt=693  node=src1  queue=1/1000 (0%)  state=NORMAL
[  52.4010]  QUEUE_DEQUEUE          pkt=693  node=src1  wait=1.0ms  queue=0/1000  state=NORMAL
[  52.4010]  PACKET_TRANSMIT        pkt=693  link=src1→router  delay=1.0ms
[  52.4020]  PACKET_ARRIVAL         pkt=693  node=router  hop=1
[  52.4020]  QUEUE_ENQUEUE          pkt=693  node=router  queue=19/20 (95%)  state=INCREMENTAL_COMPRESSION
[  52.4020]  QUEUE_DEQUEUE          pkt=671  node=router  wait=1896.3ms  queue=18/20  state=INCREMENTAL_COMPRESSION
[  52.4020]  QUEUE_DROP(full)       pkt=671  node=router  pri=1  queue=18/20 FULL
[  52.4564]  PACKET_GENERATE        pkt=694  flow=0  size=1456B  pri=1
[  52.4564]  QUEUE_ENQUEUE          pkt=694  node=src0  queue=1/1000 (0%)  state=NORMAL
[  52.4574]  QUEUE_DEQUEUE          pkt=694  node=src0  wait=1.0ms  queue=0/1000  state=NORMAL
[  52.4574]  PACKET_TRANSMIT        pkt=694  link=src0→router  delay=1.0ms
[  52.4584]  PACKET_ARRIVAL         pkt=694  node=router  hop=1
[  52.4584]  QUEUE_ENQUEUE          pkt=694  node=router  queue=19/20 (95%)  state=INCREMENTAL_COMPRESSION
[  52.4730]  PACKET_GENERATE        pkt=695  flow=0  size=1488B  pri=1
[  52.4730]  QUEUE_ENQUEUE          pkt=695  node=src0  queue=1/1000 (0%)  state=NORMAL
[  52.4740]  QUEUE_DEQUEUE          pkt=695  node=src0  wait=1.0ms  queue=0/1000  state=NORMAL
[  52.4740]  PACKET_TRANSMIT        pkt=695  link=src0→router  delay=1.0ms
[  52.4750]  PACKET_ARRIVAL         pkt=695  node=router  hop=1
[  52.4750]  QUEUE_ENQUEUE          pkt=695  node=router  queue=20/20 (100%)  state=INCREMENTAL_COMPRESSION
[  52.5020]  QUEUE_DEQUEUE          pkt=672  node=router  wait=1953.8ms  queue=19/20  state=INCREMENTAL_COMPRESSION
[  52.5020]  STATE_UPDATE           node=router  INCREMENTAL_COMPRESSION → DROP_LOW_PRIORITY
[  52.5020]  QUEUE_DROP(full)       pkt=672  node=router  pri=1  queue=19/20 FULL
[  52.5183]  PACKET_GENERATE        pkt=696  flow=0  size=1451B  pri=1
[  52.5183]  QUEUE_ENQUEUE          pkt=696  node=src0  queue=1/1000 (0%)  state=NORMAL
[  52.5193]  QUEUE_DEQUEUE          pkt=696  node=src0  wait=1.0ms  queue=0/1000  state=NORMAL
[  52.5193]  PACKET_TRANSMIT        pkt=696  link=src0→router  delay=1.0ms
[  52.5203]  PACKET_ARRIVAL         pkt=696  node=router  hop=1
[  52.5203]  QUEUE_DROP(congestion) pkt=696  node=router  pri=1  state=DROP_LOW_PRIORITY
[  52.6000]  PACKET_GENERATE        pkt=697  flow=1  size=100B  pri=0
[  52.6000]  QUEUE_ENQUEUE          pkt=697  node=src1  queue=1/1000 (0%)  state=NORMAL
[  52.6010]  QUEUE_DEQUEUE          pkt=697  node=src1  wait=1.0ms  queue=0/1000  state=NORMAL
[  52.6010]  PACKET_TRANSMIT        pkt=697  link=src1→router  delay=1.0ms
[  52.6020]  PACKET_ARRIVAL         pkt=697  node=router  hop=1
[  52.6020]  QUEUE_ENQUEUE          pkt=697  node=router  queue=20/20 (100%)  state=DROP_LOW_PRIORITY
[  52.6020]  QUEUE_DEQUEUE          pkt=675  node=router  wait=1892.9ms  queue=19/20  state=DROP_LOW_PRIORITY
[  52.6020]  QUEUE_DROP(full)       pkt=675  node=router  pri=1  queue=19/20 FULL
[  52.7020]  QUEUE_DEQUEUE          pkt=676  node=router  wait=1900.0ms  queue=18/20  state=DROP_LOW_PRIORITY
[  52.7020]  STATE_UPDATE           node=router  DROP_LOW_PRIORITY → INCREMENTAL_COMPRESSION
[  52.7020]  QUEUE_DROP(full)       pkt=676  node=router  pri=0  queue=18/20 FULL
[  52.8000]  PACKET_GENERATE        pkt=698  flow=1  size=100B  pri=0
[  52.8000]  QUEUE_ENQUEUE          pkt=698  node=src1  queue=1/1000 (0%)  state=NORMAL
[  52.8010]  QUEUE_DEQUEUE          pkt=698  node=src1  wait=1.0ms  queue=0/1000  state=NORMAL
[  52.8010]  PACKET_TRANSMIT        pkt=698  link=src1→router  delay=1.0ms
[  52.8020]  PACKET_ARRIVAL         pkt=698  node=router  hop=1
[  52.8020]  QUEUE_ENQUEUE          pkt=698  node=router  queue=19/20 (95%)  state=INCREMENTAL_COMPRESSION
[  52.8020]  QUEUE_DEQUEUE          pkt=677  node=router  wait=1800.0ms  queue=18/20  state=INCREMENTAL_COMPRESSION
[  52.8020]  QUEUE_DROP(full)       pkt=677  node=router  pri=0  queue=18/20 FULL
[  52.8757]  PACKET_GENERATE        pkt=699  flow=0  size=1464B  pri=1
[  52.8757]  QUEUE_ENQUEUE          pkt=699  node=src0  queue=1/1000 (0%)  state=NORMAL
[  52.8767]  QUEUE_DEQUEUE          pkt=699  node=src0  wait=1.0ms  queue=0/1000  state=NORMAL
[  52.8767]  PACKET_TRANSMIT        pkt=699  link=src0→router  delay=1.0ms
[  52.8777]  PACKET_ARRIVAL         pkt=699  node=router  hop=1
[  52.8777]  QUEUE_ENQUEUE          pkt=699  node=router  queue=19/20 (95%)  state=INCREMENTAL_COMPRESSION
[  52.9020]  QUEUE_DEQUEUE          pkt=678  node=router  wait=1870.9ms  queue=18/20  state=INCREMENTAL_COMPRESSION
[  52.9020]  QUEUE_DROP(full)       pkt=678  node=router  pri=1  queue=18/20 FULL
[  52.9727]  PACKET_GENERATE        pkt=700  flow=0  size=1456B  pri=1
[  52.9727]  QUEUE_ENQUEUE          pkt=700  node=src0  queue=1/1000 (0%)  state=NORMAL
[  52.9737]  QUEUE_DEQUEUE          pkt=700  node=src0  wait=1.0ms  queue=0/1000  state=NORMAL
[  52.9737]  PACKET_TRANSMIT        pkt=700  link=src0→router  delay=1.0ms
[  52.9747]  PACKET_ARRIVAL         pkt=700  node=router  hop=1
[  52.9747]  QUEUE_ENQUEUE          pkt=700  node=router  queue=19/20 (95%)  state=INCREMENTAL_COMPRESSION
[  52.9832]  PACKET_GENERATE        pkt=701  flow=0  size=1405B  pri=1
[  52.9832]  QUEUE_ENQUEUE          pkt=701  node=src0  queue=1/1000 (0%)  state=NORMAL
[  52.9842]  QUEUE_DEQUEUE          pkt=701  node=src0  wait=1.0ms  queue=0/1000  state=NORMAL
[  52.9842]  PACKET_TRANSMIT        pkt=701  link=src0→router  delay=1.0ms
[  52.9852]  PACKET_ARRIVAL         pkt=701  node=router  hop=1
[  52.9852]  QUEUE_ENQUEUE          pkt=701  node=router  queue=20/20 (100%)  state=INCREMENTAL_COMPRESSION
[  53.0000]  PACKET_GENERATE        pkt=702  flow=1  size=100B  pri=0
[  53.0000]  QUEUE_ENQUEUE          pkt=702  node=src1  queue=1/1000 (0%)  state=NORMAL
[  53.0010]  QUEUE_DEQUEUE          pkt=702  node=src1  wait=1.0ms  queue=0/1000  state=NORMAL
[  53.0010]  PACKET_TRANSMIT        pkt=702  link=src1→router  delay=1.0ms
[  53.0020]  PACKET_ARRIVAL         pkt=702  node=router  hop=1
[  53.0020]  QUEUE_DROP(full)       pkt=702  node=router  pri=0  queue=20/20 FULL
[  53.0020]  QUEUE_DEQUEUE          pkt=679  node=router  wait=1800.0ms  queue=19/20  state=INCREMENTAL_COMPRESSION
[  53.0020]  STATE_UPDATE           node=router  INCREMENTAL_COMPRESSION → DROP_LOW_PRIORITY
[  53.0020]  QUEUE_DROP(full)       pkt=679  node=router  pri=0  queue=19/20 FULL
[  53.1020]  QUEUE_DEQUEUE          pkt=680  node=router  wait=1875.0ms  queue=18/20  state=DROP_LOW_PRIORITY
[  53.1020]  STATE_UPDATE           node=router  DROP_LOW_PRIORITY → INCREMENTAL_COMPRESSION
[  53.1020]  QUEUE_DROP(full)       pkt=680  node=router  pri=1  queue=18/20 FULL
[  53.2000]  PACKET_GENERATE        pkt=703  flow=1  size=100B  pri=0
[  53.2000]  QUEUE_ENQUEUE          pkt=703  node=src1  queue=1/1000 (0%)  state=NORMAL
[  53.2010]  QUEUE_DEQUEUE          pkt=703  node=src1  wait=1.0ms  queue=0/1000  state=NORMAL
[  53.2010]  PACKET_TRANSMIT        pkt=703  link=src1→router  delay=1.0ms
[  53.2020]  PACKET_ARRIVAL         pkt=703  node=router  hop=1
[  53.2020]  QUEUE_ENQUEUE          pkt=703  node=router  queue=19/20 (95%)  state=INCREMENTAL_COMPRESSION
[  53.2020]  QUEUE_DEQUEUE          pkt=681  node=router  wait=1839.8ms  queue=18/20  state=INCREMENTAL_COMPRESSION
[  53.2020]  QUEUE_DROP(full)       pkt=681  node=router  pri=1  queue=18/20 FULL
[  53.2585]  PACKET_GENERATE        pkt=704  flow=0  size=1494B  pri=1
[  53.2585]  QUEUE_ENQUEUE          pkt=704  node=src0  queue=1/1000 (0%)  state=NORMAL
[  53.2595]  QUEUE_DEQUEUE          pkt=704  node=src0  wait=1.0ms  queue=0/1000  state=NORMAL
[  53.2595]  PACKET_TRANSMIT        pkt=704  link=src0→router  delay=1.0ms
[  53.2605]  PACKET_ARRIVAL         pkt=704  node=router  hop=1
[  53.2605]  QUEUE_ENQUEUE          pkt=704  node=router  queue=19/20 (95%)  state=INCREMENTAL_COMPRESSION
[  53.3020]  QUEUE_DEQUEUE          pkt=682  node=router  wait=1900.0ms  queue=18/20  state=INCREMENTAL_COMPRESSION
[  53.3020]  QUEUE_DROP(full)       pkt=682  node=router  pri=0  queue=18/20 FULL
[  53.3071]  PACKET_GENERATE        pkt=705  flow=0  size=1432B  pri=1
[  53.3071]  QUEUE_ENQUEUE          pkt=705  node=src0  queue=1/1000 (0%)  state=NORMAL
[  53.3081]  QUEUE_DEQUEUE          pkt=705  node=src0  wait=1.0ms  queue=0/1000  state=NORMAL
[  53.3081]  PACKET_TRANSMIT        pkt=705  link=src0→router  delay=1.0ms
[  53.3091]  PACKET_ARRIVAL         pkt=705  node=router  hop=1
[  53.3091]  QUEUE_ENQUEUE          pkt=705  node=router  queue=19/20 (95%)  state=INCREMENTAL_COMPRESSION
[  53.3104]  PACKET_GENERATE        pkt=706  flow=0  size=1429B  pri=1
[  53.3104]  QUEUE_ENQUEUE          pkt=706  node=src0  queue=1/1000 (0%)  state=NORMAL
[  53.3114]  QUEUE_DEQUEUE          pkt=706  node=src0  wait=1.0ms  queue=0/1000  state=NORMAL
[  53.3114]  PACKET_TRANSMIT        pkt=706  link=src0→router  delay=1.0ms
[  53.3124]  PACKET_ARRIVAL         pkt=706  node=router  hop=1
[  53.3124]  QUEUE_ENQUEUE          pkt=706  node=router  queue=20/20 (100%)  state=INCREMENTAL_COMPRESSION
[  53.4000]  PACKET_GENERATE        pkt=707  flow=1  size=100B  pri=0
[  53.4000]  QUEUE_ENQUEUE          pkt=707  node=src1  queue=1/1000 (0%)  state=NORMAL
[  53.4010]  QUEUE_DEQUEUE          pkt=707  node=src1  wait=1.0ms  queue=0/1000  state=NORMAL
[  53.4010]  PACKET_TRANSMIT        pkt=707  link=src1→router  delay=1.0ms
[  53.4020]  PACKET_ARRIVAL         pkt=707  node=router  hop=1
[  53.4020]  QUEUE_DROP(full)       pkt=707  node=router  pri=0  queue=20/20 FULL
[  53.4020]  QUEUE_DEQUEUE          pkt=685  node=router  wait=1800.0ms  queue=19/20  state=INCREMENTAL_COMPRESSION
[  53.4020]  STATE_UPDATE           node=router  INCREMENTAL_COMPRESSION → DROP_LOW_PRIORITY
[  53.4020]  QUEUE_DROP(full)       pkt=685  node=router  pri=0  queue=19/20 FULL
[  53.5020]  QUEUE_DEQUEUE          pkt=686  node=router  wait=1739.9ms  queue=18/20  state=DROP_LOW_PRIORITY
[  53.5020]  STATE_UPDATE           node=router  DROP_LOW_PRIORITY → INCREMENTAL_COMPRESSION
[  53.5020]  QUEUE_DROP(full)       pkt=686  node=router  pri=1  queue=18/20 FULL
[  53.6000]  PACKET_GENERATE        pkt=708  flow=1  size=100B  pri=0
[  53.6000]  QUEUE_ENQUEUE          pkt=708  node=src1  queue=1/1000 (0%)  state=NORMAL
[  53.6010]  QUEUE_DEQUEUE          pkt=708  node=src1  wait=1.0ms  queue=0/1000  state=NORMAL
[  53.6010]  PACKET_TRANSMIT        pkt=708  link=src1→router  delay=1.0ms
[  53.6020]  PACKET_ARRIVAL         pkt=708  node=router  hop=1
[  53.6020]  QUEUE_ENQUEUE          pkt=708  node=router  queue=19/20 (95%)  state=INCREMENTAL_COMPRESSION
[  53.6020]  QUEUE_DEQUEUE          pkt=687  node=router  wait=1830.7ms  queue=18/20  state=INCREMENTAL_COMPRESSION
[  53.6020]  QUEUE_DROP(full)       pkt=687  node=router  pri=1  queue=18/20 FULL
[  53.7020]  QUEUE_DEQUEUE          pkt=688  node=router  wait=1900.0ms  queue=17/20  state=INCREMENTAL_COMPRESSION
[  53.7020]  QUEUE_DROP(full)       pkt=688  node=router  pri=0  queue=17/20 FULL
[  53.7188]  PACKET_GENERATE        pkt=709  flow=0  size=1473B  pri=1
[  53.7188]  QUEUE_ENQUEUE          pkt=709  node=src0  queue=1/1000 (0%)  state=NORMAL
[  53.7198]  QUEUE_DEQUEUE          pkt=709  node=src0  wait=1.0ms  queue=0/1000  state=NORMAL
[  53.7198]  PACKET_TRANSMIT        pkt=709  link=src0→router  delay=1.0ms
[  53.7208]  PACKET_ARRIVAL         pkt=709  node=router  hop=1
[  53.7208]  QUEUE_ENQUEUE          pkt=709  node=router  queue=18/20 (90%)  state=INCREMENTAL_COMPRESSION
[  53.8000]  PACKET_GENERATE        pkt=710  flow=1  size=100B  pri=0
[  53.8000]  QUEUE_ENQUEUE          pkt=710  node=src1  queue=1/1000 (0%)  state=NORMAL
[  53.8010]  QUEUE_DEQUEUE          pkt=710  node=src1  wait=1.0ms  queue=0/1000  state=NORMAL
[  53.8010]  PACKET_TRANSMIT        pkt=710  link=src1→router  delay=1.0ms
[  53.8020]  PACKET_ARRIVAL         pkt=710  node=router  hop=1
[  53.8020]  QUEUE_ENQUEUE          pkt=710  node=router  queue=19/20 (95%)  state=INCREMENTAL_COMPRESSION
[  53.8020]  QUEUE_DEQUEUE          pkt=689  node=router  wait=1834.0ms  queue=18/20  state=INCREMENTAL_COMPRESSION
[  53.8020]  QUEUE_DROP(full)       pkt=689  node=router  pri=1  queue=18/20 FULL
[  53.8294]  PACKET_GENERATE        pkt=711  flow=0  size=1402B  pri=1
[  53.8294]  QUEUE_ENQUEUE          pkt=711  node=src0  queue=1/1000 (0%)  state=NORMAL
[  53.8304]  QUEUE_DEQUEUE          pkt=711  node=src0  wait=1.0ms  queue=0/1000  state=NORMAL
[  53.8304]  PACKET_TRANSMIT        pkt=711  link=src0→router  delay=1.0ms
[  53.8314]  PACKET_ARRIVAL         pkt=711  node=router  hop=1
[  53.8314]  QUEUE_ENQUEUE          pkt=711  node=router  queue=19/20 (95%)  state=INCREMENTAL_COMPRESSION
[  53.9020]  QUEUE_DEQUEUE          pkt=690  node=router  wait=1900.0ms  queue=18/20  state=INCREMENTAL_COMPRESSION
[  53.9020]  QUEUE_DROP(full)       pkt=690  node=router  pri=0  queue=18/20 FULL
[  54.0000]  PACKET_GENERATE        pkt=712  flow=1  size=100B  pri=0
[  54.0000]  QUEUE_ENQUEUE          pkt=712  node=src1  queue=1/1000 (0%)  state=NORMAL
[  54.0010]  QUEUE_DEQUEUE          pkt=712  node=src1  wait=1.0ms  queue=0/1000  state=NORMAL
[  54.0010]  PACKET_TRANSMIT        pkt=712  link=src1→router  delay=1.0ms
[  54.0020]  PACKET_ARRIVAL         pkt=712  node=router  hop=1
[  54.0020]  QUEUE_ENQUEUE          pkt=712  node=router  queue=19/20 (95%)  state=INCREMENTAL_COMPRESSION
[  54.0020]  QUEUE_DEQUEUE          pkt=691  node=router  wait=1861.2ms  queue=18/20  state=INCREMENTAL_COMPRESSION
[  54.0020]  QUEUE_DROP(full)       pkt=691  node=router  pri=1  queue=18/20 FULL
[  54.1020]  QUEUE_DEQUEUE          pkt=692  node=router  wait=1900.0ms  queue=17/20  state=INCREMENTAL_COMPRESSION
[  54.1020]  QUEUE_DROP(full)       pkt=692  node=router  pri=0  queue=17/20 FULL
[  54.2000]  PACKET_GENERATE        pkt=713  flow=1  size=100B  pri=0
[  54.2000]  QUEUE_ENQUEUE          pkt=713  node=src1  queue=1/1000 (0%)  state=NORMAL
[  54.2010]  QUEUE_DEQUEUE          pkt=713  node=src1  wait=1.0ms  queue=0/1000  state=NORMAL
[  54.2010]  PACKET_TRANSMIT        pkt=713  link=src1→router  delay=1.0ms
[  54.2020]  PACKET_ARRIVAL         pkt=713  node=router  hop=1
[  54.2020]  QUEUE_ENQUEUE          pkt=713  node=router  queue=18/20 (90%)  state=INCREMENTAL_COMPRESSION
[  54.2020]  QUEUE_DEQUEUE          pkt=693  node=router  wait=1800.0ms  queue=17/20  state=INCREMENTAL_COMPRESSION
[  54.2020]  QUEUE_DROP(full)       pkt=693  node=router  pri=0  queue=17/20 FULL
[  54.3020]  QUEUE_DEQUEUE          pkt=694  node=router  wait=1843.6ms  queue=16/20  state=INCREMENTAL_COMPRESSION
[  54.3020]  STATE_UPDATE           node=router  INCREMENTAL_COMPRESSION → DELTA_COMPRESSION
[  54.3020]  QUEUE_DROP(full)       pkt=694  node=router  pri=1  queue=16/20 FULL
[  54.4000]  PACKET_GENERATE        pkt=714  flow=1  size=100B  pri=0
[  54.4000]  QUEUE_ENQUEUE          pkt=714  node=src1  queue=1/1000 (0%)  state=NORMAL
[  54.4010]  QUEUE_DEQUEUE          pkt=714  node=src1  wait=1.0ms  queue=0/1000  state=NORMAL
[  54.4010]  PACKET_TRANSMIT        pkt=714  link=src1→router  delay=1.0ms
[  54.4020]  PACKET_ARRIVAL         pkt=714  node=router  hop=1
[  54.4020]  QUEUE_ENQUEUE          pkt=714  node=router  queue=17/20 (85%)  state=DELTA_COMPRESSION
[  54.4020]  QUEUE_DEQUEUE          pkt=695  node=router  wait=1927.0ms  queue=16/20  state=DELTA_COMPRESSION
[  54.4020]  QUEUE_DROP(full)       pkt=695  node=router  pri=1  queue=16/20 FULL
[  54.5020]  QUEUE_DEQUEUE          pkt=697  node=router  wait=1900.0ms  queue=15/20  state=DELTA_COMPRESSION
[  54.5020]  QUEUE_DROP(full)       pkt=697  node=router  pri=0  queue=15/20 FULL
[  54.6000]  PACKET_GENERATE        pkt=715  flow=1  size=100B  pri=0
[  54.6000]  QUEUE_ENQUEUE          pkt=715  node=src1  queue=1/1000 (0%)  state=NORMAL
[  54.6010]  QUEUE_DEQUEUE          pkt=715  node=src1  wait=1.0ms  queue=0/1000  state=NORMAL
[  54.6010]  PACKET_TRANSMIT        pkt=715  link=src1→router  delay=1.0ms
[  54.6020]  PACKET_ARRIVAL         pkt=715  node=router  hop=1
[  54.6020]  QUEUE_ENQUEUE          pkt=715  node=router  queue=16/20 (80%)  state=DELTA_COMPRESSION
[  54.6020]  QUEUE_DEQUEUE          pkt=698  node=router  wait=1800.0ms  queue=15/20  state=DELTA_COMPRESSION
[  54.6020]  QUEUE_DROP(full)       pkt=698  node=router  pri=0  queue=15/20 FULL
[  54.7020]  QUEUE_DEQUEUE          pkt=699  node=router  wait=1824.3ms  queue=14/20  state=DELTA_COMPRESSION
[  54.7020]  QUEUE_DROP(full)       pkt=699  node=router  pri=1  queue=14/20 FULL
[  54.7991]  PACKET_GENERATE        pkt=716  flow=0  size=1486B  pri=1
[  54.7991]  QUEUE_ENQUEUE          pkt=716  node=src0  queue=1/1000 (0%)  state=NORMAL
[  54.8000]  PACKET_GENERATE        pkt=717  flow=1  size=100B  pri=0
[  54.8000]  QUEUE_ENQUEUE          pkt=717  node=src1  queue=1/1000 (0%)  state=NORMAL
[  54.8001]  QUEUE_DEQUEUE          pkt=716  node=src0  wait=1.0ms  queue=0/1000  state=NORMAL
[  54.8001]  PACKET_TRANSMIT        pkt=716  link=src0→router  delay=1.0ms
[  54.8010]  QUEUE_DEQUEUE          pkt=717  node=src1  wait=1.0ms  queue=0/1000  state=NORMAL
[  54.8010]  PACKET_TRANSMIT        pkt=717  link=src1→router  delay=1.0ms
[  54.8011]  PACKET_ARRIVAL         pkt=716  node=router  hop=1
[  54.8011]  QUEUE_ENQUEUE          pkt=716  node=router  queue=15/20 (75%)  state=DELTA_COMPRESSION
[  54.8020]  PACKET_ARRIVAL         pkt=717  node=router  hop=1
[  54.8020]  QUEUE_ENQUEUE          pkt=717  node=router  queue=16/20 (80%)  state=DELTA_COMPRESSION
[  54.8020]  QUEUE_DEQUEUE          pkt=700  node=router  wait=1827.3ms  queue=15/20  state=DELTA_COMPRESSION
[  54.8020]  QUEUE_DROP(full)       pkt=700  node=router  pri=1  queue=15/20 FULL
[  54.9020]  QUEUE_DEQUEUE          pkt=701  node=router  wait=1916.8ms  queue=14/20  state=DELTA_COMPRESSION
[  54.9020]  QUEUE_DROP(full)       pkt=701  node=router  pri=1  queue=14/20 FULL
[  55.0000]  LINK_RECOVERY          link=router→dst
[  55.0000]  PACKET_GENERATE        pkt=718  flow=1  size=100B  pri=0
[  55.0000]  QUEUE_ENQUEUE          pkt=718  node=src1  queue=1/1000 (0%)  state=NORMAL
[  55.0010]  QUEUE_DEQUEUE          pkt=718  node=src1  wait=1.0ms  queue=0/1000  state=NORMAL
[  55.0010]  PACKET_TRANSMIT        pkt=718  link=src1→router  delay=1.0ms
[  55.0020]  PACKET_ARRIVAL         pkt=718  node=router  hop=1
[  55.0020]  QUEUE_ENQUEUE          pkt=718  node=router  queue=15/20 (75%)  state=DELTA_COMPRESSION
[  55.0020]  QUEUE_DEQUEUE          pkt=703  node=router  wait=1800.0ms  queue=14/20  state=DELTA_COMPRESSION
[  55.0020]  PACKET_TRANSMIT        pkt=703  link=router→dst  delay=5.0ms
[  55.0070]  PACKET_ARRIVAL         pkt=703  node=dst  hop=2
[  55.0070]  PACKET_DELIVER         pkt=703  flow=1  latency=1807.0ms
[  55.0144]  PACKET_GENERATE        pkt=719  flow=0  size=1473B  pri=1
[  55.0144]  QUEUE_ENQUEUE          pkt=719  node=src0  queue=1/1000 (0%)  state=NORMAL
[  55.0154]  QUEUE_DEQUEUE          pkt=719  node=src0  wait=1.0ms  queue=0/1000  state=NORMAL
[  55.0154]  PACKET_TRANSMIT        pkt=719  link=src0→router  delay=1.0ms
[  55.0164]  PACKET_ARRIVAL         pkt=719  node=router  hop=1
[  55.0164]  QUEUE_ENQUEUE          pkt=719  node=router  queue=15/20 (75%)  state=DELTA_COMPRESSION
[  55.0196]  PACKET_GENERATE        pkt=720  flow=0  size=1496B  pri=1
[  55.0196]  QUEUE_ENQUEUE          pkt=720  node=src0  queue=1/1000 (0%)  state=NORMAL
[  55.0206]  QUEUE_DEQUEUE          pkt=720  node=src0  wait=1.0ms  queue=0/1000  state=NORMAL
[  55.0206]  PACKET_TRANSMIT        pkt=720  link=src0→router  delay=1.0ms
[  55.0216]  PACKET_ARRIVAL         pkt=720  node=router  hop=1
[  55.0216]  QUEUE_ENQUEUE          pkt=720  node=router  queue=16/20 (80%)  state=DELTA_COMPRESSION
[  55.0436]  PACKET_GENERATE        pkt=721  flow=0  size=1466B  pri=1
[  55.0436]  QUEUE_ENQUEUE          pkt=721  node=src0  queue=1/1000 (0%)  state=NORMAL
[  55.0446]  QUEUE_DEQUEUE          pkt=721  node=src0  wait=1.0ms  queue=0/1000  state=NORMAL
[  55.0446]  PACKET_TRANSMIT        pkt=721  link=src0→router  delay=1.0ms
[  55.0456]  PACKET_ARRIVAL         pkt=721  node=router  hop=1
[  55.0456]  QUEUE_ENQUEUE          pkt=721  node=router  queue=17/20 (85%)  state=DELTA_COMPRESSION
[  55.1020]  QUEUE_DEQUEUE          pkt=704  node=router  wait=1841.5ms  queue=16/20  state=DELTA_COMPRESSION
[  55.1020]  PACKET_TRANSMIT        pkt=704  link=router→dst  delay=5.0ms
[  55.1070]  PACKET_ARRIVAL         pkt=704  node=dst  hop=2
[  55.1070]  PACKET_DELIVER         pkt=704  flow=0  latency=1848.5ms
[  55.1754]  PACKET_GENERATE        pkt=722  flow=0  size=1435B  pri=1
[  55.1754]  QUEUE_ENQUEUE          pkt=722  node=src0  queue=1/1000 (0%)  state=NORMAL
[  55.1764]  QUEUE_DEQUEUE          pkt=722  node=src0  wait=1.0ms  queue=0/1000  state=NORMAL
[  55.1764]  PACKET_TRANSMIT        pkt=722  link=src0→router  delay=1.0ms
[  55.1774]  PACKET_ARRIVAL         pkt=722  node=router  hop=1
[  55.1774]  QUEUE_ENQUEUE          pkt=722  node=router  queue=17/20 (85%)  state=DELTA_COMPRESSION
[  55.2000]  PACKET_GENERATE        pkt=723  flow=1  size=100B  pri=0
[  55.2000]  QUEUE_ENQUEUE          pkt=723  node=src1  queue=1/1000 (0%)  state=NORMAL
[  55.2004]  PACKET_GENERATE        pkt=724  flow=0  size=1474B  pri=1
[  55.2004]  QUEUE_ENQUEUE          pkt=724  node=src0  queue=1/1000 (0%)  state=NORMAL
[  55.2010]  QUEUE_DEQUEUE          pkt=723  node=src1  wait=1.0ms  queue=0/1000  state=NORMAL
[  55.2010]  PACKET_TRANSMIT        pkt=723  link=src1→router  delay=1.0ms
[  55.2014]  QUEUE_DEQUEUE          pkt=724  node=src0  wait=1.0ms  queue=0/1000  state=NORMAL
[  55.2014]  PACKET_TRANSMIT        pkt=724  link=src0→router  delay=1.0ms
[  55.2020]  PACKET_ARRIVAL         pkt=723  node=router  hop=1
[  55.2020]  QUEUE_ENQUEUE          pkt=723  node=router  queue=18/20 (90%)  state=DELTA_COMPRESSION
[  55.2020]  QUEUE_DEQUEUE          pkt=705  node=router  wait=1892.9ms  queue=17/20  state=DELTA_COMPRESSION
[  55.2020]  STATE_UPDATE           node=router  DELTA_COMPRESSION → INCREMENTAL_COMPRESSION
[  55.2020]  PACKET_TRANSMIT        pkt=705  link=router→dst  delay=5.0ms
[  55.2024]  PACKET_ARRIVAL         pkt=724  node=router  hop=1
[  55.2024]  QUEUE_ENQUEUE          pkt=724  node=router  queue=18/20 (90%)  state=INCREMENTAL_COMPRESSION
[  55.2070]  PACKET_ARRIVAL         pkt=705  node=dst  hop=2
[  55.2070]  PACKET_DELIVER         pkt=705  flow=0  latency=1899.9ms
[  55.2720]  PACKET_GENERATE        pkt=725  flow=0  size=1462B  pri=1
[  55.2720]  QUEUE_ENQUEUE          pkt=725  node=src0  queue=1/1000 (0%)  state=NORMAL
[  55.2730]  QUEUE_DEQUEUE          pkt=725  node=src0  wait=1.0ms  queue=0/1000  state=NORMAL
[  55.2730]  PACKET_TRANSMIT        pkt=725  link=src0→router  delay=1.0ms
[  55.2740]  PACKET_ARRIVAL         pkt=725  node=router  hop=1
[  55.2740]  QUEUE_ENQUEUE          pkt=725  node=router  queue=19/20 (95%)  state=INCREMENTAL_COMPRESSION
[  55.3020]  QUEUE_DEQUEUE          pkt=706  node=router  wait=1989.6ms  queue=18/20  state=INCREMENTAL_COMPRESSION
[  55.3020]  PACKET_TRANSMIT        pkt=706  link=router→dst  delay=5.0ms
[  55.3070]  PACKET_ARRIVAL         pkt=706  node=dst  hop=2
[  55.3070]  PACKET_DELIVER         pkt=706  flow=0  latency=1996.6ms
[  55.4000]  PACKET_GENERATE        pkt=726  flow=1  size=100B  pri=0
[  55.4000]  QUEUE_ENQUEUE          pkt=726  node=src1  queue=1/1000 (0%)  state=NORMAL
[  55.4010]  QUEUE_DEQUEUE          pkt=726  node=src1  wait=1.0ms  queue=0/1000  state=NORMAL
[  55.4010]  PACKET_TRANSMIT        pkt=726  link=src1→router  delay=1.0ms
[  55.4020]  PACKET_ARRIVAL         pkt=726  node=router  hop=1
[  55.4020]  QUEUE_ENQUEUE          pkt=726  node=router  queue=19/20 (95%)  state=INCREMENTAL_COMPRESSION
[  55.4020]  QUEUE_DEQUEUE          pkt=708  node=router  wait=1800.0ms  queue=18/20  state=INCREMENTAL_COMPRESSION
[  55.4020]  PACKET_TRANSMIT        pkt=708  link=router→dst  delay=5.0ms
[  55.4070]  PACKET_ARRIVAL         pkt=708  node=dst  hop=2
[  55.4070]  PACKET_DELIVER         pkt=708  flow=1  latency=1807.0ms
[  55.5020]  QUEUE_DEQUEUE          pkt=709  node=router  wait=1781.2ms  queue=17/20  state=INCREMENTAL_COMPRESSION
[  55.5020]  PACKET_TRANSMIT        pkt=709  link=router→dst  delay=5.0ms
[  55.5070]  PACKET_ARRIVAL         pkt=709  node=dst  hop=2
[  55.5070]  PACKET_DELIVER         pkt=709  flow=0  latency=1788.2ms
[  55.6000]  PACKET_GENERATE        pkt=727  flow=1  size=100B  pri=0
[  55.6000]  QUEUE_ENQUEUE          pkt=727  node=src1  queue=1/1000 (0%)  state=NORMAL
[  55.6010]  QUEUE_DEQUEUE          pkt=727  node=src1  wait=1.0ms  queue=0/1000  state=NORMAL
[  55.6010]  PACKET_TRANSMIT        pkt=727  link=src1→router  delay=1.0ms
[  55.6020]  PACKET_ARRIVAL         pkt=727  node=router  hop=1
[  55.6020]  QUEUE_ENQUEUE          pkt=727  node=router  queue=18/20 (90%)  state=INCREMENTAL_COMPRESSION
[  55.6020]  QUEUE_DEQUEUE          pkt=710  node=router  wait=1800.0ms  queue=17/20  state=INCREMENTAL_COMPRESSION
[  55.6020]  PACKET_TRANSMIT        pkt=710  link=router→dst  delay=5.0ms
[  55.6070]  PACKET_ARRIVAL         pkt=710  node=dst  hop=2
[  55.6070]  PACKET_DELIVER         pkt=710  flow=1  latency=1807.0ms
[  55.7020]  QUEUE_DEQUEUE          pkt=711  node=router  wait=1870.6ms  queue=16/20  state=INCREMENTAL_COMPRESSION
[  55.7020]  STATE_UPDATE           node=router  INCREMENTAL_COMPRESSION → DELTA_COMPRESSION
[  55.7020]  PACKET_TRANSMIT        pkt=711  link=router→dst  delay=5.0ms
[  55.7064]  PACKET_GENERATE        pkt=728  flow=0  size=1460B  pri=1
[  55.7064]  QUEUE_ENQUEUE          pkt=728  node=src0  queue=1/1000 (0%)  state=NORMAL
[  55.7070]  PACKET_ARRIVAL         pkt=711  node=dst  hop=2
[  55.7070]  PACKET_DELIVER         pkt=711  flow=0  latency=1877.6ms
[  55.7074]  QUEUE_DEQUEUE          pkt=728  node=src0  wait=1.0ms  queue=0/1000  state=NORMAL
[  55.7074]  PACKET_TRANSMIT        pkt=728  link=src0→router  delay=1.0ms
[  55.7084]  PACKET_ARRIVAL         pkt=728  node=router  hop=1
[  55.7084]  QUEUE_ENQUEUE          pkt=728  node=router  queue=17/20 (85%)  state=DELTA_COMPRESSION
[  55.7599]  PACKET_GENERATE        pkt=729  flow=0  size=1442B  pri=1
[  55.7599]  QUEUE_ENQUEUE          pkt=729  node=src0  queue=1/1000 (0%)  state=NORMAL
[  55.7609]  QUEUE_DEQUEUE          pkt=729  node=src0  wait=1.0ms  queue=0/1000  state=NORMAL
[  55.7609]  PACKET_TRANSMIT        pkt=729  link=src0→router  delay=1.0ms
[  55.7619]  PACKET_ARRIVAL         pkt=729  node=router  hop=1
[  55.7619]  QUEUE_ENQUEUE          pkt=729  node=router  queue=18/20 (90%)  state=DELTA_COMPRESSION
[  55.8000]  PACKET_GENERATE        pkt=730  flow=1  size=100B  pri=0
[  55.8000]  QUEUE_ENQUEUE          pkt=730  node=src1  queue=1/1000 (0%)  state=NORMAL
[  55.8010]  QUEUE_DEQUEUE          pkt=730  node=src1  wait=1.0ms  queue=0/1000  state=NORMAL
[  55.8010]  PACKET_TRANSMIT        pkt=730  link=src1→router  delay=1.0ms
[  55.8020]  PACKET_ARRIVAL         pkt=730  node=router  hop=1
[  55.8020]  QUEUE_ENQUEUE          pkt=730  node=router  queue=19/20 (95%)  state=DELTA_COMPRESSION
[  55.8020]  QUEUE_DEQUEUE          pkt=712  node=router  wait=1800.0ms  queue=18/20  state=DELTA_COMPRESSION
[  55.8020]  STATE_UPDATE           node=router  DELTA_COMPRESSION → INCREMENTAL_COMPRESSION
[  55.8020]  PACKET_TRANSMIT        pkt=712  link=router→dst  delay=5.0ms
[  55.8070]  PACKET_ARRIVAL         pkt=712  node=dst  hop=2
[  55.8070]  PACKET_DELIVER         pkt=712  flow=1  latency=1807.0ms
[  55.8083]  PACKET_GENERATE        pkt=731  flow=0  size=1413B  pri=1
[  55.8083]  QUEUE_ENQUEUE          pkt=731  node=src0  queue=1/1000 (0%)  state=NORMAL
[  55.8093]  QUEUE_DEQUEUE          pkt=731  node=src0  wait=1.0ms  queue=0/1000  state=NORMAL
[  55.8093]  PACKET_TRANSMIT        pkt=731  link=src0→router  delay=1.0ms
[  55.8103]  PACKET_ARRIVAL         pkt=731  node=router  hop=1
[  55.8103]  QUEUE_ENQUEUE          pkt=731  node=router  queue=19/20 (95%)  state=INCREMENTAL_COMPRESSION
[  55.9020]  QUEUE_DEQUEUE          pkt=713  node=router  wait=1700.0ms  queue=18/20  state=INCREMENTAL_COMPRESSION
[  55.9020]  PACKET_TRANSMIT        pkt=713  link=router→dst  delay=5.0ms
[  55.9070]  PACKET_ARRIVAL         pkt=713  node=dst  hop=2
[  55.9070]  PACKET_DELIVER         pkt=713  flow=1  latency=1707.0ms
[  56.0000]  PACKET_GENERATE        pkt=732  flow=1  size=100B  pri=0
[  56.0000]  QUEUE_ENQUEUE          pkt=732  node=src1  queue=1/1000 (0%)  state=NORMAL
[  56.0010]  QUEUE_DEQUEUE          pkt=732  node=src1  wait=1.0ms  queue=0/1000  state=NORMAL
[  56.0010]  PACKET_TRANSMIT        pkt=732  link=src1→router  delay=1.0ms
[  56.0020]  PACKET_ARRIVAL         pkt=732  node=router  hop=1
[  56.0020]  QUEUE_ENQUEUE          pkt=732  node=router  queue=19/20 (95%)  state=INCREMENTAL_COMPRESSION
[  56.0020]  QUEUE_DEQUEUE          pkt=714  node=router  wait=1600.0ms  queue=18/20  state=INCREMENTAL_COMPRESSION
[  56.0020]  PACKET_TRANSMIT        pkt=714  link=router→dst  delay=5.0ms
[  56.0070]  PACKET_ARRIVAL         pkt=714  node=dst  hop=2
[  56.0070]  PACKET_DELIVER         pkt=714  flow=1  latency=1607.0ms
[  56.0521]  PACKET_GENERATE        pkt=733  flow=0  size=1442B  pri=1
[  56.0521]  QUEUE_ENQUEUE          pkt=733  node=src0  queue=1/1000 (0%)  state=NORMAL
[  56.0531]  QUEUE_DEQUEUE          pkt=733  node=src0  wait=1.0ms  queue=0/1000  state=NORMAL
[  56.0531]  PACKET_TRANSMIT        pkt=733  link=src0→router  delay=1.0ms
[  56.0541]  PACKET_ARRIVAL         pkt=733  node=router  hop=1
[  56.0541]  QUEUE_ENQUEUE          pkt=733  node=router  queue=19/20 (95%)  state=INCREMENTAL_COMPRESSION
[  56.1020]  QUEUE_DEQUEUE          pkt=715  node=router  wait=1500.0ms  queue=18/20  state=INCREMENTAL_COMPRESSION
[  56.1020]  PACKET_TRANSMIT        pkt=715  link=router→dst  delay=5.0ms
[  56.1070]  PACKET_ARRIVAL         pkt=715  node=dst  hop=2
[  56.1070]  PACKET_DELIVER         pkt=715  flow=1  latency=1507.0ms
[  56.1184]  PACKET_GENERATE        pkt=734  flow=0  size=1463B  pri=1
[  56.1184]  QUEUE_ENQUEUE          pkt=734  node=src0  queue=1/1000 (0%)  state=NORMAL
[  56.1194]  QUEUE_DEQUEUE          pkt=734  node=src0  wait=1.0ms  queue=0/1000  state=NORMAL
[  56.1194]  PACKET_TRANSMIT        pkt=734  link=src0→router  delay=1.0ms
[  56.1204]  PACKET_ARRIVAL         pkt=734  node=router  hop=1
[  56.1204]  QUEUE_ENQUEUE          pkt=734  node=router  queue=19/20 (95%)  state=INCREMENTAL_COMPRESSION
[  56.1609]  PACKET_GENERATE        pkt=735  flow=0  size=1451B  pri=1
[  56.1609]  QUEUE_ENQUEUE          pkt=735  node=src0  queue=1/1000 (0%)  state=NORMAL
[  56.1619]  QUEUE_DEQUEUE          pkt=735  node=src0  wait=1.0ms  queue=0/1000  state=NORMAL
[  56.1619]  PACKET_TRANSMIT        pkt=735  link=src0→router  delay=1.0ms
[  56.1629]  PACKET_ARRIVAL         pkt=735  node=router  hop=1
[  56.1629]  QUEUE_ENQUEUE          pkt=735  node=router  queue=20/20 (100%)  state=INCREMENTAL_COMPRESSION
[  56.2000]  PACKET_GENERATE        pkt=736  flow=1  size=100B  pri=0
[  56.2000]  QUEUE_ENQUEUE          pkt=736  node=src1  queue=1/1000 (0%)  state=NORMAL
[  56.2010]  QUEUE_DEQUEUE          pkt=736  node=src1  wait=1.0ms  queue=0/1000  state=NORMAL
[  56.2010]  PACKET_TRANSMIT        pkt=736  link=src1→router  delay=1.0ms
[  56.2020]  PACKET_ARRIVAL         pkt=736  node=router  hop=1
[  56.2020]  QUEUE_DROP(full)       pkt=736  node=router  pri=0  queue=20/20 FULL
[  56.2020]  QUEUE_DEQUEUE          pkt=716  node=router  wait=1400.9ms  queue=19/20  state=INCREMENTAL_COMPRESSION
[  56.2020]  STATE_UPDATE           node=router  INCREMENTAL_COMPRESSION → DROP_LOW_PRIORITY
[  56.2020]  PACKET_TRANSMIT        pkt=716  link=router→dst  delay=5.0ms
[  56.2070]  PACKET_ARRIVAL         pkt=716  node=dst  hop=2
[  56.2070]  PACKET_DELIVER         pkt=716  flow=0  latency=1407.9ms
[  56.3020]  QUEUE_DEQUEUE          pkt=717  node=router  wait=1500.0ms  queue=18/20  state=DROP_LOW_PRIORITY
[  56.3020]  STATE_UPDATE           node=router  DROP_LOW_PRIORITY → INCREMENTAL_COMPRESSION
[  56.3020]  PACKET_TRANSMIT        pkt=717  link=router→dst  delay=5.0ms
[  56.3070]  PACKET_ARRIVAL         pkt=717  node=dst  hop=2
[  56.3070]  PACKET_DELIVER         pkt=717  flow=1  latency=1507.0ms
[  56.3708]  PACKET_GENERATE        pkt=737  flow=0  size=1470B  pri=1
[  56.3708]  QUEUE_ENQUEUE          pkt=737  node=src0  queue=1/1000 (0%)  state=NORMAL
[  56.3718]  QUEUE_DEQUEUE          pkt=737  node=src0  wait=1.0ms  queue=0/1000  state=NORMAL
[  56.3718]  PACKET_TRANSMIT        pkt=737  link=src0→router  delay=1.0ms
[  56.3728]  PACKET_ARRIVAL         pkt=737  node=router  hop=1
[  56.3728]  QUEUE_ENQUEUE          pkt=737  node=router  queue=19/20 (95%)  state=INCREMENTAL_COMPRESSION
[  56.3755]  PACKET_GENERATE        pkt=738  flow=0  size=1411B  pri=1
[  56.3755]  QUEUE_ENQUEUE          pkt=738  node=src0  queue=1/1000 (0%)  state=NORMAL
[  56.3765]  QUEUE_DEQUEUE          pkt=738  node=src0  wait=1.0ms  queue=0/1000  state=NORMAL
[  56.3765]  PACKET_TRANSMIT        pkt=738  link=src0→router  delay=1.0ms
[  56.3775]  PACKET_ARRIVAL         pkt=738  node=router  hop=1
[  56.3775]  QUEUE_ENQUEUE          pkt=738  node=router  queue=20/20 (100%)  state=INCREMENTAL_COMPRESSION
[  56.4000]  PACKET_GENERATE        pkt=739  flow=1  size=100B  pri=0
[  56.4000]  QUEUE_ENQUEUE          pkt=739  node=src1  queue=1/1000 (0%)  state=NORMAL
[  56.4010]  QUEUE_DEQUEUE          pkt=739  node=src1  wait=1.0ms  queue=0/1000  state=NORMAL
[  56.4010]  PACKET_TRANSMIT        pkt=739  link=src1→router  delay=1.0ms
[  56.4020]  PACKET_ARRIVAL         pkt=739  node=router  hop=1
[  56.4020]  QUEUE_DROP(full)       pkt=739  node=router  pri=0  queue=20/20 FULL
[  56.4020]  QUEUE_DEQUEUE          pkt=718  node=router  wait=1400.0ms  queue=19/20  state=INCREMENTAL_COMPRESSION
[  56.4020]  STATE_UPDATE           node=router  INCREMENTAL_COMPRESSION → DROP_LOW_PRIORITY
[  56.4020]  PACKET_TRANSMIT        pkt=718  link=router→dst  delay=5.0ms
[  56.4070]  PACKET_ARRIVAL         pkt=718  node=dst  hop=2
[  56.4070]  PACKET_DELIVER         pkt=718  flow=1  latency=1407.0ms
[  56.4227]  PACKET_GENERATE        pkt=740  flow=0  size=1441B  pri=1
[  56.4227]  QUEUE_ENQUEUE          pkt=740  node=src0  queue=1/1000 (0%)  state=NORMAL
[  56.4237]  QUEUE_DEQUEUE          pkt=740  node=src0  wait=1.0ms  queue=0/1000  state=NORMAL
[  56.4237]  PACKET_TRANSMIT        pkt=740  link=src0→router  delay=1.0ms
[  56.4247]  PACKET_ARRIVAL         pkt=740  node=router  hop=1
[  56.4247]  QUEUE_DROP(congestion) pkt=740  node=router  pri=1  state=DROP_LOW_PRIORITY
[  56.4381]  PACKET_GENERATE        pkt=741  flow=0  size=1498B  pri=1
[  56.4381]  QUEUE_ENQUEUE          pkt=741  node=src0  queue=1/1000 (0%)  state=NORMAL
[  56.4391]  QUEUE_DEQUEUE          pkt=741  node=src0  wait=1.0ms  queue=0/1000  state=NORMAL
[  56.4391]  PACKET_TRANSMIT        pkt=741  link=src0→router  delay=1.0ms
[  56.4401]  PACKET_ARRIVAL         pkt=741  node=router  hop=1
[  56.4401]  QUEUE_DROP(congestion) pkt=741  node=router  pri=1  state=DROP_LOW_PRIORITY
[  56.5020]  QUEUE_DEQUEUE          pkt=719  node=router  wait=1485.6ms  queue=18/20  state=DROP_LOW_PRIORITY
[  56.5020]  STATE_UPDATE           node=router  DROP_LOW_PRIORITY → INCREMENTAL_COMPRESSION
[  56.5020]  PACKET_TRANSMIT        pkt=719  link=router→dst  delay=5.0ms
[  56.5028]  PACKET_GENERATE        pkt=742  flow=0  size=1465B  pri=1
[  56.5028]  QUEUE_ENQUEUE          pkt=742  node=src0  queue=1/1000 (0%)  state=NORMAL
[  56.5038]  QUEUE_DEQUEUE          pkt=742  node=src0  wait=1.0ms  queue=0/1000  state=NORMAL
[  56.5038]  PACKET_TRANSMIT        pkt=742  link=src0→router  delay=1.0ms
[  56.5048]  PACKET_ARRIVAL         pkt=742  node=router  hop=1
[  56.5048]  QUEUE_ENQUEUE          pkt=742  node=router  queue=19/20 (95%)  state=INCREMENTAL_COMPRESSION
[  56.5070]  PACKET_ARRIVAL         pkt=719  node=dst  hop=2
[  56.5070]  PACKET_DELIVER         pkt=719  flow=0  latency=1492.6ms
[  56.6000]  PACKET_GENERATE        pkt=743  flow=1  size=100B  pri=0
[  56.6000]  QUEUE_ENQUEUE          pkt=743  node=src1  queue=1/1000 (0%)  state=NORMAL
[  56.6010]  QUEUE_DEQUEUE          pkt=743  node=src1  wait=1.0ms  queue=0/1000  state=NORMAL
[  56.6010]  PACKET_TRANSMIT        pkt=743  link=src1→router  delay=1.0ms
[  56.6020]  PACKET_ARRIVAL         pkt=743  node=router  hop=1
[  56.6020]  QUEUE_ENQUEUE          pkt=743  node=router  queue=20/20 (100%)  state=INCREMENTAL_COMPRESSION
[  56.6020]  QUEUE_DEQUEUE          pkt=720  node=router  wait=1580.4ms  queue=19/20  state=INCREMENTAL_COMPRESSION
[  56.6020]  STATE_UPDATE           node=router  INCREMENTAL_COMPRESSION → DROP_LOW_PRIORITY
[  56.6020]  PACKET_TRANSMIT        pkt=720  link=router→dst  delay=5.0ms
[  56.6070]  PACKET_ARRIVAL         pkt=720  node=dst  hop=2
[  56.6070]  PACKET_DELIVER         pkt=720  flow=0  latency=1587.4ms
[  56.7020]  QUEUE_DEQUEUE          pkt=721  node=router  wait=1656.4ms  queue=18/20  state=DROP_LOW_PRIORITY
[  56.7020]  STATE_UPDATE           node=router  DROP_LOW_PRIORITY → INCREMENTAL_COMPRESSION
[  56.7020]  PACKET_TRANSMIT        pkt=721  link=router→dst  delay=5.0ms
[  56.7070]  PACKET_ARRIVAL         pkt=721  node=dst  hop=2
[  56.7070]  PACKET_DELIVER         pkt=721  flow=0  latency=1663.4ms
[  56.7206]  PACKET_GENERATE        pkt=744  flow=0  size=1400B  pri=1
[  56.7206]  QUEUE_ENQUEUE          pkt=744  node=src0  queue=1/1000 (0%)  state=NORMAL
[  56.7216]  QUEUE_DEQUEUE          pkt=744  node=src0  wait=1.0ms  queue=0/1000  state=NORMAL
[  56.7216]  PACKET_TRANSMIT        pkt=744  link=src0→router  delay=1.0ms
[  56.7226]  PACKET_ARRIVAL         pkt=744  node=router  hop=1
[  56.7226]  QUEUE_ENQUEUE          pkt=744  node=router  queue=19/20 (95%)  state=INCREMENTAL_COMPRESSION
[  56.8000]  PACKET_GENERATE        pkt=745  flow=1  size=100B  pri=0
[  56.8000]  QUEUE_ENQUEUE          pkt=745  node=src1  queue=1/1000 (0%)  state=NORMAL
[  56.8010]  QUEUE_DEQUEUE          pkt=745  node=src1  wait=1.0ms  queue=0/1000  state=NORMAL
[  56.8010]  PACKET_TRANSMIT        pkt=745  link=src1→router  delay=1.0ms
[  56.8020]  PACKET_ARRIVAL         pkt=745  node=router  hop=1
[  56.8020]  QUEUE_ENQUEUE          pkt=745  node=router  queue=20/20 (100%)  state=INCREMENTAL_COMPRESSION
[  56.8020]  QUEUE_DEQUEUE          pkt=722  node=router  wait=1624.6ms  queue=19/20  state=INCREMENTAL_COMPRESSION
[  56.8020]  STATE_UPDATE           node=router  INCREMENTAL_COMPRESSION → DROP_LOW_PRIORITY
[  56.8020]  PACKET_TRANSMIT        pkt=722  link=router→dst  delay=5.0ms
[  56.8070]  PACKET_ARRIVAL         pkt=722  node=dst  hop=2
[  56.8070]  PACKET_DELIVER         pkt=722  flow=0  latency=1631.6ms
[  56.8546]  PACKET_GENERATE        pkt=746  flow=0  size=1469B  pri=1
[  56.8546]  QUEUE_ENQUEUE          pkt=746  node=src0  queue=1/1000 (0%)  state=NORMAL
[  56.8556]  QUEUE_DEQUEUE          pkt=746  node=src0  wait=1.0ms  queue=0/1000  state=NORMAL
[  56.8556]  PACKET_TRANSMIT        pkt=746  link=src0→router  delay=1.0ms
[  56.8566]  PACKET_ARRIVAL         pkt=746  node=router  hop=1
[  56.8566]  QUEUE_DROP(congestion) pkt=746  node=router  pri=1  state=DROP_LOW_PRIORITY
[  56.9020]  QUEUE_DEQUEUE          pkt=723  node=router  wait=1700.0ms  queue=18/20  state=DROP_LOW_PRIORITY
[  56.9020]  STATE_UPDATE           node=router  DROP_LOW_PRIORITY → INCREMENTAL_COMPRESSION
[  56.9020]  PACKET_TRANSMIT        pkt=723  link=router→dst  delay=5.0ms
[  56.9070]  PACKET_ARRIVAL         pkt=723  node=dst  hop=2
[  56.9070]  PACKET_DELIVER         pkt=723  flow=1  latency=1707.0ms
[  56.9321]  PACKET_GENERATE        pkt=747  flow=0  size=1406B  pri=1
[  56.9321]  QUEUE_ENQUEUE          pkt=747  node=src0  queue=1/1000 (0%)  state=NORMAL
[  56.9331]  QUEUE_DEQUEUE          pkt=747  node=src0  wait=1.0ms  queue=0/1000  state=NORMAL
[  56.9331]  PACKET_TRANSMIT        pkt=747  link=src0→router  delay=1.0ms
[  56.9341]  PACKET_ARRIVAL         pkt=747  node=router  hop=1
[  56.9341]  QUEUE_ENQUEUE          pkt=747  node=router  queue=19/20 (95%)  state=INCREMENTAL_COMPRESSION
[  56.9581]  PACKET_GENERATE        pkt=748  flow=0  size=1446B  pri=1
[  56.9581]  QUEUE_ENQUEUE          pkt=748  node=src0  queue=1/1000 (0%)  state=NORMAL
[  56.9591]  QUEUE_DEQUEUE          pkt=748  node=src0  wait=1.0ms  queue=0/1000  state=NORMAL
[  56.9591]  PACKET_TRANSMIT        pkt=748  link=src0→router  delay=1.0ms
[  56.9601]  PACKET_ARRIVAL         pkt=748  node=router  hop=1
[  56.9601]  QUEUE_ENQUEUE          pkt=748  node=router  queue=20/20 (100%)  state=INCREMENTAL_COMPRESSION
[  57.0000]  PACKET_GENERATE        pkt=749  flow=1  size=100B  pri=0
[  57.0000]  QUEUE_ENQUEUE          pkt=749  node=src1  queue=1/1000 (0%)  state=NORMAL
[  57.0010]  QUEUE_DEQUEUE          pkt=749  node=src1  wait=1.0ms  queue=0/1000  state=NORMAL
[  57.0010]  PACKET_TRANSMIT        pkt=749  link=src1→router  delay=1.0ms
[  57.0020]  PACKET_ARRIVAL         pkt=749  node=router  hop=1
[  57.0020]  QUEUE_DROP(full)       pkt=749  node=router  pri=0  queue=20/20 FULL
[  57.0020]  QUEUE_DEQUEUE          pkt=724  node=router  wait=1799.6ms  queue=19/20  state=INCREMENTAL_COMPRESSION
[  57.0020]  STATE_UPDATE           node=router  INCREMENTAL_COMPRESSION → DROP_LOW_PRIORITY
[  57.0020]  PACKET_TRANSMIT        pkt=724  link=router→dst  delay=5.0ms
[  57.0070]  PACKET_ARRIVAL         pkt=724  node=dst  hop=2
[  57.0070]  PACKET_DELIVER         pkt=724  flow=0  latency=1806.6ms
[  57.0799]  PACKET_GENERATE        pkt=750  flow=0  size=1463B  pri=1
[  57.0799]  QUEUE_ENQUEUE          pkt=750  node=src0  queue=1/1000 (0%)  state=NORMAL
[  57.0809]  QUEUE_DEQUEUE          pkt=750  node=src0  wait=1.0ms  queue=0/1000  state=NORMAL
[  57.0809]  PACKET_TRANSMIT        pkt=750  link=src0→router  delay=1.0ms
[  57.0819]  PACKET_ARRIVAL         pkt=750  node=router  hop=1
[  57.0819]  QUEUE_DROP(congestion) pkt=750  node=router  pri=1  state=DROP_LOW_PRIORITY
[  57.1020]  QUEUE_DEQUEUE          pkt=725  node=router  wait=1828.0ms  queue=18/20  state=DROP_LOW_PRIORITY
[  57.1020]  STATE_UPDATE           node=router  DROP_LOW_PRIORITY → INCREMENTAL_COMPRESSION
[  57.1020]  PACKET_TRANSMIT        pkt=725  link=router→dst  delay=5.0ms
[  57.1070]  PACKET_ARRIVAL         pkt=725  node=dst  hop=2
[  57.1070]  PACKET_DELIVER         pkt=725  flow=0  latency=1835.0ms
[  57.2000]  PACKET_GENERATE        pkt=751  flow=1  size=100B  pri=0
[  57.2000]  QUEUE_ENQUEUE          pkt=751  node=src1  queue=1/1000 (0%)  state=NORMAL
[  57.2010]  QUEUE_DEQUEUE          pkt=751  node=src1  wait=1.0ms  queue=0/1000  state=NORMAL
[  57.2010]  PACKET_TRANSMIT        pkt=751  link=src1→router  delay=1.0ms
[  57.2020]  PACKET_ARRIVAL         pkt=751  node=router  hop=1
[  57.2020]  QUEUE_ENQUEUE          pkt=751  node=router  queue=19/20 (95%)  state=INCREMENTAL_COMPRESSION
[  57.2020]  QUEUE_DEQUEUE          pkt=726  node=router  wait=1800.0ms  queue=18/20  state=INCREMENTAL_COMPRESSION
[  57.2020]  PACKET_TRANSMIT        pkt=726  link=router→dst  delay=5.0ms
[  57.2026]  PACKET_GENERATE        pkt=752  flow=0  size=1497B  pri=1
[  57.2026]  QUEUE_ENQUEUE          pkt=752  node=src0  queue=1/1000 (0%)  state=NORMAL
[  57.2036]  QUEUE_DEQUEUE          pkt=752  node=src0  wait=1.0ms  queue=0/1000  state=NORMAL
[  57.2036]  PACKET_TRANSMIT        pkt=752  link=src0→router  delay=1.0ms
[  57.2046]  PACKET_ARRIVAL         pkt=752  node=router  hop=1
[  57.2046]  QUEUE_ENQUEUE          pkt=752  node=router  queue=19/20 (95%)  state=INCREMENTAL_COMPRESSION
[  57.2070]  PACKET_ARRIVAL         pkt=726  node=dst  hop=2
[  57.2070]  PACKET_DELIVER         pkt=726  flow=1  latency=1807.0ms
[  57.2093]  PACKET_GENERATE        pkt=753  flow=0  size=1434B  pri=1
[  57.2093]  QUEUE_ENQUEUE          pkt=753  node=src0  queue=1/1000 (0%)  state=NORMAL
[  57.2103]  QUEUE_DEQUEUE          pkt=753  node=src0  wait=1.0ms  queue=0/1000  state=NORMAL
[  57.2103]  PACKET_TRANSMIT        pkt=753  link=src0→router  delay=1.0ms
[  57.2113]  PACKET_ARRIVAL         pkt=753  node=router  hop=1
[  57.2113]  QUEUE_ENQUEUE          pkt=753  node=router  queue=20/20 (100%)  state=INCREMENTAL_COMPRESSION
[  57.3020]  QUEUE_DEQUEUE          pkt=727  node=router  wait=1700.0ms  queue=19/20  state=INCREMENTAL_COMPRESSION
[  57.3020]  STATE_UPDATE           node=router  INCREMENTAL_COMPRESSION → DROP_LOW_PRIORITY
[  57.3020]  PACKET_TRANSMIT        pkt=727  link=router→dst  delay=5.0ms
[  57.3070]  PACKET_ARRIVAL         pkt=727  node=dst  hop=2
[  57.3070]  PACKET_DELIVER         pkt=727  flow=1  latency=1707.0ms
[  57.3089]  PACKET_GENERATE        pkt=754  flow=0  size=1436B  pri=1
[  57.3089]  QUEUE_ENQUEUE          pkt=754  node=src0  queue=1/1000 (0%)  state=NORMAL
[  57.3099]  QUEUE_DEQUEUE          pkt=754  node=src0  wait=1.0ms  queue=0/1000  state=NORMAL
[  57.3099]  PACKET_TRANSMIT        pkt=754  link=src0→router  delay=1.0ms
[  57.3109]  PACKET_ARRIVAL         pkt=754  node=router  hop=1
[  57.3109]  QUEUE_DROP(congestion) pkt=754  node=router  pri=1  state=DROP_LOW_PRIORITY
[  57.3809]  PACKET_GENERATE        pkt=755  flow=0  size=1489B  pri=1
[  57.3809]  QUEUE_ENQUEUE          pkt=755  node=src0  queue=1/1000 (0%)  state=NORMAL
[  57.3819]  QUEUE_DEQUEUE          pkt=755  node=src0  wait=1.0ms  queue=0/1000  state=NORMAL
[  57.3819]  PACKET_TRANSMIT        pkt=755  link=src0→router  delay=1.0ms
[  57.3829]  PACKET_ARRIVAL         pkt=755  node=router  hop=1
[  57.3829]  QUEUE_DROP(congestion) pkt=755  node=router  pri=1  state=DROP_LOW_PRIORITY
[  57.4000]  PACKET_GENERATE        pkt=756  flow=1  size=100B  pri=0
[  57.4000]  QUEUE_ENQUEUE          pkt=756  node=src1  queue=1/1000 (0%)  state=NORMAL
[  57.4010]  QUEUE_DEQUEUE          pkt=756  node=src1  wait=1.0ms  queue=0/1000  state=NORMAL
[  57.4010]  PACKET_TRANSMIT        pkt=756  link=src1→router  delay=1.0ms
[  57.4020]  PACKET_ARRIVAL         pkt=756  node=router  hop=1
[  57.4020]  QUEUE_ENQUEUE          pkt=756  node=router  queue=20/20 (100%)  state=DROP_LOW_PRIORITY
[  57.4020]  QUEUE_DEQUEUE          pkt=728  node=router  wait=1693.6ms  queue=19/20  state=DROP_LOW_PRIORITY
[  57.4020]  PACKET_TRANSMIT        pkt=728  link=router→dst  delay=5.0ms
[  57.4070]  PACKET_ARRIVAL         pkt=728  node=dst  hop=2
[  57.4070]  PACKET_DELIVER         pkt=728  flow=0  latency=1700.6ms
[  57.4638]  PACKET_GENERATE        pkt=757  flow=0  size=1403B  pri=1
[  57.4638]  QUEUE_ENQUEUE          pkt=757  node=src0  queue=1/1000 (0%)  state=NORMAL
[  57.4648]  QUEUE_DEQUEUE          pkt=757  node=src0  wait=1.0ms  queue=0/1000  state=NORMAL
[  57.4648]  PACKET_TRANSMIT        pkt=757  link=src0→router  delay=1.0ms
[  57.4658]  PACKET_ARRIVAL         pkt=757  node=router  hop=1
[  57.4658]  QUEUE_DROP(congestion) pkt=757  node=router  pri=1  state=DROP_LOW_PRIORITY
[  57.5020]  QUEUE_DEQUEUE          pkt=729  node=router  wait=1740.1ms  queue=18/20  state=DROP_LOW_PRIORITY
[  57.5020]  STATE_UPDATE           node=router  DROP_LOW_PRIORITY → INCREMENTAL_COMPRESSION
[  57.5020]  PACKET_TRANSMIT        pkt=729  link=router→dst  delay=5.0ms
[  57.5070]  PACKET_ARRIVAL         pkt=729  node=dst  hop=2
[  57.5070]  PACKET_DELIVER         pkt=729  flow=0  latency=1747.1ms
[  57.6000]  PACKET_GENERATE        pkt=758  flow=1  size=100B  pri=0
[  57.6000]  QUEUE_ENQUEUE          pkt=758  node=src1  queue=1/1000 (0%)  state=NORMAL
[  57.6010]  QUEUE_DEQUEUE          pkt=758  node=src1  wait=1.0ms  queue=0/1000  state=NORMAL
[  57.6010]  PACKET_TRANSMIT        pkt=758  link=src1→router  delay=1.0ms
[  57.6020]  PACKET_ARRIVAL         pkt=758  node=router  hop=1
[  57.6020]  QUEUE_ENQUEUE          pkt=758  node=router  queue=19/20 (95%)  state=INCREMENTAL_COMPRESSION
[  57.6020]  QUEUE_DEQUEUE          pkt=730  node=router  wait=1800.0ms  queue=18/20  state=INCREMENTAL_COMPRESSION
[  57.6020]  PACKET_TRANSMIT        pkt=730  link=router→dst  delay=5.0ms
[  57.6070]  PACKET_ARRIVAL         pkt=730  node=dst  hop=2
[  57.6070]  PACKET_DELIVER         pkt=730  flow=1  latency=1807.0ms
[  57.7020]  QUEUE_DEQUEUE          pkt=731  node=router  wait=1891.7ms  queue=17/20  state=INCREMENTAL_COMPRESSION
[  57.7020]  PACKET_TRANSMIT        pkt=731  link=router→dst  delay=5.0ms
[  57.7070]  PACKET_ARRIVAL         pkt=731  node=dst  hop=2
[  57.7070]  PACKET_DELIVER         pkt=731  flow=0  latency=1898.7ms
[  57.8000]  PACKET_GENERATE        pkt=759  flow=1  size=100B  pri=0
[  57.8000]  QUEUE_ENQUEUE          pkt=759  node=src1  queue=1/1000 (0%)  state=NORMAL
[  57.8010]  QUEUE_DEQUEUE          pkt=759  node=src1  wait=1.0ms  queue=0/1000  state=NORMAL
[  57.8010]  PACKET_TRANSMIT        pkt=759  link=src1→router  delay=1.0ms
[  57.8020]  PACKET_ARRIVAL         pkt=759  node=router  hop=1
[  57.8020]  QUEUE_ENQUEUE          pkt=759  node=router  queue=18/20 (90%)  state=INCREMENTAL_COMPRESSION
[  57.8020]  QUEUE_DEQUEUE          pkt=732  node=router  wait=1800.0ms  queue=17/20  state=INCREMENTAL_COMPRESSION
[  57.8020]  PACKET_TRANSMIT        pkt=732  link=router→dst  delay=5.0ms
[  57.8070]  PACKET_ARRIVAL         pkt=732  node=dst  hop=2
[  57.8070]  PACKET_DELIVER         pkt=732  flow=1  latency=1807.0ms
[  57.9020]  QUEUE_DEQUEUE          pkt=733  node=router  wait=1847.9ms  queue=16/20  state=INCREMENTAL_COMPRESSION
[  57.9020]  STATE_UPDATE           node=router  INCREMENTAL_COMPRESSION → DELTA_COMPRESSION
[  57.9020]  PACKET_TRANSMIT        pkt=733  link=router→dst  delay=5.0ms
[  57.9070]  PACKET_ARRIVAL         pkt=733  node=dst  hop=2
[  57.9070]  PACKET_DELIVER         pkt=733  flow=0  latency=1854.9ms
[  57.9160]  PACKET_GENERATE        pkt=760  flow=0  size=1477B  pri=1
[  57.9160]  QUEUE_ENQUEUE          pkt=760  node=src0  queue=1/1000 (0%)  state=NORMAL
[  57.9170]  QUEUE_DEQUEUE          pkt=760  node=src0  wait=1.0ms  queue=0/1000  state=NORMAL
[  57.9170]  PACKET_TRANSMIT        pkt=760  link=src0→router  delay=1.0ms
[  57.9180]  PACKET_ARRIVAL         pkt=760  node=router  hop=1
[  57.9180]  QUEUE_ENQUEUE          pkt=760  node=router  queue=17/20 (85%)  state=DELTA_COMPRESSION
[  58.0000]  PACKET_GENERATE        pkt=761  flow=1  size=100B  pri=0
[  58.0000]  QUEUE_ENQUEUE          pkt=761  node=src1  queue=1/1000 (0%)  state=NORMAL
[  58.0010]  QUEUE_DEQUEUE          pkt=761  node=src1  wait=1.0ms  queue=0/1000  state=NORMAL
[  58.0010]  PACKET_TRANSMIT        pkt=761  link=src1→router  delay=1.0ms
[  58.0020]  PACKET_ARRIVAL         pkt=761  node=router  hop=1
[  58.0020]  QUEUE_ENQUEUE          pkt=761  node=router  queue=18/20 (90%)  state=DELTA_COMPRESSION
[  58.0020]  QUEUE_DEQUEUE          pkt=734  node=router  wait=1881.6ms  queue=17/20  state=DELTA_COMPRESSION
[  58.0020]  STATE_UPDATE           node=router  DELTA_COMPRESSION → INCREMENTAL_COMPRESSION
[  58.0020]  PACKET_TRANSMIT        pkt=734  link=router→dst  delay=5.0ms
[  58.0070]  PACKET_ARRIVAL         pkt=734  node=dst  hop=2
[  58.0070]  PACKET_DELIVER         pkt=734  flow=0  latency=1888.6ms
[  58.1020]  QUEUE_DEQUEUE          pkt=735  node=router  wait=1939.1ms  queue=16/20  state=INCREMENTAL_COMPRESSION
[  58.1020]  STATE_UPDATE           node=router  INCREMENTAL_COMPRESSION → DELTA_COMPRESSION
[  58.1020]  PACKET_TRANSMIT        pkt=735  link=router→dst  delay=5.0ms
[  58.1070]  PACKET_ARRIVAL         pkt=735  node=dst  hop=2
[  58.1070]  PACKET_DELIVER         pkt=735  flow=0  latency=1946.1ms
[  58.1167]  PACKET_GENERATE        pkt=762  flow=0  size=1490B  pri=1
[  58.1167]  QUEUE_ENQUEUE          pkt=762  node=src0  queue=1/1000 (0%)  state=NORMAL
[  58.1177]  QUEUE_DEQUEUE          pkt=762  node=src0  wait=1.0ms  queue=0/1000  state=NORMAL
[  58.1177]  PACKET_TRANSMIT        pkt=762  link=src0→router  delay=1.0ms
[  58.1187]  PACKET_ARRIVAL         pkt=762  node=router  hop=1
[  58.1187]  QUEUE_ENQUEUE          pkt=762  node=router  queue=17/20 (85%)  state=DELTA_COMPRESSION
[  58.1383]  PACKET_GENERATE        pkt=763  flow=0  size=1470B  pri=1
[  58.1383]  QUEUE_ENQUEUE          pkt=763  node=src0  queue=1/1000 (0%)  state=NORMAL
[  58.1393]  QUEUE_DEQUEUE          pkt=763  node=src0  wait=1.0ms  queue=0/1000  state=NORMAL
[  58.1393]  PACKET_TRANSMIT        pkt=763  link=src0→router  delay=1.0ms
[  58.1400]  PACKET_GENERATE        pkt=764  flow=0  size=1452B  pri=1
[  58.1400]  QUEUE_ENQUEUE          pkt=764  node=src0  queue=1/1000 (0%)  state=NORMAL
[  58.1403]  PACKET_ARRIVAL         pkt=763  node=router  hop=1
[  58.1403]  QUEUE_ENQUEUE          pkt=763  node=router  queue=18/20 (90%)  state=DELTA_COMPRESSION
[  58.1410]  QUEUE_DEQUEUE          pkt=764  node=src0  wait=1.0ms  queue=0/1000  state=NORMAL
[  58.1410]  PACKET_TRANSMIT        pkt=764  link=src0→router  delay=1.0ms
[  58.1420]  PACKET_ARRIVAL         pkt=764  node=router  hop=1
[  58.1420]  QUEUE_ENQUEUE          pkt=764  node=router  queue=19/20 (95%)  state=DELTA_COMPRESSION
[  58.1522]  PACKET_GENERATE        pkt=765  flow=0  size=1414B  pri=1
[  58.1522]  QUEUE_ENQUEUE          pkt=765  node=src0  queue=1/1000 (0%)  state=NORMAL
[  58.1532]  QUEUE_DEQUEUE          pkt=765  node=src0  wait=1.0ms  queue=0/1000  state=NORMAL
[  58.1532]  PACKET_TRANSMIT        pkt=765  link=src0→router  delay=1.0ms
[  58.1542]  PACKET_ARRIVAL         pkt=765  node=router  hop=1
[  58.1542]  QUEUE_ENQUEUE          pkt=765  node=router  queue=20/20 (100%)  state=DELTA_COMPRESSION
[  58.2000]  PACKET_GENERATE        pkt=766  flow=1  size=100B  pri=0
[  58.2000]  QUEUE_ENQUEUE          pkt=766  node=src1  queue=1/1000 (0%)  state=NORMAL
[  58.2010]  QUEUE_DEQUEUE          pkt=766  node=src1  wait=1.0ms  queue=0/1000  state=NORMAL
[  58.2010]  PACKET_TRANSMIT        pkt=766  link=src1→router  delay=1.0ms
[  58.2020]  PACKET_ARRIVAL         pkt=766  node=router  hop=1
[  58.2020]  QUEUE_DROP(full)       pkt=766  node=router  pri=0  queue=20/20 FULL
[  58.2020]  QUEUE_DEQUEUE          pkt=737  node=router  wait=1829.2ms  queue=19/20  state=DELTA_COMPRESSION
[  58.2020]  STATE_UPDATE           node=router  DELTA_COMPRESSION → DROP_LOW_PRIORITY
[  58.2020]  PACKET_TRANSMIT        pkt=737  link=router→dst  delay=5.0ms
[  58.2070]  PACKET_ARRIVAL         pkt=737  node=dst  hop=2
[  58.2070]  PACKET_DELIVER         pkt=737  flow=0  latency=1836.2ms
[  58.2296]  PACKET_GENERATE        pkt=767  flow=0  size=1415B  pri=1
[  58.2296]  QUEUE_ENQUEUE          pkt=767  node=src0  queue=1/1000 (0%)  state=NORMAL
[  58.2306]  QUEUE_DEQUEUE          pkt=767  node=src0  wait=1.0ms  queue=0/1000  state=NORMAL
[  58.2306]  PACKET_TRANSMIT        pkt=767  link=src0→router  delay=1.0ms
[  58.2316]  PACKET_ARRIVAL         pkt=767  node=router  hop=1
[  58.2316]  QUEUE_DROP(congestion) pkt=767  node=router  pri=1  state=DROP_LOW_PRIORITY
[  58.3020]  QUEUE_DEQUEUE          pkt=738  node=router  wait=1924.5ms  queue=18/20  state=DROP_LOW_PRIORITY
[  58.3020]  STATE_UPDATE           node=router  DROP_LOW_PRIORITY → INCREMENTAL_COMPRESSION
[  58.3020]  PACKET_TRANSMIT        pkt=738  link=router→dst  delay=5.0ms
[  58.3070]  PACKET_ARRIVAL         pkt=738  node=dst  hop=2
[  58.3070]  PACKET_DELIVER         pkt=738  flow=0  latency=1931.5ms
[  58.3600]  PACKET_GENERATE        pkt=768  flow=0  size=1419B  pri=1
[  58.3600]  QUEUE_ENQUEUE          pkt=768  node=src0  queue=1/1000 (0%)  state=NORMAL
[  58.3610]  QUEUE_DEQUEUE          pkt=768  node=src0  wait=1.0ms  queue=0/1000  state=NORMAL
[  58.3610]  PACKET_TRANSMIT        pkt=768  link=src0→router  delay=1.0ms
[  58.3620]  PACKET_ARRIVAL         pkt=768  node=router  hop=1
[  58.3620]  QUEUE_ENQUEUE          pkt=768  node=router  queue=19/20 (95%)  state=INCREMENTAL_COMPRESSION
[  58.4000]  PACKET_GENERATE        pkt=769  flow=1  size=100B  pri=0
[  58.4000]  QUEUE_ENQUEUE          pkt=769  node=src1  queue=1/1000 (0%)  state=NORMAL
[  58.4010]  QUEUE_DEQUEUE          pkt=769  node=src1  wait=1.0ms  queue=0/1000  state=NORMAL
[  58.4010]  PACKET_TRANSMIT        pkt=769  link=src1→router  delay=1.0ms
[  58.4020]  PACKET_ARRIVAL         pkt=769  node=router  hop=1
[  58.4020]  QUEUE_ENQUEUE          pkt=769  node=router  queue=20/20 (100%)  state=INCREMENTAL_COMPRESSION
[  58.4020]  QUEUE_DEQUEUE          pkt=742  node=router  wait=1897.2ms  queue=19/20  state=INCREMENTAL_COMPRESSION
[  58.4020]  STATE_UPDATE           node=router  INCREMENTAL_COMPRESSION → DROP_LOW_PRIORITY
[  58.4020]  PACKET_TRANSMIT        pkt=742  link=router→dst  delay=5.0ms
[  58.4070]  PACKET_ARRIVAL         pkt=742  node=dst  hop=2
[  58.4070]  PACKET_DELIVER         pkt=742  flow=0  latency=1904.2ms
[  58.4462]  PACKET_GENERATE        pkt=770  flow=0  size=1491B  pri=1
[  58.4462]  QUEUE_ENQUEUE          pkt=770  node=src0  queue=1/1000 (0%)  state=NORMAL
[  58.4472]  QUEUE_DEQUEUE          pkt=770  node=src0  wait=1.0ms  queue=0/1000  state=NORMAL
[  58.4472]  PACKET_TRANSMIT        pkt=770  link=src0→router  delay=1.0ms
[  58.4482]  PACKET_ARRIVAL         pkt=770  node=router  hop=1
[  58.4482]  QUEUE_DROP(congestion) pkt=770  node=router  pri=1  state=DROP_LOW_PRIORITY
[  58.4894]  PACKET_GENERATE        pkt=771  flow=0  size=1490B  pri=1
[  58.4894]  QUEUE_ENQUEUE          pkt=771  node=src0  queue=1/1000 (0%)  state=NORMAL
[  58.4904]  QUEUE_DEQUEUE          pkt=771  node=src0  wait=1.0ms  queue=0/1000  state=NORMAL
[  58.4904]  PACKET_TRANSMIT        pkt=771  link=src0→router  delay=1.0ms
[  58.4914]  PACKET_ARRIVAL         pkt=771  node=router  hop=1
[  58.4914]  QUEUE_DROP(congestion) pkt=771  node=router  pri=1  state=DROP_LOW_PRIORITY
[  58.5020]  QUEUE_DEQUEUE          pkt=743  node=router  wait=1900.0ms  queue=18/20  state=DROP_LOW_PRIORITY
[  58.5020]  STATE_UPDATE           node=router  DROP_LOW_PRIORITY → INCREMENTAL_COMPRESSION
[  58.5020]  PACKET_TRANSMIT        pkt=743  link=router→dst  delay=5.0ms
[  58.5070]  PACKET_ARRIVAL         pkt=743  node=dst  hop=2
[  58.5070]  PACKET_DELIVER         pkt=743  flow=1  latency=1907.0ms
[  58.5293]  PACKET_GENERATE        pkt=772  flow=0  size=1461B  pri=1
[  58.5293]  QUEUE_ENQUEUE          pkt=772  node=src0  queue=1/1000 (0%)  state=NORMAL
[  58.5303]  QUEUE_DEQUEUE          pkt=772  node=src0  wait=1.0ms  queue=0/1000  state=NORMAL
[  58.5303]  PACKET_TRANSMIT        pkt=772  link=src0→router  delay=1.0ms
[  58.5313]  PACKET_ARRIVAL         pkt=772  node=router  hop=1
[  58.5313]  QUEUE_ENQUEUE          pkt=772  node=router  queue=19/20 (95%)  state=INCREMENTAL_COMPRESSION
[  58.6000]  PACKET_GENERATE        pkt=773  flow=1  size=100B  pri=0
[  58.6000]  QUEUE_ENQUEUE          pkt=773  node=src1  queue=1/1000 (0%)  state=NORMAL
[  58.6010]  QUEUE_DEQUEUE          pkt=773  node=src1  wait=1.0ms  queue=0/1000  state=NORMAL
[  58.6010]  PACKET_TRANSMIT        pkt=773  link=src1→router  delay=1.0ms
[  58.6020]  PACKET_ARRIVAL         pkt=773  node=router  hop=1
[  58.6020]  QUEUE_ENQUEUE          pkt=773  node=router  queue=20/20 (100%)  state=INCREMENTAL_COMPRESSION
[  58.6020]  QUEUE_DEQUEUE          pkt=744  node=router  wait=1879.4ms  queue=19/20  state=INCREMENTAL_COMPRESSION
[  58.6020]  STATE_UPDATE           node=router  INCREMENTAL_COMPRESSION → DROP_LOW_PRIORITY
[  58.6020]  PACKET_TRANSMIT        pkt=744  link=router→dst  delay=5.0ms
[  58.6070]  PACKET_ARRIVAL         pkt=744  node=dst  hop=2
[  58.6070]  PACKET_DELIVER         pkt=744  flow=0  latency=1886.4ms
[  58.7020]  QUEUE_DEQUEUE          pkt=745  node=router  wait=1900.0ms  queue=18/20  state=DROP_LOW_PRIORITY
[  58.7020]  STATE_UPDATE           node=router  DROP_LOW_PRIORITY → INCREMENTAL_COMPRESSION
[  58.7020]  PACKET_TRANSMIT        pkt=745  link=router→dst  delay=5.0ms
[  58.7070]  PACKET_ARRIVAL         pkt=745  node=dst  hop=2
[  58.7070]  PACKET_DELIVER         pkt=745  flow=1  latency=1907.0ms
[  58.8000]  PACKET_GENERATE        pkt=774  flow=1  size=100B  pri=0
[  58.8000]  QUEUE_ENQUEUE          pkt=774  node=src1  queue=1/1000 (0%)  state=NORMAL
[  58.8010]  QUEUE_DEQUEUE          pkt=774  node=src1  wait=1.0ms  queue=0/1000  state=NORMAL
[  58.8010]  PACKET_TRANSMIT        pkt=774  link=src1→router  delay=1.0ms
[  58.8020]  PACKET_ARRIVAL         pkt=774  node=router  hop=1
[  58.8020]  QUEUE_ENQUEUE          pkt=774  node=router  queue=19/20 (95%)  state=INCREMENTAL_COMPRESSION
[  58.8020]  QUEUE_DEQUEUE          pkt=747  node=router  wait=1867.9ms  queue=18/20  state=INCREMENTAL_COMPRESSION
[  58.8020]  PACKET_TRANSMIT        pkt=747  link=router→dst  delay=5.0ms
[  58.8070]  PACKET_ARRIVAL         pkt=747  node=dst  hop=2
[  58.8070]  PACKET_DELIVER         pkt=747  flow=0  latency=1874.9ms
[  58.9020]  QUEUE_DEQUEUE          pkt=748  node=router  wait=1941.9ms  queue=17/20  state=INCREMENTAL_COMPRESSION
[  58.9020]  PACKET_TRANSMIT        pkt=748  link=router→dst  delay=5.0ms
[  58.9070]  PACKET_ARRIVAL         pkt=748  node=dst  hop=2
[  58.9070]  PACKET_DELIVER         pkt=748  flow=0  latency=1948.9ms
[  59.0000]  PACKET_GENERATE        pkt=775  flow=1  size=100B  pri=0
[  59.0000]  QUEUE_ENQUEUE          pkt=775  node=src1  queue=1/1000 (0%)  state=NORMAL
[  59.0010]  QUEUE_DEQUEUE          pkt=775  node=src1  wait=1.0ms  queue=0/1000  state=NORMAL
[  59.0010]  PACKET_TRANSMIT        pkt=775  link=src1→router  delay=1.0ms
[  59.0020]  PACKET_ARRIVAL         pkt=775  node=router  hop=1
[  59.0020]  QUEUE_ENQUEUE          pkt=775  node=router  queue=18/20 (90%)  state=INCREMENTAL_COMPRESSION
[  59.0020]  QUEUE_DEQUEUE          pkt=751  node=router  wait=1800.0ms  queue=17/20  state=INCREMENTAL_COMPRESSION
[  59.0020]  PACKET_TRANSMIT        pkt=751  link=router→dst  delay=5.0ms
[  59.0070]  PACKET_ARRIVAL         pkt=751  node=dst  hop=2
[  59.0070]  PACKET_DELIVER         pkt=751  flow=1  latency=1807.0ms
[  59.0198]  PACKET_GENERATE        pkt=776  flow=0  size=1431B  pri=1
[  59.0198]  QUEUE_ENQUEUE          pkt=776  node=src0  queue=1/1000 (0%)  state=NORMAL
[  59.0208]  QUEUE_DEQUEUE          pkt=776  node=src0  wait=1.0ms  queue=0/1000  state=NORMAL
[  59.0208]  PACKET_TRANSMIT        pkt=776  link=src0→router  delay=1.0ms
[  59.0218]  PACKET_ARRIVAL         pkt=776  node=router  hop=1
[  59.0218]  QUEUE_ENQUEUE          pkt=776  node=router  queue=18/20 (90%)  state=INCREMENTAL_COMPRESSION
[  59.0961]  PACKET_GENERATE        pkt=777  flow=0  size=1418B  pri=1
[  59.0961]  QUEUE_ENQUEUE          pkt=777  node=src0  queue=1/1000 (0%)  state=NORMAL
[  59.0971]  QUEUE_DEQUEUE          pkt=777  node=src0  wait=1.0ms  queue=0/1000  state=NORMAL
[  59.0971]  PACKET_TRANSMIT        pkt=777  link=src0→router  delay=1.0ms
[  59.0981]  PACKET_ARRIVAL         pkt=777  node=router  hop=1
[  59.0981]  QUEUE_ENQUEUE          pkt=777  node=router  queue=19/20 (95%)  state=INCREMENTAL_COMPRESSION
[  59.1020]  QUEUE_DEQUEUE          pkt=752  node=router  wait=1897.4ms  queue=18/20  state=INCREMENTAL_COMPRESSION
[  59.1020]  PACKET_TRANSMIT        pkt=752  link=router→dst  delay=5.0ms
[  59.1070]  PACKET_ARRIVAL         pkt=752  node=dst  hop=2
[  59.1070]  PACKET_DELIVER         pkt=752  flow=0  latency=1904.4ms
[  59.1566]  PACKET_GENERATE        pkt=778  flow=0  size=1476B  pri=1
[  59.1566]  QUEUE_ENQUEUE          pkt=778  node=src0  queue=1/1000 (0%)  state=NORMAL
[  59.1576]  QUEUE_DEQUEUE          pkt=778  node=src0  wait=1.0ms  queue=0/1000  state=NORMAL
[  59.1576]  PACKET_TRANSMIT        pkt=778  link=src0→router  delay=1.0ms
[  59.1586]  PACKET_ARRIVAL         pkt=778  node=router  hop=1
[  59.1586]  QUEUE_ENQUEUE          pkt=778  node=router  queue=19/20 (95%)  state=INCREMENTAL_COMPRESSION
[  59.2000]  PACKET_GENERATE        pkt=779  flow=1  size=100B  pri=0
[  59.2000]  QUEUE_ENQUEUE          pkt=779  node=src1  queue=1/1000 (0%)  state=NORMAL
[  59.2010]  QUEUE_DEQUEUE          pkt=779  node=src1  wait=1.0ms  queue=0/1000  state=NORMAL
[  59.2010]  PACKET_TRANSMIT        pkt=779  link=src1→router  delay=1.0ms
[  59.2020]  PACKET_ARRIVAL         pkt=779  node=router  hop=1
[  59.2020]  QUEUE_ENQUEUE          pkt=779  node=router  queue=20/20 (100%)  state=INCREMENTAL_COMPRESSION
[  59.2020]  QUEUE_DEQUEUE          pkt=753  node=router  wait=1990.7ms  queue=19/20  state=INCREMENTAL_COMPRESSION
[  59.2020]  STATE_UPDATE           node=router  INCREMENTAL_COMPRESSION → DROP_LOW_PRIORITY
[  59.2020]  PACKET_TRANSMIT        pkt=753  link=router→dst  delay=5.0ms
[  59.2070]  PACKET_ARRIVAL         pkt=753  node=dst  hop=2
[  59.2070]  PACKET_DELIVER         pkt=753  flow=0  latency=1997.7ms
[  59.2453]  PACKET_GENERATE        pkt=780  flow=0  size=1417B  pri=1
[  59.2453]  QUEUE_ENQUEUE          pkt=780  node=src0  queue=1/1000 (0%)  state=NORMAL
[  59.2463]  QUEUE_DEQUEUE          pkt=780  node=src0  wait=1.0ms  queue=0/1000  state=NORMAL
[  59.2463]  PACKET_TRANSMIT        pkt=780  link=src0→router  delay=1.0ms
[  59.2473]  PACKET_ARRIVAL         pkt=780  node=router  hop=1
[  59.2473]  QUEUE_DROP(congestion) pkt=780  node=router  pri=1  state=DROP_LOW_PRIORITY
[  59.3020]  QUEUE_DEQUEUE          pkt=756  node=router  wait=1900.0ms  queue=18/20  state=DROP_LOW_PRIORITY
[  59.3020]  STATE_UPDATE           node=router  DROP_LOW_PRIORITY → INCREMENTAL_COMPRESSION
[  59.3020]  PACKET_TRANSMIT        pkt=756  link=router→dst  delay=5.0ms
[  59.3070]  PACKET_ARRIVAL         pkt=756  node=dst  hop=2
[  59.3070]  PACKET_DELIVER         pkt=756  flow=1  latency=1907.0ms
[  59.4000]  PACKET_GENERATE        pkt=781  flow=1  size=100B  pri=0
[  59.4000]  QUEUE_ENQUEUE          pkt=781  node=src1  queue=1/1000 (0%)  state=NORMAL
[  59.4010]  QUEUE_DEQUEUE          pkt=781  node=src1  wait=1.0ms  queue=0/1000  state=NORMAL
[  59.4010]  PACKET_TRANSMIT        pkt=781  link=src1→router  delay=1.0ms
[  59.4020]  PACKET_ARRIVAL         pkt=781  node=router  hop=1
[  59.4020]  QUEUE_ENQUEUE          pkt=781  node=router  queue=19/20 (95%)  state=INCREMENTAL_COMPRESSION
[  59.4020]  QUEUE_DEQUEUE          pkt=758  node=router  wait=1800.0ms  queue=18/20  state=INCREMENTAL_COMPRESSION
[  59.4020]  PACKET_TRANSMIT        pkt=758  link=router→dst  delay=5.0ms
[  59.4070]  PACKET_ARRIVAL         pkt=758  node=dst  hop=2
[  59.4070]  PACKET_DELIVER         pkt=758  flow=1  latency=1807.0ms
[  59.4947]  PACKET_GENERATE        pkt=782  flow=0  size=1435B  pri=1
[  59.4947]  QUEUE_ENQUEUE          pkt=782  node=src0  queue=1/1000 (0%)  state=NORMAL
[  59.4957]  QUEUE_DEQUEUE          pkt=782  node=src0  wait=1.0ms  queue=0/1000  state=NORMAL
[  59.4957]  PACKET_TRANSMIT        pkt=782  link=src0→router  delay=1.0ms
[  59.4967]  PACKET_ARRIVAL         pkt=782  node=router  hop=1
[  59.4967]  QUEUE_ENQUEUE          pkt=782  node=router  queue=19/20 (95%)  state=INCREMENTAL_COMPRESSION
[  59.5020]  QUEUE_DEQUEUE          pkt=759  node=router  wait=1700.0ms  queue=18/20  state=INCREMENTAL_COMPRESSION
[  59.5020]  PACKET_TRANSMIT        pkt=759  link=router→dst  delay=5.0ms
[  59.5070]  PACKET_ARRIVAL         pkt=759  node=dst  hop=2
[  59.5070]  PACKET_DELIVER         pkt=759  flow=1  latency=1707.0ms
[  59.6000]  PACKET_GENERATE        pkt=783  flow=1  size=100B  pri=0
[  59.6000]  QUEUE_ENQUEUE          pkt=783  node=src1  queue=1/1000 (0%)  state=NORMAL
[  59.6010]  QUEUE_DEQUEUE          pkt=783  node=src1  wait=1.0ms  queue=0/1000  state=NORMAL
[  59.6010]  PACKET_TRANSMIT        pkt=783  link=src1→router  delay=1.0ms
[  59.6020]  PACKET_ARRIVAL         pkt=783  node=router  hop=1
[  59.6020]  QUEUE_ENQUEUE          pkt=783  node=router  queue=19/20 (95%)  state=INCREMENTAL_COMPRESSION
[  59.6020]  QUEUE_DEQUEUE          pkt=760  node=router  wait=1684.0ms  queue=18/20  state=INCREMENTAL_COMPRESSION
[  59.6020]  PACKET_TRANSMIT        pkt=760  link=router→dst  delay=5.0ms
[  59.6070]  PACKET_ARRIVAL         pkt=760  node=dst  hop=2
[  59.6070]  PACKET_DELIVER         pkt=760  flow=0  latency=1691.0ms
[  59.6799]  PACKET_GENERATE        pkt=784  flow=0  size=1453B  pri=1
[  59.6799]  QUEUE_ENQUEUE          pkt=784  node=src0  queue=1/1000 (0%)  state=NORMAL
[  59.6809]  QUEUE_DEQUEUE          pkt=784  node=src0  wait=1.0ms  queue=0/1000  state=NORMAL
[  59.6809]  PACKET_TRANSMIT        pkt=784  link=src0→router  delay=1.0ms
[  59.6819]  PACKET_ARRIVAL         pkt=784  node=router  hop=1
[  59.6819]  QUEUE_ENQUEUE          pkt=784  node=router  queue=19/20 (95%)  state=INCREMENTAL_COMPRESSION
[  59.7020]  QUEUE_DEQUEUE          pkt=761  node=router  wait=1700.0ms  queue=18/20  state=INCREMENTAL_COMPRESSION
[  59.7020]  PACKET_TRANSMIT        pkt=761  link=router→dst  delay=5.0ms
[  59.7070]  PACKET_ARRIVAL         pkt=761  node=dst  hop=2
[  59.7070]  PACKET_DELIVER         pkt=761  flow=1  latency=1707.0ms
[  59.7318]  PACKET_GENERATE        pkt=785  flow=0  size=1500B  pri=1
[  59.7318]  QUEUE_ENQUEUE          pkt=785  node=src0  queue=1/1000 (0%)  state=NORMAL
[  59.7328]  QUEUE_DEQUEUE          pkt=785  node=src0  wait=1.0ms  queue=0/1000  state=NORMAL
[  59.7328]  PACKET_TRANSMIT        pkt=785  link=src0→router  delay=1.0ms
[  59.7338]  PACKET_ARRIVAL         pkt=785  node=router  hop=1
[  59.7338]  QUEUE_ENQUEUE          pkt=785  node=router  queue=19/20 (95%)  state=INCREMENTAL_COMPRESSION
[  59.8000]  PACKET_GENERATE        pkt=786  flow=1  size=100B  pri=0
[  59.8000]  QUEUE_ENQUEUE          pkt=786  node=src1  queue=1/1000 (0%)  state=NORMAL
[  59.8010]  QUEUE_DEQUEUE          pkt=786  node=src1  wait=1.0ms  queue=0/1000  state=NORMAL
[  59.8010]  PACKET_TRANSMIT        pkt=786  link=src1→router  delay=1.0ms
[  59.8020]  PACKET_ARRIVAL         pkt=786  node=router  hop=1
[  59.8020]  QUEUE_ENQUEUE          pkt=786  node=router  queue=20/20 (100%)  state=INCREMENTAL_COMPRESSION
[  59.8020]  QUEUE_DEQUEUE          pkt=762  node=router  wait=1683.3ms  queue=19/20  state=INCREMENTAL_COMPRESSION
[  59.8020]  STATE_UPDATE           node=router  INCREMENTAL_COMPRESSION → DROP_LOW_PRIORITY
[  59.8020]  PACKET_TRANSMIT        pkt=762  link=router→dst  delay=5.0ms
[  59.8070]  PACKET_ARRIVAL         pkt=762  node=dst  hop=2
[  59.8070]  PACKET_DELIVER         pkt=762  flow=0  latency=1690.3ms
[  59.8204]  PACKET_GENERATE        pkt=787  flow=0  size=1400B  pri=1
[  59.8204]  QUEUE_ENQUEUE          pkt=787  node=src0  queue=1/1000 (0%)  state=NORMAL
[  59.8214]  QUEUE_DEQUEUE          pkt=787  node=src0  wait=1.0ms  queue=0/1000  state=NORMAL
[  59.8214]  PACKET_TRANSMIT        pkt=787  link=src0→router  delay=1.0ms
[  59.8224]  PACKET_ARRIVAL         pkt=787  node=router  hop=1
[  59.8224]  QUEUE_DROP(congestion) pkt=787  node=router  pri=1  state=DROP_LOW_PRIORITY
[  59.8620]  PACKET_GENERATE        pkt=788  flow=0  size=1438B  pri=1
[  59.8620]  QUEUE_ENQUEUE          pkt=788  node=src0  queue=1/1000 (0%)  state=NORMAL
[  59.8630]  QUEUE_DEQUEUE          pkt=788  node=src0  wait=1.0ms  queue=0/1000  state=NORMAL
[  59.8630]  PACKET_TRANSMIT        pkt=788  link=src0→router  delay=1.0ms
[  59.8640]  PACKET_ARRIVAL         pkt=788  node=router  hop=1
[  59.8640]  QUEUE_DROP(congestion) pkt=788  node=router  pri=1  state=DROP_LOW_PRIORITY
[  59.9020]  QUEUE_DEQUEUE          pkt=763  node=router  wait=1761.7ms  queue=18/20  state=DROP_LOW_PRIORITY
[  59.9020]  STATE_UPDATE           node=router  DROP_LOW_PRIORITY → INCREMENTAL_COMPRESSION
[  59.9020]  PACKET_TRANSMIT        pkt=763  link=router→dst  delay=5.0ms
[  59.9070]  PACKET_ARRIVAL         pkt=763  node=dst  hop=2
[  59.9070]  PACKET_DELIVER         pkt=763  flow=0  latency=1768.7ms
[  60.0000]  METRIC_SAMPLE          tput= 5.00 pkt/s  PDR=0.569  lat=1741.33ms  q_occ=0.225  drops= 322  state=INCREMENTAL_COMPRESSION
[  60.0000]  PACKET_GENERATE        pkt=789  flow=1  size=100B  pri=0
[  60.0000]  QUEUE_ENQUEUE          pkt=789  node=src1  queue=1/1000 (0%)  state=NORMAL
[  60.0010]  QUEUE_DEQUEUE          pkt=789  node=src1  wait=1.0ms  queue=0/1000  state=NORMAL
[  60.0010]  PACKET_TRANSMIT        pkt=789  link=src1→router  delay=1.0ms
[  60.0020]  PACKET_ARRIVAL         pkt=789  node=router  hop=1
[  60.0020]  QUEUE_ENQUEUE          pkt=789  node=router  queue=19/20 (95%)  state=INCREMENTAL_COMPRESSION
[  60.0020]  QUEUE_DEQUEUE          pkt=764  node=router  wait=1860.0ms  queue=18/20  state=INCREMENTAL_COMPRESSION
[  60.0020]  PACKET_TRANSMIT        pkt=764  link=router→dst  delay=5.0ms
[  60.0070]  PACKET_ARRIVAL         pkt=764  node=dst  hop=2
[  60.0070]  PACKET_DELIVER         pkt=764  flow=0  latency=1867.0ms
[  60.0891]  PACKET_GENERATE        pkt=790  flow=0  size=1474B  pri=1
[  60.0891]  QUEUE_ENQUEUE          pkt=790  node=src0  queue=1/1000 (0%)  state=NORMAL
[  60.0901]  QUEUE_DEQUEUE          pkt=790  node=src0  wait=1.0ms  queue=0/1000  state=NORMAL
[  60.0901]  PACKET_TRANSMIT        pkt=790  link=src0→router  delay=1.0ms
[  60.0911]  PACKET_ARRIVAL         pkt=790  node=router  hop=1
[  60.0911]  QUEUE_ENQUEUE          pkt=790  node=router  queue=19/20 (95%)  state=INCREMENTAL_COMPRESSION
[  60.1020]  QUEUE_DEQUEUE          pkt=765  node=router  wait=1947.8ms  queue=18/20  state=INCREMENTAL_COMPRESSION
[  60.1020]  PACKET_TRANSMIT        pkt=765  link=router→dst  delay=5.0ms
[  60.1070]  PACKET_ARRIVAL         pkt=765  node=dst  hop=2
[  60.1070]  PACKET_DELIVER         pkt=765  flow=0  latency=1954.8ms
[  60.2000]  PACKET_GENERATE        pkt=791  flow=1  size=100B  pri=0
[  60.2000]  QUEUE_ENQUEUE          pkt=791  node=src1  queue=1/1000 (0%)  state=NORMAL
[  60.2010]  QUEUE_DEQUEUE          pkt=791  node=src1  wait=1.0ms  queue=0/1000  state=NORMAL
[  60.2010]  PACKET_TRANSMIT        pkt=791  link=src1→router  delay=1.0ms
[  60.2020]  PACKET_ARRIVAL         pkt=791  node=router  hop=1
[  60.2020]  QUEUE_ENQUEUE          pkt=791  node=router  queue=19/20 (95%)  state=INCREMENTAL_COMPRESSION
[  60.2020]  QUEUE_DEQUEUE          pkt=768  node=router  wait=1840.0ms  queue=18/20  state=INCREMENTAL_COMPRESSION
[  60.2020]  PACKET_TRANSMIT        pkt=768  link=router→dst  delay=5.0ms
[  60.2070]  PACKET_ARRIVAL         pkt=768  node=dst  hop=2
[  60.2070]  PACKET_DELIVER         pkt=768  flow=0  latency=1847.0ms
[  60.3020]  QUEUE_DEQUEUE          pkt=769  node=router  wait=1900.0ms  queue=17/20  state=INCREMENTAL_COMPRESSION
[  60.3020]  PACKET_TRANSMIT        pkt=769  link=router→dst  delay=5.0ms
[  60.3070]  PACKET_ARRIVAL         pkt=769  node=dst  hop=2
[  60.3070]  PACKET_DELIVER         pkt=769  flow=1  latency=1907.0ms
[  60.4000]  PACKET_GENERATE        pkt=792  flow=1  size=100B  pri=0
[  60.4000]  QUEUE_ENQUEUE          pkt=792  node=src1  queue=1/1000 (0%)  state=NORMAL
[  60.4010]  QUEUE_DEQUEUE          pkt=792  node=src1  wait=1.0ms  queue=0/1000  state=NORMAL
[  60.4010]  PACKET_TRANSMIT        pkt=792  link=src1→router  delay=1.0ms
[  60.4020]  PACKET_ARRIVAL         pkt=792  node=router  hop=1
[  60.4020]  QUEUE_ENQUEUE          pkt=792  node=router  queue=18/20 (90%)  state=INCREMENTAL_COMPRESSION
[  60.4020]  QUEUE_DEQUEUE          pkt=772  node=router  wait=1870.7ms  queue=17/20  state=INCREMENTAL_COMPRESSION
[  60.4020]  PACKET_TRANSMIT        pkt=772  link=router→dst  delay=5.0ms
[  60.4070]  PACKET_ARRIVAL         pkt=772  node=dst  hop=2
[  60.4070]  PACKET_DELIVER         pkt=772  flow=0  latency=1877.7ms
[  60.5020]  QUEUE_DEQUEUE          pkt=773  node=router  wait=1900.0ms  queue=16/20  state=INCREMENTAL_COMPRESSION
[  60.5020]  STATE_UPDATE           node=router  INCREMENTAL_COMPRESSION → DELTA_COMPRESSION
[  60.5020]  PACKET_TRANSMIT        pkt=773  link=router→dst  delay=5.0ms
[  60.5070]  PACKET_ARRIVAL         pkt=773  node=dst  hop=2
[  60.5070]  PACKET_DELIVER         pkt=773  flow=1  latency=1907.0ms
[  60.6000]  PACKET_GENERATE        pkt=793  flow=1  size=100B  pri=0
[  60.6000]  QUEUE_ENQUEUE          pkt=793  node=src1  queue=1/1000 (0%)  state=NORMAL
[  60.6010]  QUEUE_DEQUEUE          pkt=793  node=src1  wait=1.0ms  queue=0/1000  state=NORMAL
[  60.6010]  PACKET_TRANSMIT        pkt=793  link=src1→router  delay=1.0ms
[  60.6020]  PACKET_ARRIVAL         pkt=793  node=router  hop=1
[  60.6020]  QUEUE_ENQUEUE          pkt=793  node=router  queue=17/20 (85%)  state=DELTA_COMPRESSION
[  60.6020]  QUEUE_DEQUEUE          pkt=774  node=router  wait=1800.0ms  queue=16/20  state=DELTA_COMPRESSION
[  60.6020]  PACKET_TRANSMIT        pkt=774  link=router→dst  delay=5.0ms
[  60.6070]  PACKET_ARRIVAL         pkt=774  node=dst  hop=2
[  60.6070]  PACKET_DELIVER         pkt=774  flow=1  latency=1807.0ms
[  60.7020]  QUEUE_DEQUEUE          pkt=775  node=router  wait=1700.0ms  queue=15/20  state=DELTA_COMPRESSION
[  60.7020]  PACKET_TRANSMIT        pkt=775  link=router→dst  delay=5.0ms
[  60.7070]  PACKET_ARRIVAL         pkt=775  node=dst  hop=2
[  60.7070]  PACKET_DELIVER         pkt=775  flow=1  latency=1707.0ms
[  60.8000]  PACKET_GENERATE        pkt=794  flow=1  size=100B  pri=0
[  60.8000]  QUEUE_ENQUEUE          pkt=794  node=src1  queue=1/1000 (0%)  state=NORMAL
[  60.8010]  QUEUE_DEQUEUE          pkt=794  node=src1  wait=1.0ms  queue=0/1000  state=NORMAL
[  60.8010]  PACKET_TRANSMIT        pkt=794  link=src1→router  delay=1.0ms
[  60.8020]  PACKET_ARRIVAL         pkt=794  node=router  hop=1
[  60.8020]  QUEUE_ENQUEUE          pkt=794  node=router  queue=16/20 (80%)  state=DELTA_COMPRESSION
[  60.8020]  QUEUE_DEQUEUE          pkt=776  node=router  wait=1780.2ms  queue=15/20  state=DELTA_COMPRESSION
[  60.8020]  PACKET_TRANSMIT        pkt=776  link=router→dst  delay=5.0ms
[  60.8070]  PACKET_ARRIVAL         pkt=776  node=dst  hop=2
[  60.8070]  PACKET_DELIVER         pkt=776  flow=0  latency=1787.2ms
[  60.9020]  QUEUE_DEQUEUE          pkt=777  node=router  wait=1803.9ms  queue=14/20  state=DELTA_COMPRESSION
[  60.9020]  PACKET_TRANSMIT        pkt=777  link=router→dst  delay=5.0ms
[  60.9070]  PACKET_ARRIVAL         pkt=777  node=dst  hop=2
[  60.9070]  PACKET_DELIVER         pkt=777  flow=0  latency=1810.9ms
[  60.9409]  PACKET_GENERATE        pkt=795  flow=0  size=1462B  pri=1
[  60.9409]  QUEUE_ENQUEUE          pkt=795  node=src0  queue=1/1000 (0%)  state=NORMAL
[  60.9419]  QUEUE_DEQUEUE          pkt=795  node=src0  wait=1.0ms  queue=0/1000  state=NORMAL
[  60.9419]  PACKET_TRANSMIT        pkt=795  link=src0→router  delay=1.0ms
[  60.9429]  PACKET_ARRIVAL         pkt=795  node=router  hop=1
[  60.9429]  QUEUE_ENQUEUE          pkt=795  node=router  queue=15/20 (75%)  state=DELTA_COMPRESSION
[  61.0000]  PACKET_GENERATE        pkt=796  flow=1  size=100B  pri=0
[  61.0000]  QUEUE_ENQUEUE          pkt=796  node=src1  queue=1/1000 (0%)  state=NORMAL
[  61.0010]  QUEUE_DEQUEUE          pkt=796  node=src1  wait=1.0ms  queue=0/1000  state=NORMAL
[  61.0010]  PACKET_TRANSMIT        pkt=796  link=src1→router  delay=1.0ms
[  61.0020]  PACKET_ARRIVAL         pkt=796  node=router  hop=1
[  61.0020]  QUEUE_ENQUEUE          pkt=796  node=router  queue=16/20 (80%)  state=DELTA_COMPRESSION
[  61.0020]  QUEUE_DEQUEUE          pkt=778  node=router  wait=1843.4ms  queue=15/20  state=DELTA_COMPRESSION
[  61.0020]  PACKET_TRANSMIT        pkt=778  link=router→dst  delay=5.0ms
[  61.0070]  PACKET_ARRIVAL         pkt=778  node=dst  hop=2
[  61.0070]  PACKET_DELIVER         pkt=778  flow=0  latency=1850.4ms
[  61.1020]  QUEUE_DEQUEUE          pkt=779  node=router  wait=1900.0ms  queue=14/20  state=DELTA_COMPRESSION
[  61.1020]  PACKET_TRANSMIT        pkt=779  link=router→dst  delay=5.0ms
[  61.1070]  PACKET_ARRIVAL         pkt=779  node=dst  hop=2
[  61.1070]  PACKET_DELIVER         pkt=779  flow=1  latency=1907.0ms
[  61.1915]  PACKET_GENERATE        pkt=797  flow=0  size=1457B  pri=1
[  61.1915]  QUEUE_ENQUEUE          pkt=797  node=src0  queue=1/1000 (0%)  state=NORMAL
[  61.1925]  QUEUE_DEQUEUE          pkt=797  node=src0  wait=1.0ms  queue=0/1000  state=NORMAL
[  61.1925]  PACKET_TRANSMIT        pkt=797  link=src0→router  delay=1.0ms
[  61.1935]  PACKET_ARRIVAL         pkt=797  node=router  hop=1
[  61.1935]  QUEUE_ENQUEUE          pkt=797  node=router  queue=15/20 (75%)  state=DELTA_COMPRESSION
[  61.2000]  PACKET_GENERATE        pkt=798  flow=1  size=100B  pri=0
[  61.2000]  QUEUE_ENQUEUE          pkt=798  node=src1  queue=1/1000 (0%)  state=NORMAL
[  61.2010]  QUEUE_DEQUEUE          pkt=798  node=src1  wait=1.0ms  queue=0/1000  state=NORMAL
[  61.2010]  PACKET_TRANSMIT        pkt=798  link=src1→router  delay=1.0ms
[  61.2020]  PACKET_ARRIVAL         pkt=798  node=router  hop=1
[  61.2020]  QUEUE_ENQUEUE          pkt=798  node=router  queue=16/20 (80%)  state=DELTA_COMPRESSION
[  61.2020]  QUEUE_DEQUEUE          pkt=781  node=router  wait=1800.0ms  queue=15/20  state=DELTA_COMPRESSION
[  61.2020]  PACKET_TRANSMIT        pkt=781  link=router→dst  delay=5.0ms
[  61.2070]  PACKET_ARRIVAL         pkt=781  node=dst  hop=2
[  61.2070]  PACKET_DELIVER         pkt=781  flow=1  latency=1807.0ms
[  61.2881]  PACKET_GENERATE        pkt=799  flow=0  size=1444B  pri=1
[  61.2881]  QUEUE_ENQUEUE          pkt=799  node=src0  queue=1/1000 (0%)  state=NORMAL
[  61.2891]  QUEUE_DEQUEUE          pkt=799  node=src0  wait=1.0ms  queue=0/1000  state=NORMAL
[  61.2891]  PACKET_TRANSMIT        pkt=799  link=src0→router  delay=1.0ms
[  61.2901]  PACKET_ARRIVAL         pkt=799  node=router  hop=1
[  61.2901]  QUEUE_ENQUEUE          pkt=799  node=router  queue=16/20 (80%)  state=DELTA_COMPRESSION
[  61.3020]  QUEUE_DEQUEUE          pkt=782  node=router  wait=1805.3ms  queue=15/20  state=DELTA_COMPRESSION
[  61.3020]  PACKET_TRANSMIT        pkt=782  link=router→dst  delay=5.0ms
[  61.3070]  PACKET_ARRIVAL         pkt=782  node=dst  hop=2
[  61.3070]  PACKET_DELIVER         pkt=782  flow=0  latency=1812.3ms
[  61.3387]  PACKET_GENERATE        pkt=800  flow=0  size=1497B  pri=1
[  61.3387]  QUEUE_ENQUEUE          pkt=800  node=src0  queue=1/1000 (0%)  state=NORMAL
[  61.3397]  QUEUE_DEQUEUE          pkt=800  node=src0  wait=1.0ms  queue=0/1000  state=NORMAL
[  61.3397]  PACKET_TRANSMIT        pkt=800  link=src0→router  delay=1.0ms
[  61.3407]  PACKET_ARRIVAL         pkt=800  node=router  hop=1
[  61.3407]  QUEUE_ENQUEUE          pkt=800  node=router  queue=16/20 (80%)  state=DELTA_COMPRESSION
[  61.4000]  PACKET_GENERATE        pkt=801  flow=1  size=100B  pri=0
[  61.4000]  QUEUE_ENQUEUE          pkt=801  node=src1  queue=1/1000 (0%)  state=NORMAL
[  61.4010]  QUEUE_DEQUEUE          pkt=801  node=src1  wait=1.0ms  queue=0/1000  state=NORMAL
[  61.4010]  PACKET_TRANSMIT        pkt=801  link=src1→router  delay=1.0ms
[  61.4020]  PACKET_ARRIVAL         pkt=801  node=router  hop=1
[  61.4020]  QUEUE_ENQUEUE          pkt=801  node=router  queue=17/20 (85%)  state=DELTA_COMPRESSION
[  61.4020]  QUEUE_DEQUEUE          pkt=783  node=router  wait=1800.0ms  queue=16/20  state=DELTA_COMPRESSION
[  61.4020]  PACKET_TRANSMIT        pkt=783  link=router→dst  delay=5.0ms
[  61.4070]  PACKET_ARRIVAL         pkt=783  node=dst  hop=2
[  61.4070]  PACKET_DELIVER         pkt=783  flow=1  latency=1807.0ms
[  61.4367]  PACKET_GENERATE        pkt=802  flow=0  size=1458B  pri=1
[  61.4367]  QUEUE_ENQUEUE          pkt=802  node=src0  queue=1/1000 (0%)  state=NORMAL
[  61.4377]  QUEUE_DEQUEUE          pkt=802  node=src0  wait=1.0ms  queue=0/1000  state=NORMAL
[  61.4377]  PACKET_TRANSMIT        pkt=802  link=src0→router  delay=1.0ms
[  61.4387]  PACKET_ARRIVAL         pkt=802  node=router  hop=1
[  61.4387]  QUEUE_ENQUEUE          pkt=802  node=router  queue=17/20 (85%)  state=DELTA_COMPRESSION
[  61.5020]  QUEUE_DEQUEUE          pkt=784  node=router  wait=1820.1ms  queue=16/20  state=DELTA_COMPRESSION
[  61.5020]  PACKET_TRANSMIT        pkt=784  link=router→dst  delay=5.0ms
[  61.5070]  PACKET_ARRIVAL         pkt=784  node=dst  hop=2
[  61.5070]  PACKET_DELIVER         pkt=784  flow=0  latency=1827.1ms
[  61.6000]  PACKET_GENERATE        pkt=803  flow=1  size=100B  pri=0
[  61.6000]  QUEUE_ENQUEUE          pkt=803  node=src1  queue=1/1000 (0%)  state=NORMAL
[  61.6010]  QUEUE_DEQUEUE          pkt=803  node=src1  wait=1.0ms  queue=0/1000  state=NORMAL
[  61.6010]  PACKET_TRANSMIT        pkt=803  link=src1→router  delay=1.0ms
[  61.6020]  PACKET_ARRIVAL         pkt=803  node=router  hop=1
[  61.6020]  QUEUE_ENQUEUE          pkt=803  node=router  queue=17/20 (85%)  state=DELTA_COMPRESSION
[  61.6020]  QUEUE_DEQUEUE          pkt=785  node=router  wait=1868.2ms  queue=16/20  state=DELTA_COMPRESSION
[  61.6020]  PACKET_TRANSMIT        pkt=785  link=router→dst  delay=5.0ms
[  61.6070]  PACKET_ARRIVAL         pkt=785  node=dst  hop=2
[  61.6070]  PACKET_DELIVER         pkt=785  flow=0  latency=1875.2ms
[  61.7020]  QUEUE_DEQUEUE          pkt=786  node=router  wait=1900.0ms  queue=15/20  state=DELTA_COMPRESSION
[  61.7020]  PACKET_TRANSMIT        pkt=786  link=router→dst  delay=5.0ms
[  61.7070]  PACKET_ARRIVAL         pkt=786  node=dst  hop=2
[  61.7070]  PACKET_DELIVER         pkt=786  flow=1  latency=1907.0ms
[  61.7743]  PACKET_GENERATE        pkt=804  flow=0  size=1424B  pri=1
[  61.7743]  QUEUE_ENQUEUE          pkt=804  node=src0  queue=1/1000 (0%)  state=NORMAL
[  61.7753]  QUEUE_DEQUEUE          pkt=804  node=src0  wait=1.0ms  queue=0/1000  state=NORMAL
[  61.7753]  PACKET_TRANSMIT        pkt=804  link=src0→router  delay=1.0ms
[  61.7763]  PACKET_ARRIVAL         pkt=804  node=router  hop=1
[  61.7763]  QUEUE_ENQUEUE          pkt=804  node=router  queue=16/20 (80%)  state=DELTA_COMPRESSION
[  61.8000]  PACKET_GENERATE        pkt=805  flow=1  size=100B  pri=0
[  61.8000]  QUEUE_ENQUEUE          pkt=805  node=src1  queue=1/1000 (0%)  state=NORMAL
[  61.8010]  QUEUE_DEQUEUE          pkt=805  node=src1  wait=1.0ms  queue=0/1000  state=NORMAL
[  61.8010]  PACKET_TRANSMIT        pkt=805  link=src1→router  delay=1.0ms
[  61.8020]  PACKET_ARRIVAL         pkt=805  node=router  hop=1
[  61.8020]  QUEUE_ENQUEUE          pkt=805  node=router  queue=17/20 (85%)  state=DELTA_COMPRESSION
[  61.8020]  QUEUE_DEQUEUE          pkt=789  node=router  wait=1800.0ms  queue=16/20  state=DELTA_COMPRESSION
[  61.8020]  PACKET_TRANSMIT        pkt=789  link=router→dst  delay=5.0ms
[  61.8070]  PACKET_ARRIVAL         pkt=789  node=dst  hop=2
[  61.8070]  PACKET_DELIVER         pkt=789  flow=1  latency=1807.0ms
[  61.9020]  QUEUE_DEQUEUE          pkt=790  node=router  wait=1810.9ms  queue=15/20  state=DELTA_COMPRESSION
[  61.9020]  PACKET_TRANSMIT        pkt=790  link=router→dst  delay=5.0ms
[  61.9070]  PACKET_ARRIVAL         pkt=790  node=dst  hop=2
[  61.9070]  PACKET_DELIVER         pkt=790  flow=0  latency=1817.9ms
[  62.0000]  PACKET_GENERATE        pkt=806  flow=1  size=100B  pri=0
[  62.0000]  QUEUE_ENQUEUE          pkt=806  node=src1  queue=1/1000 (0%)  state=NORMAL
[  62.0010]  QUEUE_DEQUEUE          pkt=806  node=src1  wait=1.0ms  queue=0/1000  state=NORMAL
[  62.0010]  PACKET_TRANSMIT        pkt=806  link=src1→router  delay=1.0ms
[  62.0020]  PACKET_ARRIVAL         pkt=806  node=router  hop=1
[  62.0020]  QUEUE_ENQUEUE          pkt=806  node=router  queue=16/20 (80%)  state=DELTA_COMPRESSION
[  62.0020]  QUEUE_DEQUEUE          pkt=791  node=router  wait=1800.0ms  queue=15/20  state=DELTA_COMPRESSION
[  62.0020]  PACKET_TRANSMIT        pkt=791  link=router→dst  delay=5.0ms
[  62.0070]  PACKET_ARRIVAL         pkt=791  node=dst  hop=2
[  62.0070]  PACKET_DELIVER         pkt=791  flow=1  latency=1807.0ms
[  62.1020]  QUEUE_DEQUEUE          pkt=792  node=router  wait=1700.0ms  queue=14/20  state=DELTA_COMPRESSION
[  62.1020]  PACKET_TRANSMIT        pkt=792  link=router→dst  delay=5.0ms
[  62.1070]  PACKET_ARRIVAL         pkt=792  node=dst  hop=2
[  62.1070]  PACKET_DELIVER         pkt=792  flow=1  latency=1707.0ms
[  62.2000]  PACKET_GENERATE        pkt=807  flow=1  size=100B  pri=0
[  62.2000]  QUEUE_ENQUEUE          pkt=807  node=src1  queue=1/1000 (0%)  state=NORMAL
[  62.2010]  QUEUE_DEQUEUE          pkt=807  node=src1  wait=1.0ms  queue=0/1000  state=NORMAL
[  62.2010]  PACKET_TRANSMIT        pkt=807  link=src1→router  delay=1.0ms
[  62.2020]  PACKET_ARRIVAL         pkt=807  node=router  hop=1
[  62.2020]  QUEUE_ENQUEUE          pkt=807  node=router  queue=15/20 (75%)  state=DELTA_COMPRESSION
[  62.2020]  QUEUE_DEQUEUE          pkt=793  node=router  wait=1600.0ms  queue=14/20  state=DELTA_COMPRESSION
[  62.2020]  PACKET_TRANSMIT        pkt=793  link=router→dst  delay=5.0ms
[  62.2070]  PACKET_ARRIVAL         pkt=793  node=dst  hop=2
[  62.2070]  PACKET_DELIVER         pkt=793  flow=1  latency=1607.0ms
[  62.2682]  PACKET_GENERATE        pkt=808  flow=0  size=1430B  pri=1
[  62.2682]  QUEUE_ENQUEUE          pkt=808  node=src0  queue=1/1000 (0%)  state=NORMAL
[  62.2692]  QUEUE_DEQUEUE          pkt=808  node=src0  wait=1.0ms  queue=0/1000  state=NORMAL
[  62.2692]  PACKET_TRANSMIT        pkt=808  link=src0→router  delay=1.0ms
[  62.2702]  PACKET_ARRIVAL         pkt=808  node=router  hop=1
[  62.2702]  QUEUE_ENQUEUE          pkt=808  node=router  queue=15/20 (75%)  state=DELTA_COMPRESSION
[  62.3020]  QUEUE_DEQUEUE          pkt=794  node=router  wait=1500.0ms  queue=14/20  state=DELTA_COMPRESSION
[  62.3020]  PACKET_TRANSMIT        pkt=794  link=router→dst  delay=5.0ms
[  62.3070]  PACKET_ARRIVAL         pkt=794  node=dst  hop=2
[  62.3070]  PACKET_DELIVER         pkt=794  flow=1  latency=1507.0ms
[  62.3742]  PACKET_GENERATE        pkt=809  flow=0  size=1429B  pri=1
[  62.3742]  QUEUE_ENQUEUE          pkt=809  node=src0  queue=1/1000 (0%)  state=NORMAL
[  62.3752]  QUEUE_DEQUEUE          pkt=809  node=src0  wait=1.0ms  queue=0/1000  state=NORMAL
[  62.3752]  PACKET_TRANSMIT        pkt=809  link=src0→router  delay=1.0ms
[  62.3762]  PACKET_ARRIVAL         pkt=809  node=router  hop=1
[  62.3762]  QUEUE_ENQUEUE          pkt=809  node=router  queue=15/20 (75%)  state=DELTA_COMPRESSION
[  62.4000]  PACKET_GENERATE        pkt=810  flow=1  size=100B  pri=0
[  62.4000]  QUEUE_ENQUEUE          pkt=810  node=src1  queue=1/1000 (0%)  state=NORMAL
[  62.4010]  QUEUE_DEQUEUE          pkt=810  node=src1  wait=1.0ms  queue=0/1000  state=NORMAL
[  62.4010]  PACKET_TRANSMIT        pkt=810  link=src1→router  delay=1.0ms
[  62.4020]  PACKET_ARRIVAL         pkt=810  node=router  hop=1
[  62.4020]  QUEUE_ENQUEUE          pkt=810  node=router  queue=16/20 (80%)  state=DELTA_COMPRESSION
[  62.4020]  QUEUE_DEQUEUE          pkt=795  node=router  wait=1459.1ms  queue=15/20  state=DELTA_COMPRESSION
[  62.4020]  PACKET_TRANSMIT        pkt=795  link=router→dst  delay=5.0ms
[  62.4070]  PACKET_ARRIVAL         pkt=795  node=dst  hop=2
[  62.4070]  PACKET_DELIVER         pkt=795  flow=0  latency=1466.1ms
[  62.5020]  QUEUE_DEQUEUE          pkt=796  node=router  wait=1500.0ms  queue=14/20  state=DELTA_COMPRESSION
[  62.5020]  PACKET_TRANSMIT        pkt=796  link=router→dst  delay=5.0ms
[  62.5070]  PACKET_ARRIVAL         pkt=796  node=dst  hop=2
[  62.5070]  PACKET_DELIVER         pkt=796  flow=1  latency=1507.0ms
[  62.6000]  PACKET_GENERATE        pkt=811  flow=1  size=100B  pri=0
[  62.6000]  QUEUE_ENQUEUE          pkt=811  node=src1  queue=1/1000 (0%)  state=NORMAL
[  62.6010]  QUEUE_DEQUEUE          pkt=811  node=src1  wait=1.0ms  queue=0/1000  state=NORMAL
[  62.6010]  PACKET_TRANSMIT        pkt=811  link=src1→router  delay=1.0ms
[  62.6020]  PACKET_ARRIVAL         pkt=811  node=router  hop=1
[  62.6020]  QUEUE_ENQUEUE          pkt=811  node=router  queue=15/20 (75%)  state=DELTA_COMPRESSION
[  62.6020]  QUEUE_DEQUEUE          pkt=797  node=router  wait=1408.5ms  queue=14/20  state=DELTA_COMPRESSION
[  62.6020]  PACKET_TRANSMIT        pkt=797  link=router→dst  delay=5.0ms
[  62.6070]  PACKET_ARRIVAL         pkt=797  node=dst  hop=2
[  62.6070]  PACKET_DELIVER         pkt=797  flow=0  latency=1415.5ms
[  62.6165]  PACKET_GENERATE        pkt=812  flow=0  size=1452B  pri=1
[  62.6165]  QUEUE_ENQUEUE          pkt=812  node=src0  queue=1/1000 (0%)  state=NORMAL
[  62.6175]  QUEUE_DEQUEUE          pkt=812  node=src0  wait=1.0ms  queue=0/1000  state=NORMAL
[  62.6175]  PACKET_TRANSMIT        pkt=812  link=src0→router  delay=1.0ms
[  62.6185]  PACKET_ARRIVAL         pkt=812  node=router  hop=1
[  62.6185]  QUEUE_ENQUEUE          pkt=812  node=router  queue=15/20 (75%)  state=DELTA_COMPRESSION
[  62.6221]  PACKET_GENERATE        pkt=813  flow=0  size=1495B  pri=1
[  62.6221]  QUEUE_ENQUEUE          pkt=813  node=src0  queue=1/1000 (0%)  state=NORMAL
[  62.6231]  QUEUE_DEQUEUE          pkt=813  node=src0  wait=1.0ms  queue=0/1000  state=NORMAL
[  62.6231]  PACKET_TRANSMIT        pkt=813  link=src0→router  delay=1.0ms
[  62.6241]  PACKET_ARRIVAL         pkt=813  node=router  hop=1
[  62.6241]  QUEUE_ENQUEUE          pkt=813  node=router  queue=16/20 (80%)  state=DELTA_COMPRESSION
[  62.7020]  QUEUE_DEQUEUE          pkt=798  node=router  wait=1500.0ms  queue=15/20  state=DELTA_COMPRESSION
[  62.7020]  PACKET_TRANSMIT        pkt=798  link=router→dst  delay=5.0ms
[  62.7021]  PACKET_GENERATE        pkt=814  flow=0  size=1448B  pri=1
[  62.7021]  QUEUE_ENQUEUE          pkt=814  node=src0  queue=1/1000 (0%)  state=NORMAL
[  62.7031]  QUEUE_DEQUEUE          pkt=814  node=src0  wait=1.0ms  queue=0/1000  state=NORMAL
[  62.7031]  PACKET_TRANSMIT        pkt=814  link=src0→router  delay=1.0ms
[  62.7041]  PACKET_ARRIVAL         pkt=814  node=router  hop=1
[  62.7041]  QUEUE_ENQUEUE          pkt=814  node=router  queue=16/20 (80%)  state=DELTA_COMPRESSION
[  62.7070]  PACKET_ARRIVAL         pkt=798  node=dst  hop=2
[  62.7070]  PACKET_DELIVER         pkt=798  flow=1  latency=1507.0ms
[  62.7631]  PACKET_GENERATE        pkt=815  flow=0  size=1484B  pri=1
[  62.7631]  QUEUE_ENQUEUE          pkt=815  node=src0  queue=1/1000 (0%)  state=NORMAL
[  62.7641]  QUEUE_DEQUEUE          pkt=815  node=src0  wait=1.0ms  queue=0/1000  state=NORMAL
[  62.7641]  PACKET_TRANSMIT        pkt=815  link=src0→router  delay=1.0ms
[  62.7651]  PACKET_ARRIVAL         pkt=815  node=router  hop=1
[  62.7651]  QUEUE_ENQUEUE          pkt=815  node=router  queue=17/20 (85%)  state=DELTA_COMPRESSION
[  62.8000]  PACKET_GENERATE        pkt=816  flow=1  size=100B  pri=0
[  62.8000]  QUEUE_ENQUEUE          pkt=816  node=src1  queue=1/1000 (0%)  state=NORMAL
[  62.8010]  QUEUE_DEQUEUE          pkt=816  node=src1  wait=1.0ms  queue=0/1000  state=NORMAL
[  62.8010]  PACKET_TRANSMIT        pkt=816  link=src1→router  delay=1.0ms
[  62.8020]  PACKET_ARRIVAL         pkt=816  node=router  hop=1
[  62.8020]  QUEUE_ENQUEUE          pkt=816  node=router  queue=18/20 (90%)  state=DELTA_COMPRESSION
[  62.8020]  QUEUE_DEQUEUE          pkt=799  node=router  wait=1511.9ms  queue=17/20  state=DELTA_COMPRESSION
[  62.8020]  STATE_UPDATE           node=router  DELTA_COMPRESSION → INCREMENTAL_COMPRESSION
[  62.8020]  PACKET_TRANSMIT        pkt=799  link=router→dst  delay=5.0ms
[  62.8070]  PACKET_ARRIVAL         pkt=799  node=dst  hop=2
[  62.8070]  PACKET_DELIVER         pkt=799  flow=0  latency=1518.9ms
[  62.9020]  QUEUE_DEQUEUE          pkt=800  node=router  wait=1561.3ms  queue=16/20  state=INCREMENTAL_COMPRESSION
[  62.9020]  STATE_UPDATE           node=router  INCREMENTAL_COMPRESSION → DELTA_COMPRESSION
[  62.9020]  PACKET_TRANSMIT        pkt=800  link=router→dst  delay=5.0ms
[  62.9070]  PACKET_ARRIVAL         pkt=800  node=dst  hop=2
[  62.9070]  PACKET_DELIVER         pkt=800  flow=0  latency=1568.3ms
[  62.9596]  PACKET_GENERATE        pkt=817  flow=0  size=1483B  pri=1
[  62.9596]  QUEUE_ENQUEUE          pkt=817  node=src0  queue=1/1000 (0%)  state=NORMAL
[  62.9606]  QUEUE_DEQUEUE          pkt=817  node=src0  wait=1.0ms  queue=0/1000  state=NORMAL
[  62.9606]  PACKET_TRANSMIT        pkt=817  link=src0→router  delay=1.0ms
[  62.9616]  PACKET_ARRIVAL         pkt=817  node=router  hop=1
[  62.9616]  QUEUE_ENQUEUE          pkt=817  node=router  queue=17/20 (85%)  state=DELTA_COMPRESSION
[  63.0000]  PACKET_GENERATE        pkt=818  flow=1  size=100B  pri=0
[  63.0000]  QUEUE_ENQUEUE          pkt=818  node=src1  queue=1/1000 (0%)  state=NORMAL
[  63.0010]  QUEUE_DEQUEUE          pkt=818  node=src1  wait=1.0ms  queue=0/1000  state=NORMAL
[  63.0010]  PACKET_TRANSMIT        pkt=818  link=src1→router  delay=1.0ms
[  63.0020]  PACKET_ARRIVAL         pkt=818  node=router  hop=1
[  63.0020]  QUEUE_ENQUEUE          pkt=818  node=router  queue=18/20 (90%)  state=DELTA_COMPRESSION
[  63.0020]  QUEUE_DEQUEUE          pkt=801  node=router  wait=1600.0ms  queue=17/20  state=DELTA_COMPRESSION
[  63.0020]  STATE_UPDATE           node=router  DELTA_COMPRESSION → INCREMENTAL_COMPRESSION
[  63.0020]  PACKET_TRANSMIT        pkt=801  link=router→dst  delay=5.0ms
[  63.0070]  PACKET_ARRIVAL         pkt=801  node=dst  hop=2
[  63.0070]  PACKET_DELIVER         pkt=801  flow=1  latency=1607.0ms
[  63.1020]  QUEUE_DEQUEUE          pkt=802  node=router  wait=1663.3ms  queue=16/20  state=INCREMENTAL_COMPRESSION
[  63.1020]  STATE_UPDATE           node=router  INCREMENTAL_COMPRESSION → DELTA_COMPRESSION
[  63.1020]  PACKET_TRANSMIT        pkt=802  link=router→dst  delay=5.0ms
[  63.1070]  PACKET_ARRIVAL         pkt=802  node=dst  hop=2
[  63.1070]  PACKET_DELIVER         pkt=802  flow=0  latency=1670.3ms
[  63.2000]  PACKET_GENERATE        pkt=819  flow=1  size=100B  pri=0
[  63.2000]  QUEUE_ENQUEUE          pkt=819  node=src1  queue=1/1000 (0%)  state=NORMAL
[  63.2010]  QUEUE_DEQUEUE          pkt=819  node=src1  wait=1.0ms  queue=0/1000  state=NORMAL
[  63.2010]  PACKET_TRANSMIT        pkt=819  link=src1→router  delay=1.0ms
[  63.2020]  PACKET_ARRIVAL         pkt=819  node=router  hop=1
[  63.2020]  QUEUE_ENQUEUE          pkt=819  node=router  queue=17/20 (85%)  state=DELTA_COMPRESSION
[  63.2020]  QUEUE_DEQUEUE          pkt=803  node=router  wait=1600.0ms  queue=16/20  state=DELTA_COMPRESSION
[  63.2020]  PACKET_TRANSMIT        pkt=803  link=router→dst  delay=5.0ms
[  63.2070]  PACKET_ARRIVAL         pkt=803  node=dst  hop=2
[  63.2070]  PACKET_DELIVER         pkt=803  flow=1  latency=1607.0ms
[  63.3020]  QUEUE_DEQUEUE          pkt=804  node=router  wait=1525.7ms  queue=15/20  state=DELTA_COMPRESSION
[  63.3020]  PACKET_TRANSMIT        pkt=804  link=router→dst  delay=5.0ms
[  63.3070]  PACKET_ARRIVAL         pkt=804  node=dst  hop=2
[  63.3070]  PACKET_DELIVER         pkt=804  flow=0  latency=1532.7ms
[  63.4000]  PACKET_GENERATE        pkt=820  flow=1  size=100B  pri=0
[  63.4000]  QUEUE_ENQUEUE          pkt=820  node=src1  queue=1/1000 (0%)  state=NORMAL
[  63.4010]  QUEUE_DEQUEUE          pkt=820  node=src1  wait=1.0ms  queue=0/1000  state=NORMAL
[  63.4010]  PACKET_TRANSMIT        pkt=820  link=src1→router  delay=1.0ms
[  63.4020]  PACKET_ARRIVAL         pkt=820  node=router  hop=1
[  63.4020]  QUEUE_ENQUEUE          pkt=820  node=router  queue=16/20 (80%)  state=DELTA_COMPRESSION
[  63.4020]  QUEUE_DEQUEUE          pkt=805  node=router  wait=1600.0ms  queue=15/20  state=DELTA_COMPRESSION
[  63.4020]  PACKET_TRANSMIT        pkt=805  link=router→dst  delay=5.0ms
[  63.4070]  PACKET_ARRIVAL         pkt=805  node=dst  hop=2
[  63.4070]  PACKET_DELIVER         pkt=805  flow=1  latency=1607.0ms
[  63.4539]  PACKET_GENERATE        pkt=821  flow=0  size=1463B  pri=1
[  63.4539]  QUEUE_ENQUEUE          pkt=821  node=src0  queue=1/1000 (0%)  state=NORMAL
[  63.4549]  QUEUE_DEQUEUE          pkt=821  node=src0  wait=1.0ms  queue=0/1000  state=NORMAL
[  63.4549]  PACKET_TRANSMIT        pkt=821  link=src0→router  delay=1.0ms
[  63.4559]  PACKET_ARRIVAL         pkt=821  node=router  hop=1
[  63.4559]  QUEUE_ENQUEUE          pkt=821  node=router  queue=16/20 (80%)  state=DELTA_COMPRESSION
[  63.5020]  QUEUE_DEQUEUE          pkt=806  node=router  wait=1500.0ms  queue=15/20  state=DELTA_COMPRESSION
[  63.5020]  PACKET_TRANSMIT        pkt=806  link=router→dst  delay=5.0ms
[  63.5070]  PACKET_ARRIVAL         pkt=806  node=dst  hop=2
[  63.5070]  PACKET_DELIVER         pkt=806  flow=1  latency=1507.0ms
[  63.6000]  PACKET_GENERATE        pkt=822  flow=1  size=100B  pri=0
[  63.6000]  QUEUE_ENQUEUE          pkt=822  node=src1  queue=1/1000 (0%)  state=NORMAL
[  63.6010]  QUEUE_DEQUEUE          pkt=822  node=src1  wait=1.0ms  queue=0/1000  state=NORMAL
[  63.6010]  PACKET_TRANSMIT        pkt=822  link=src1→router  delay=1.0ms
[  63.6020]  PACKET_ARRIVAL         pkt=822  node=router  hop=1
[  63.6020]  QUEUE_ENQUEUE          pkt=822  node=router  queue=16/20 (80%)  state=DELTA_COMPRESSION
[  63.6020]  QUEUE_DEQUEUE          pkt=807  node=router  wait=1400.0ms  queue=15/20  state=DELTA_COMPRESSION
[  63.6020]  PACKET_TRANSMIT        pkt=807  link=router→dst  delay=5.0ms
[  63.6070]  PACKET_ARRIVAL         pkt=807  node=dst  hop=2
[  63.6070]  PACKET_DELIVER         pkt=807  flow=1  latency=1407.0ms
[  63.7020]  QUEUE_DEQUEUE          pkt=808  node=router  wait=1431.8ms  queue=14/20  state=DELTA_COMPRESSION
[  63.7020]  PACKET_TRANSMIT        pkt=808  link=router→dst  delay=5.0ms
[  63.7070]  PACKET_ARRIVAL         pkt=808  node=dst  hop=2
[  63.7070]  PACKET_DELIVER         pkt=808  flow=0  latency=1438.8ms
[  63.8000]  PACKET_GENERATE        pkt=823  flow=1  size=100B  pri=0
[  63.8000]  QUEUE_ENQUEUE          pkt=823  node=src1  queue=1/1000 (0%)  state=NORMAL
[  63.8010]  QUEUE_DEQUEUE          pkt=823  node=src1  wait=1.0ms  queue=0/1000  state=NORMAL
[  63.8010]  PACKET_TRANSMIT        pkt=823  link=src1→router  delay=1.0ms
[  63.8020]  PACKET_ARRIVAL         pkt=823  node=router  hop=1
[  63.8020]  QUEUE_ENQUEUE          pkt=823  node=router  queue=15/20 (75%)  state=DELTA_COMPRESSION
[  63.8020]  QUEUE_DEQUEUE          pkt=809  node=router  wait=1425.8ms  queue=14/20  state=DELTA_COMPRESSION
[  63.8020]  PACKET_TRANSMIT        pkt=809  link=router→dst  delay=5.0ms
[  63.8070]  PACKET_ARRIVAL         pkt=809  node=dst  hop=2
[  63.8070]  PACKET_DELIVER         pkt=809  flow=0  latency=1432.8ms
[  63.8723]  PACKET_GENERATE        pkt=824  flow=0  size=1416B  pri=1
[  63.8723]  QUEUE_ENQUEUE          pkt=824  node=src0  queue=1/1000 (0%)  state=NORMAL
[  63.8733]  QUEUE_DEQUEUE          pkt=824  node=src0  wait=1.0ms  queue=0/1000  state=NORMAL
[  63.8733]  PACKET_TRANSMIT        pkt=824  link=src0→router  delay=1.0ms
[  63.8743]  PACKET_ARRIVAL         pkt=824  node=router  hop=1
[  63.8743]  QUEUE_ENQUEUE          pkt=824  node=router  queue=15/20 (75%)  state=DELTA_COMPRESSION
[  63.9020]  QUEUE_DEQUEUE          pkt=810  node=router  wait=1500.0ms  queue=14/20  state=DELTA_COMPRESSION
[  63.9020]  PACKET_TRANSMIT        pkt=810  link=router→dst  delay=5.0ms
[  63.9070]  PACKET_ARRIVAL         pkt=810  node=dst  hop=2
[  63.9070]  PACKET_DELIVER         pkt=810  flow=1  latency=1507.0ms
[  63.9595]  PACKET_GENERATE        pkt=825  flow=0  size=1475B  pri=1
[  63.9595]  QUEUE_ENQUEUE          pkt=825  node=src0  queue=1/1000 (0%)  state=NORMAL
[  63.9605]  QUEUE_DEQUEUE          pkt=825  node=src0  wait=1.0ms  queue=0/1000  state=NORMAL
[  63.9605]  PACKET_TRANSMIT        pkt=825  link=src0→router  delay=1.0ms
[  63.9615]  PACKET_ARRIVAL         pkt=825  node=router  hop=1
[  63.9615]  QUEUE_ENQUEUE          pkt=825  node=router  queue=15/20 (75%)  state=DELTA_COMPRESSION
[  64.0000]  PACKET_GENERATE        pkt=826  flow=1  size=100B  pri=0
[  64.0000]  QUEUE_ENQUEUE          pkt=826  node=src1  queue=1/1000 (0%)  state=NORMAL
[  64.0010]  QUEUE_DEQUEUE          pkt=826  node=src1  wait=1.0ms  queue=0/1000  state=NORMAL
[  64.0010]  PACKET_TRANSMIT        pkt=826  link=src1→router  delay=1.0ms
[  64.0020]  PACKET_ARRIVAL         pkt=826  node=router  hop=1
[  64.0020]  QUEUE_ENQUEUE          pkt=826  node=router  queue=16/20 (80%)  state=DELTA_COMPRESSION
[  64.0020]  QUEUE_DEQUEUE          pkt=811  node=router  wait=1400.0ms  queue=15/20  state=DELTA_COMPRESSION
[  64.0020]  PACKET_TRANSMIT        pkt=811  link=router→dst  delay=5.0ms
[  64.0070]  PACKET_ARRIVAL         pkt=811  node=dst  hop=2
[  64.0070]  PACKET_DELIVER         pkt=811  flow=1  latency=1407.0ms
[  64.0099]  PACKET_GENERATE        pkt=827  flow=0  size=1412B  pri=1
[  64.0099]  QUEUE_ENQUEUE          pkt=827  node=src0  queue=1/1000 (0%)  state=NORMAL
[  64.0109]  QUEUE_DEQUEUE          pkt=827  node=src0  wait=1.0ms  queue=0/1000  state=NORMAL
[  64.0109]  PACKET_TRANSMIT        pkt=827  link=src0→router  delay=1.0ms
[  64.0119]  PACKET_ARRIVAL         pkt=827  node=router  hop=1
[  64.0119]  QUEUE_ENQUEUE          pkt=827  node=router  queue=16/20 (80%)  state=DELTA_COMPRESSION
[  64.1020]  QUEUE_DEQUEUE          pkt=812  node=router  wait=1483.5ms  queue=15/20  state=DELTA_COMPRESSION
[  64.1020]  PACKET_TRANSMIT        pkt=812  link=router→dst  delay=5.0ms
[  64.1070]  PACKET_ARRIVAL         pkt=812  node=dst  hop=2
[  64.1070]  PACKET_DELIVER         pkt=812  flow=0  latency=1490.5ms
[  64.2000]  PACKET_GENERATE        pkt=828  flow=1  size=100B  pri=0
[  64.2000]  QUEUE_ENQUEUE          pkt=828  node=src1  queue=1/1000 (0%)  state=NORMAL
[  64.2010]  QUEUE_DEQUEUE          pkt=828  node=src1  wait=1.0ms  queue=0/1000  state=NORMAL
[  64.2010]  PACKET_TRANSMIT        pkt=828  link=src1→router  delay=1.0ms
[  64.2020]  PACKET_ARRIVAL         pkt=828  node=router  hop=1
[  64.2020]  QUEUE_ENQUEUE          pkt=828  node=router  queue=16/20 (80%)  state=DELTA_COMPRESSION
[  64.2020]  QUEUE_DEQUEUE          pkt=813  node=router  wait=1577.9ms  queue=15/20  state=DELTA_COMPRESSION
[  64.2020]  PACKET_TRANSMIT        pkt=813  link=router→dst  delay=5.0ms
[  64.2070]  PACKET_ARRIVAL         pkt=813  node=dst  hop=2
[  64.2070]  PACKET_DELIVER         pkt=813  flow=0  latency=1584.9ms
[  64.2691]  PACKET_GENERATE        pkt=829  flow=0  size=1456B  pri=1
[  64.2691]  QUEUE_ENQUEUE          pkt=829  node=src0  queue=1/1000 (0%)  state=NORMAL
[  64.2701]  QUEUE_DEQUEUE          pkt=829  node=src0  wait=1.0ms  queue=0/1000  state=NORMAL
[  64.2701]  PACKET_TRANSMIT        pkt=829  link=src0→router  delay=1.0ms
[  64.2711]  PACKET_ARRIVAL         pkt=829  node=router  hop=1
[  64.2711]  QUEUE_ENQUEUE          pkt=829  node=router  queue=16/20 (80%)  state=DELTA_COMPRESSION
[  64.2822]  PACKET_GENERATE        pkt=830  flow=0  size=1458B  pri=1
[  64.2822]  QUEUE_ENQUEUE          pkt=830  node=src0  queue=1/1000 (0%)  state=NORMAL
[  64.2832]  QUEUE_DEQUEUE          pkt=830  node=src0  wait=1.0ms  queue=0/1000  state=NORMAL
[  64.2832]  PACKET_TRANSMIT        pkt=830  link=src0→router  delay=1.0ms
[  64.2841]  PACKET_GENERATE        pkt=831  flow=0  size=1418B  pri=1
[  64.2841]  QUEUE_ENQUEUE          pkt=831  node=src0  queue=1/1000 (0%)  state=NORMAL
[  64.2842]  PACKET_ARRIVAL         pkt=830  node=router  hop=1
[  64.2842]  QUEUE_ENQUEUE          pkt=830  node=router  queue=17/20 (85%)  state=DELTA_COMPRESSION
[  64.2851]  QUEUE_DEQUEUE          pkt=831  node=src0  wait=1.0ms  queue=0/1000  state=NORMAL
[  64.2851]  PACKET_TRANSMIT        pkt=831  link=src0→router  delay=1.0ms
[  64.2861]  PACKET_ARRIVAL         pkt=831  node=router  hop=1
[  64.2861]  QUEUE_ENQUEUE          pkt=831  node=router  queue=18/20 (90%)  state=DELTA_COMPRESSION
[  64.3020]  QUEUE_DEQUEUE          pkt=814  node=router  wait=1597.9ms  queue=17/20  state=DELTA_COMPRESSION
[  64.3020]  STATE_UPDATE           node=router  DELTA_COMPRESSION → INCREMENTAL_COMPRESSION
[  64.3020]  PACKET_TRANSMIT        pkt=814  link=router→dst  delay=5.0ms
[  64.3070]  PACKET_ARRIVAL         pkt=814  node=dst  hop=2
[  64.3070]  PACKET_DELIVER         pkt=814  flow=0  latency=1604.9ms
[  64.3501]  PACKET_GENERATE        pkt=832  flow=0  size=1483B  pri=1
[  64.3501]  QUEUE_ENQUEUE          pkt=832  node=src0  queue=1/1000 (0%)  state=NORMAL
[  64.3511]  QUEUE_DEQUEUE          pkt=832  node=src0  wait=1.0ms  queue=0/1000  state=NORMAL
[  64.3511]  PACKET_TRANSMIT        pkt=832  link=src0→router  delay=1.0ms
[  64.3521]  PACKET_ARRIVAL         pkt=832  node=router  hop=1
[  64.3521]  QUEUE_ENQUEUE          pkt=832  node=router  queue=18/20 (90%)  state=INCREMENTAL_COMPRESSION
[  64.4000]  PACKET_GENERATE        pkt=833  flow=1  size=100B  pri=0
[  64.4000]  QUEUE_ENQUEUE          pkt=833  node=src1  queue=1/1000 (0%)  state=NORMAL
[  64.4010]  QUEUE_DEQUEUE          pkt=833  node=src1  wait=1.0ms  queue=0/1000  state=NORMAL
[  64.4010]  PACKET_TRANSMIT        pkt=833  link=src1→router  delay=1.0ms
[  64.4020]  PACKET_ARRIVAL         pkt=833  node=router  hop=1
[  64.4020]  QUEUE_ENQUEUE          pkt=833  node=router  queue=19/20 (95%)  state=INCREMENTAL_COMPRESSION
[  64.4020]  QUEUE_DEQUEUE          pkt=815  node=router  wait=1636.9ms  queue=18/20  state=INCREMENTAL_COMPRESSION
[  64.4020]  PACKET_TRANSMIT        pkt=815  link=router→dst  delay=5.0ms
[  64.4070]  PACKET_ARRIVAL         pkt=815  node=dst  hop=2
[  64.4070]  PACKET_DELIVER         pkt=815  flow=0  latency=1643.9ms
[  64.5020]  QUEUE_DEQUEUE          pkt=816  node=router  wait=1700.0ms  queue=17/20  state=INCREMENTAL_COMPRESSION
[  64.5020]  PACKET_TRANSMIT        pkt=816  link=router→dst  delay=5.0ms
[  64.5070]  PACKET_ARRIVAL         pkt=816  node=dst  hop=2
[  64.5070]  PACKET_DELIVER         pkt=816  flow=1  latency=1707.0ms
[  64.6000]  PACKET_GENERATE        pkt=834  flow=1  size=100B  pri=0
[  64.6000]  QUEUE_ENQUEUE          pkt=834  node=src1  queue=1/1000 (0%)  state=NORMAL
[  64.6010]  QUEUE_DEQUEUE          pkt=834  node=src1  wait=1.0ms  queue=0/1000  state=NORMAL
[  64.6010]  PACKET_TRANSMIT        pkt=834  link=src1→router  delay=1.0ms
[  64.6020]  PACKET_ARRIVAL         pkt=834  node=router  hop=1
[  64.6020]  QUEUE_ENQUEUE          pkt=834  node=router  queue=18/20 (90%)  state=INCREMENTAL_COMPRESSION
[  64.6020]  QUEUE_DEQUEUE          pkt=817  node=router  wait=1640.4ms  queue=17/20  state=INCREMENTAL_COMPRESSION
[  64.6020]  PACKET_TRANSMIT        pkt=817  link=router→dst  delay=5.0ms
[  64.6070]  PACKET_ARRIVAL         pkt=817  node=dst  hop=2
[  64.6070]  PACKET_DELIVER         pkt=817  flow=0  latency=1647.4ms
[  64.7020]  QUEUE_DEQUEUE          pkt=818  node=router  wait=1700.0ms  queue=16/20  state=INCREMENTAL_COMPRESSION
[  64.7020]  STATE_UPDATE           node=router  INCREMENTAL_COMPRESSION → DELTA_COMPRESSION
[  64.7020]  PACKET_TRANSMIT        pkt=818  link=router→dst  delay=5.0ms
[  64.7070]  PACKET_ARRIVAL         pkt=818  node=dst  hop=2
[  64.7070]  PACKET_DELIVER         pkt=818  flow=1  latency=1707.0ms
[  64.7882]  PACKET_GENERATE        pkt=835  flow=0  size=1409B  pri=1
[  64.7882]  QUEUE_ENQUEUE          pkt=835  node=src0  queue=1/1000 (0%)  state=NORMAL
[  64.7892]  QUEUE_DEQUEUE          pkt=835  node=src0  wait=1.0ms  queue=0/1000  state=NORMAL
[  64.7892]  PACKET_TRANSMIT        pkt=835  link=src0→router  delay=1.0ms
[  64.7902]  PACKET_ARRIVAL         pkt=835  node=router  hop=1
[  64.7902]  QUEUE_ENQUEUE          pkt=835  node=router  queue=17/20 (85%)  state=DELTA_COMPRESSION
[  64.8000]  PACKET_GENERATE        pkt=836  flow=1  size=100B  pri=0
[  64.8000]  QUEUE_ENQUEUE          pkt=836  node=src1  queue=1/1000 (0%)  state=NORMAL
[  64.8010]  QUEUE_DEQUEUE          pkt=836  node=src1  wait=1.0ms  queue=0/1000  state=NORMAL
[  64.8010]  PACKET_TRANSMIT        pkt=836  link=src1→router  delay=1.0ms
[  64.8020]  PACKET_ARRIVAL         pkt=836  node=router  hop=1
[  64.8020]  QUEUE_ENQUEUE          pkt=836  node=router  queue=18/20 (90%)  state=DELTA_COMPRESSION
[  64.8020]  QUEUE_DEQUEUE          pkt=819  node=router  wait=1600.0ms  queue=17/20  state=DELTA_COMPRESSION
[  64.8020]  STATE_UPDATE           node=router  DELTA_COMPRESSION → INCREMENTAL_COMPRESSION
[  64.8020]  PACKET_TRANSMIT        pkt=819  link=router→dst  delay=5.0ms
[  64.8070]  PACKET_ARRIVAL         pkt=819  node=dst  hop=2
[  64.8070]  PACKET_DELIVER         pkt=819  flow=1  latency=1607.0ms
[  64.8674]  PACKET_GENERATE        pkt=837  flow=0  size=1433B  pri=1
[  64.8674]  QUEUE_ENQUEUE          pkt=837  node=src0  queue=1/1000 (0%)  state=NORMAL
[  64.8684]  QUEUE_DEQUEUE          pkt=837  node=src0  wait=1.0ms  queue=0/1000  state=NORMAL
[  64.8684]  PACKET_TRANSMIT        pkt=837  link=src0→router  delay=1.0ms
[  64.8694]  PACKET_ARRIVAL         pkt=837  node=router  hop=1
[  64.8694]  QUEUE_ENQUEUE          pkt=837  node=router  queue=18/20 (90%)  state=INCREMENTAL_COMPRESSION
[  64.9020]  QUEUE_DEQUEUE          pkt=820  node=router  wait=1500.0ms  queue=17/20  state=INCREMENTAL_COMPRESSION
[  64.9020]  PACKET_TRANSMIT        pkt=820  link=router→dst  delay=5.0ms
[  64.9070]  PACKET_ARRIVAL         pkt=820  node=dst  hop=2
[  64.9070]  PACKET_DELIVER         pkt=820  flow=1  latency=1507.0ms
[  64.9191]  PACKET_GENERATE        pkt=838  flow=0  size=1488B  pri=1
[  64.9191]  QUEUE_ENQUEUE          pkt=838  node=src0  queue=1/1000 (0%)  state=NORMAL
[  64.9201]  QUEUE_DEQUEUE          pkt=838  node=src0  wait=1.0ms  queue=0/1000  state=NORMAL
[  64.9201]  PACKET_TRANSMIT        pkt=838  link=src0→router  delay=1.0ms
[  64.9211]  PACKET_ARRIVAL         pkt=838  node=router  hop=1
[  64.9211]  QUEUE_ENQUEUE          pkt=838  node=router  queue=18/20 (90%)  state=INCREMENTAL_COMPRESSION
[  64.9824]  PACKET_GENERATE        pkt=839  flow=0  size=1410B  pri=1
[  64.9824]  QUEUE_ENQUEUE          pkt=839  node=src0  queue=1/1000 (0%)  state=NORMAL
[  64.9834]  QUEUE_DEQUEUE          pkt=839  node=src0  wait=1.0ms  queue=0/1000  state=NORMAL
[  64.9834]  PACKET_TRANSMIT        pkt=839  link=src0→router  delay=1.0ms
[  64.9844]  PACKET_ARRIVAL         pkt=839  node=router  hop=1
[  64.9844]  QUEUE_ENQUEUE          pkt=839  node=router  queue=19/20 (95%)  state=INCREMENTAL_COMPRESSION
[  65.0000]  PACKET_GENERATE        pkt=840  flow=1  size=100B  pri=0
[  65.0000]  QUEUE_ENQUEUE          pkt=840  node=src1  queue=1/1000 (0%)  state=NORMAL
[  65.0010]  QUEUE_DEQUEUE          pkt=840  node=src1  wait=1.0ms  queue=0/1000  state=NORMAL
[  65.0010]  PACKET_TRANSMIT        pkt=840  link=src1→router  delay=1.0ms
[  65.0020]  PACKET_ARRIVAL         pkt=840  node=router  hop=1
[  65.0020]  QUEUE_ENQUEUE          pkt=840  node=router  queue=20/20 (100%)  state=INCREMENTAL_COMPRESSION
[  65.0020]  QUEUE_DEQUEUE          pkt=821  node=router  wait=1546.1ms  queue=19/20  state=INCREMENTAL_COMPRESSION
[  65.0020]  STATE_UPDATE           node=router  INCREMENTAL_COMPRESSION → DROP_LOW_PRIORITY
[  65.0020]  PACKET_TRANSMIT        pkt=821  link=router→dst  delay=5.0ms
[  65.0070]  PACKET_ARRIVAL         pkt=821  node=dst  hop=2
[  65.0070]  PACKET_DELIVER         pkt=821  flow=0  latency=1553.1ms
[  65.1020]  QUEUE_DEQUEUE          pkt=822  node=router  wait=1500.0ms  queue=18/20  state=DROP_LOW_PRIORITY
[  65.1020]  STATE_UPDATE           node=router  DROP_LOW_PRIORITY → INCREMENTAL_COMPRESSION
[  65.1020]  PACKET_TRANSMIT        pkt=822  link=router→dst  delay=5.0ms
[  65.1070]  PACKET_ARRIVAL         pkt=822  node=dst  hop=2
[  65.1070]  PACKET_DELIVER         pkt=822  flow=1  latency=1507.0ms
[  65.2000]  PACKET_GENERATE        pkt=841  flow=1  size=100B  pri=0
[  65.2000]  QUEUE_ENQUEUE          pkt=841  node=src1  queue=1/1000 (0%)  state=NORMAL
[  65.2010]  QUEUE_DEQUEUE          pkt=841  node=src1  wait=1.0ms  queue=0/1000  state=NORMAL
[  65.2010]  PACKET_TRANSMIT        pkt=841  link=src1→router  delay=1.0ms
[  65.2020]  PACKET_ARRIVAL         pkt=841  node=router  hop=1
[  65.2020]  QUEUE_ENQUEUE          pkt=841  node=router  queue=19/20 (95%)  state=INCREMENTAL_COMPRESSION
[  65.2020]  QUEUE_DEQUEUE          pkt=823  node=router  wait=1400.0ms  queue=18/20  state=INCREMENTAL_COMPRESSION
[  65.2020]  PACKET_TRANSMIT        pkt=823  link=router→dst  delay=5.0ms
[  65.2070]  PACKET_ARRIVAL         pkt=823  node=dst  hop=2
[  65.2070]  PACKET_DELIVER         pkt=823  flow=1  latency=1407.0ms
[  65.2211]  PACKET_GENERATE        pkt=842  flow=0  size=1486B  pri=1
[  65.2211]  QUEUE_ENQUEUE          pkt=842  node=src0  queue=1/1000 (0%)  state=NORMAL
[  65.2221]  QUEUE_DEQUEUE          pkt=842  node=src0  wait=1.0ms  queue=0/1000  state=NORMAL
[  65.2221]  PACKET_TRANSMIT        pkt=842  link=src0→router  delay=1.0ms
[  65.2231]  PACKET_ARRIVAL         pkt=842  node=router  hop=1
[  65.2231]  QUEUE_ENQUEUE          pkt=842  node=router  queue=19/20 (95%)  state=INCREMENTAL_COMPRESSION
[  65.3020]  QUEUE_DEQUEUE          pkt=824  node=router  wait=1427.7ms  queue=18/20  state=INCREMENTAL_COMPRESSION
[  65.3020]  PACKET_TRANSMIT        pkt=824  link=router→dst  delay=5.0ms
[  65.3070]  PACKET_ARRIVAL         pkt=824  node=dst  hop=2
[  65.3070]  PACKET_DELIVER         pkt=824  flow=0  latency=1434.7ms
[  65.4000]  PACKET_GENERATE        pkt=843  flow=1  size=100B  pri=0
[  65.4000]  QUEUE_ENQUEUE          pkt=843  node=src1  queue=1/1000 (0%)  state=NORMAL
[  65.4010]  QUEUE_DEQUEUE          pkt=843  node=src1  wait=1.0ms  queue=0/1000  state=NORMAL
[  65.4010]  PACKET_TRANSMIT        pkt=843  link=src1→router  delay=1.0ms
[  65.4020]  PACKET_ARRIVAL         pkt=843  node=router  hop=1
[  65.4020]  QUEUE_ENQUEUE          pkt=843  node=router  queue=19/20 (95%)  state=INCREMENTAL_COMPRESSION
[  65.4020]  QUEUE_DEQUEUE          pkt=825  node=router  wait=1440.5ms  queue=18/20  state=INCREMENTAL_COMPRESSION
[  65.4020]  PACKET_TRANSMIT        pkt=825  link=router→dst  delay=5.0ms
[  65.4070]  PACKET_ARRIVAL         pkt=825  node=dst  hop=2
[  65.4070]  PACKET_DELIVER         pkt=825  flow=0  latency=1447.5ms
[  65.4662]  PACKET_GENERATE        pkt=844  flow=0  size=1448B  pri=1
[  65.4662]  QUEUE_ENQUEUE          pkt=844  node=src0  queue=1/1000 (0%)  state=NORMAL
[  65.4672]  QUEUE_DEQUEUE          pkt=844  node=src0  wait=1.0ms  queue=0/1000  state=NORMAL
[  65.4672]  PACKET_TRANSMIT        pkt=844  link=src0→router  delay=1.0ms
[  65.4682]  PACKET_ARRIVAL         pkt=844  node=router  hop=1
[  65.4682]  QUEUE_ENQUEUE          pkt=844  node=router  queue=19/20 (95%)  state=INCREMENTAL_COMPRESSION
[  65.5020]  QUEUE_DEQUEUE          pkt=826  node=router  wait=1500.0ms  queue=18/20  state=INCREMENTAL_COMPRESSION
[  65.5020]  PACKET_TRANSMIT        pkt=826  link=router→dst  delay=5.0ms
[  65.5070]  PACKET_ARRIVAL         pkt=826  node=dst  hop=2
[  65.5070]  PACKET_DELIVER         pkt=826  flow=1  latency=1507.0ms
[  65.6000]  PACKET_GENERATE        pkt=845  flow=1  size=100B  pri=0
[  65.6000]  QUEUE_ENQUEUE          pkt=845  node=src1  queue=1/1000 (0%)  state=NORMAL
[  65.6010]  QUEUE_DEQUEUE          pkt=845  node=src1  wait=1.0ms  queue=0/1000  state=NORMAL
[  65.6010]  PACKET_TRANSMIT        pkt=845  link=src1→router  delay=1.0ms
[  65.6020]  PACKET_ARRIVAL         pkt=845  node=router  hop=1
[  65.6020]  QUEUE_ENQUEUE          pkt=845  node=router  queue=19/20 (95%)  state=INCREMENTAL_COMPRESSION
[  65.6020]  QUEUE_DEQUEUE          pkt=827  node=router  wait=1590.1ms  queue=18/20  state=INCREMENTAL_COMPRESSION
[  65.6020]  PACKET_TRANSMIT        pkt=827  link=router→dst  delay=5.0ms
[  65.6070]  PACKET_ARRIVAL         pkt=827  node=dst  hop=2
[  65.6070]  PACKET_DELIVER         pkt=827  flow=0  latency=1597.1ms
[  65.7020]  QUEUE_DEQUEUE          pkt=828  node=router  wait=1500.0ms  queue=17/20  state=INCREMENTAL_COMPRESSION
[  65.7020]  PACKET_TRANSMIT        pkt=828  link=router→dst  delay=5.0ms
[  65.7070]  PACKET_ARRIVAL         pkt=828  node=dst  hop=2
[  65.7070]  PACKET_DELIVER         pkt=828  flow=1  latency=1507.0ms
[  65.8000]  PACKET_GENERATE        pkt=846  flow=1  size=100B  pri=0
[  65.8000]  QUEUE_ENQUEUE          pkt=846  node=src1  queue=1/1000 (0%)  state=NORMAL
[  65.8010]  QUEUE_DEQUEUE          pkt=846  node=src1  wait=1.0ms  queue=0/1000  state=NORMAL
[  65.8010]  PACKET_TRANSMIT        pkt=846  link=src1→router  delay=1.0ms
[  65.8020]  PACKET_ARRIVAL         pkt=846  node=router  hop=1
[  65.8020]  QUEUE_ENQUEUE          pkt=846  node=router  queue=18/20 (90%)  state=INCREMENTAL_COMPRESSION
[  65.8020]  QUEUE_DEQUEUE          pkt=829  node=router  wait=1530.9ms  queue=17/20  state=INCREMENTAL_COMPRESSION
[  65.8020]  PACKET_TRANSMIT        pkt=829  link=router→dst  delay=5.0ms
[  65.8070]  PACKET_ARRIVAL         pkt=829  node=dst  hop=2
[  65.8070]  PACKET_DELIVER         pkt=829  flow=0  latency=1537.9ms
[  65.8515]  PACKET_GENERATE        pkt=847  flow=0  size=1480B  pri=1
[  65.8515]  QUEUE_ENQUEUE          pkt=847  node=src0  queue=1/1000 (0%)  state=NORMAL
[  65.8525]  QUEUE_DEQUEUE          pkt=847  node=src0  wait=1.0ms  queue=0/1000  state=NORMAL
[  65.8525]  PACKET_TRANSMIT        pkt=847  link=src0→router  delay=1.0ms
[  65.8535]  PACKET_ARRIVAL         pkt=847  node=router  hop=1
[  65.8535]  QUEUE_ENQUEUE          pkt=847  node=router  queue=18/20 (90%)  state=INCREMENTAL_COMPRESSION
[  65.9020]  QUEUE_DEQUEUE          pkt=830  node=router  wait=1617.8ms  queue=17/20  state=INCREMENTAL_COMPRESSION
[  65.9020]  PACKET_TRANSMIT        pkt=830  link=router→dst  delay=5.0ms
[  65.9070]  PACKET_ARRIVAL         pkt=830  node=dst  hop=2
[  65.9070]  PACKET_DELIVER         pkt=830  flow=0  latency=1624.8ms
[  66.0000]  PACKET_GENERATE        pkt=848  flow=1  size=100B  pri=0
[  66.0000]  QUEUE_ENQUEUE          pkt=848  node=src1  queue=1/1000 (0%)  state=NORMAL
[  66.0010]  QUEUE_DEQUEUE          pkt=848  node=src1  wait=1.0ms  queue=0/1000  state=NORMAL
[  66.0010]  PACKET_TRANSMIT        pkt=848  link=src1→router  delay=1.0ms
[  66.0020]  PACKET_ARRIVAL         pkt=848  node=router  hop=1
[  66.0020]  QUEUE_ENQUEUE          pkt=848  node=router  queue=18/20 (90%)  state=INCREMENTAL_COMPRESSION
[  66.0020]  QUEUE_DEQUEUE          pkt=831  node=router  wait=1715.9ms  queue=17/20  state=INCREMENTAL_COMPRESSION
[  66.0020]  PACKET_TRANSMIT        pkt=831  link=router→dst  delay=5.0ms
[  66.0070]  PACKET_ARRIVAL         pkt=831  node=dst  hop=2
[  66.0070]  PACKET_DELIVER         pkt=831  flow=0  latency=1722.9ms
[  66.0101]  PACKET_GENERATE        pkt=849  flow=0  size=1497B  pri=1
[  66.0101]  QUEUE_ENQUEUE          pkt=849  node=src0  queue=1/1000 (0%)  state=NORMAL
[  66.0111]  QUEUE_DEQUEUE          pkt=849  node=src0  wait=1.0ms  queue=0/1000  state=NORMAL
[  66.0111]  PACKET_TRANSMIT        pkt=849  link=src0→router  delay=1.0ms
[  66.0121]  PACKET_ARRIVAL         pkt=849  node=router  hop=1
[  66.0121]  QUEUE_ENQUEUE          pkt=849  node=router  queue=18/20 (90%)  state=INCREMENTAL_COMPRESSION
[  66.0937]  PACKET_GENERATE        pkt=850  flow=0  size=1469B  pri=1
[  66.0937]  QUEUE_ENQUEUE          pkt=850  node=src0  queue=1/1000 (0%)  state=NORMAL
[  66.0947]  QUEUE_DEQUEUE          pkt=850  node=src0  wait=1.0ms  queue=0/1000  state=NORMAL
[  66.0947]  PACKET_TRANSMIT        pkt=850  link=src0→router  delay=1.0ms
[  66.0957]  PACKET_ARRIVAL         pkt=850  node=router  hop=1
[  66.0957]  QUEUE_ENQUEUE          pkt=850  node=router  queue=19/20 (95%)  state=INCREMENTAL_COMPRESSION
[  66.0983]  PACKET_GENERATE        pkt=851  flow=0  size=1408B  pri=1
[  66.0983]  QUEUE_ENQUEUE          pkt=851  node=src0  queue=1/1000 (0%)  state=NORMAL
[  66.0993]  QUEUE_DEQUEUE          pkt=851  node=src0  wait=1.0ms  queue=0/1000  state=NORMAL
[  66.0993]  PACKET_TRANSMIT        pkt=851  link=src0→router  delay=1.0ms
[  66.1003]  PACKET_ARRIVAL         pkt=851  node=router  hop=1
[  66.1003]  QUEUE_ENQUEUE          pkt=851  node=router  queue=20/20 (100%)  state=INCREMENTAL_COMPRESSION
[  66.1020]  QUEUE_DEQUEUE          pkt=832  node=router  wait=1749.9ms  queue=19/20  state=INCREMENTAL_COMPRESSION
[  66.1020]  STATE_UPDATE           node=router  INCREMENTAL_COMPRESSION → DROP_LOW_PRIORITY
[  66.1020]  PACKET_TRANSMIT        pkt=832  link=router→dst  delay=5.0ms
[  66.1070]  PACKET_ARRIVAL         pkt=832  node=dst  hop=2
[  66.1070]  PACKET_DELIVER         pkt=832  flow=0  latency=1756.9ms
[  66.1317]  PACKET_GENERATE        pkt=852  flow=0  size=1487B  pri=1
[  66.1317]  QUEUE_ENQUEUE          pkt=852  node=src0  queue=1/1000 (0%)  state=NORMAL
[  66.1327]  QUEUE_DEQUEUE          pkt=852  node=src0  wait=1.0ms  queue=0/1000  state=NORMAL
[  66.1327]  PACKET_TRANSMIT        pkt=852  link=src0→router  delay=1.0ms
[  66.1337]  PACKET_ARRIVAL         pkt=852  node=router  hop=1
[  66.1337]  QUEUE_DROP(congestion) pkt=852  node=router  pri=1  state=DROP_LOW_PRIORITY
[  66.2000]  PACKET_GENERATE        pkt=853  flow=1  size=100B  pri=0
[  66.2000]  QUEUE_ENQUEUE          pkt=853  node=src1  queue=1/1000 (0%)  state=NORMAL
[  66.2010]  QUEUE_DEQUEUE          pkt=853  node=src1  wait=1.0ms  queue=0/1000  state=NORMAL
[  66.2010]  PACKET_TRANSMIT        pkt=853  link=src1→router  delay=1.0ms
[  66.2020]  PACKET_ARRIVAL         pkt=853  node=router  hop=1
[  66.2020]  QUEUE_ENQUEUE          pkt=853  node=router  queue=20/20 (100%)  state=DROP_LOW_PRIORITY
[  66.2020]  QUEUE_DEQUEUE          pkt=833  node=router  wait=1800.0ms  queue=19/20  state=DROP_LOW_PRIORITY
[  66.2020]  PACKET_TRANSMIT        pkt=833  link=router→dst  delay=5.0ms
[  66.2070]  PACKET_ARRIVAL         pkt=833  node=dst  hop=2
[  66.2070]  PACKET_DELIVER         pkt=833  flow=1  latency=1807.0ms
[  66.3020]  QUEUE_DEQUEUE          pkt=834  node=router  wait=1700.0ms  queue=18/20  state=DROP_LOW_PRIORITY
[  66.3020]  STATE_UPDATE           node=router  DROP_LOW_PRIORITY → INCREMENTAL_COMPRESSION
[  66.3020]  PACKET_TRANSMIT        pkt=834  link=router→dst  delay=5.0ms
[  66.3070]  PACKET_ARRIVAL         pkt=834  node=dst  hop=2
[  66.3070]  PACKET_DELIVER         pkt=834  flow=1  latency=1707.0ms
[  66.4000]  PACKET_GENERATE        pkt=854  flow=1  size=100B  pri=0
[  66.4000]  QUEUE_ENQUEUE          pkt=854  node=src1  queue=1/1000 (0%)  state=NORMAL
[  66.4010]  QUEUE_DEQUEUE          pkt=854  node=src1  wait=1.0ms  queue=0/1000  state=NORMAL
[  66.4010]  PACKET_TRANSMIT        pkt=854  link=src1→router  delay=1.0ms
[  66.4020]  PACKET_ARRIVAL         pkt=854  node=router  hop=1
[  66.4020]  QUEUE_ENQUEUE          pkt=854  node=router  queue=19/20 (95%)  state=INCREMENTAL_COMPRESSION
[  66.4020]  QUEUE_DEQUEUE          pkt=835  node=router  wait=1611.8ms  queue=18/20  state=INCREMENTAL_COMPRESSION
[  66.4020]  PACKET_TRANSMIT        pkt=835  link=router→dst  delay=5.0ms
[  66.4070]  PACKET_ARRIVAL         pkt=835  node=dst  hop=2
[  66.4070]  PACKET_DELIVER         pkt=835  flow=0  latency=1618.8ms
[  66.4489]  PACKET_GENERATE        pkt=855  flow=0  size=1429B  pri=1
[  66.4489]  QUEUE_ENQUEUE          pkt=855  node=src0  queue=1/1000 (0%)  state=NORMAL
[  66.4499]  QUEUE_DEQUEUE          pkt=855  node=src0  wait=1.0ms  queue=0/1000  state=NORMAL
[  66.4499]  PACKET_TRANSMIT        pkt=855  link=src0→router  delay=1.0ms
[  66.4509]  PACKET_ARRIVAL         pkt=855  node=router  hop=1
[  66.4509]  QUEUE_ENQUEUE          pkt=855  node=router  queue=19/20 (95%)  state=INCREMENTAL_COMPRESSION
[  66.5020]  QUEUE_DEQUEUE          pkt=836  node=router  wait=1700.0ms  queue=18/20  state=INCREMENTAL_COMPRESSION
[  66.5020]  PACKET_TRANSMIT        pkt=836  link=router→dst  delay=5.0ms
[  66.5070]  PACKET_ARRIVAL         pkt=836  node=dst  hop=2
[  66.5070]  PACKET_DELIVER         pkt=836  flow=1  latency=1707.0ms
[  66.6000]  PACKET_GENERATE        pkt=856  flow=1  size=100B  pri=0
[  66.6000]  QUEUE_ENQUEUE          pkt=856  node=src1  queue=1/1000 (0%)  state=NORMAL
[  66.6010]  QUEUE_DEQUEUE          pkt=856  node=src1  wait=1.0ms  queue=0/1000  state=NORMAL
[  66.6010]  PACKET_TRANSMIT        pkt=856  link=src1→router  delay=1.0ms
[  66.6020]  PACKET_ARRIVAL         pkt=856  node=router  hop=1
[  66.6020]  QUEUE_ENQUEUE          pkt=856  node=router  queue=19/20 (95%)  state=INCREMENTAL_COMPRESSION
[  66.6020]  QUEUE_DEQUEUE          pkt=837  node=router  wait=1732.6ms  queue=18/20  state=INCREMENTAL_COMPRESSION
[  66.6020]  PACKET_TRANSMIT        pkt=837  link=router→dst  delay=5.0ms
[  66.6070]  PACKET_ARRIVAL         pkt=837  node=dst  hop=2
[  66.6070]  PACKET_DELIVER         pkt=837  flow=0  latency=1739.6ms
[  66.6206]  PACKET_GENERATE        pkt=857  flow=0  size=1455B  pri=1
[  66.6206]  QUEUE_ENQUEUE          pkt=857  node=src0  queue=1/1000 (0%)  state=NORMAL
[  66.6216]  QUEUE_DEQUEUE          pkt=857  node=src0  wait=1.0ms  queue=0/1000  state=NORMAL
[  66.6216]  PACKET_TRANSMIT        pkt=857  link=src0→router  delay=1.0ms
[  66.6226]  PACKET_ARRIVAL         pkt=857  node=router  hop=1
[  66.6226]  QUEUE_ENQUEUE          pkt=857  node=router  queue=19/20 (95%)  state=INCREMENTAL_COMPRESSION
[  66.7020]  QUEUE_DEQUEUE          pkt=838  node=router  wait=1780.9ms  queue=18/20  state=INCREMENTAL_COMPRESSION
[  66.7020]  PACKET_TRANSMIT        pkt=838  link=router→dst  delay=5.0ms
[  66.7070]  PACKET_ARRIVAL         pkt=838  node=dst  hop=2
[  66.7070]  PACKET_DELIVER         pkt=838  flow=0  latency=1787.9ms
[  66.8000]  PACKET_GENERATE        pkt=858  flow=1  size=100B  pri=0
[  66.8000]  QUEUE_ENQUEUE          pkt=858  node=src1  queue=1/1000 (0%)  state=NORMAL
[  66.8010]  QUEUE_DEQUEUE          pkt=858  node=src1  wait=1.0ms  queue=0/1000  state=NORMAL
[  66.8010]  PACKET_TRANSMIT        pkt=858  link=src1→router  delay=1.0ms
[  66.8020]  PACKET_ARRIVAL         pkt=858  node=router  hop=1
[  66.8020]  QUEUE_ENQUEUE          pkt=858  node=router  queue=19/20 (95%)  state=INCREMENTAL_COMPRESSION
[  66.8020]  QUEUE_DEQUEUE          pkt=839  node=router  wait=1817.6ms  queue=18/20  state=INCREMENTAL_COMPRESSION
[  66.8020]  PACKET_TRANSMIT        pkt=839  link=router→dst  delay=5.0ms
[  66.8070]  PACKET_ARRIVAL         pkt=839  node=dst  hop=2
[  66.8070]  PACKET_DELIVER         pkt=839  flow=0  latency=1824.6ms
[  66.9020]  QUEUE_DEQUEUE          pkt=840  node=router  wait=1900.0ms  queue=17/20  state=INCREMENTAL_COMPRESSION
[  66.9020]  PACKET_TRANSMIT        pkt=840  link=router→dst  delay=5.0ms
[  66.9070]  PACKET_ARRIVAL         pkt=840  node=dst  hop=2
[  66.9070]  PACKET_DELIVER         pkt=840  flow=1  latency=1907.0ms
[  67.0000]  PACKET_GENERATE        pkt=859  flow=1  size=100B  pri=0
[  67.0000]  QUEUE_ENQUEUE          pkt=859  node=src1  queue=1/1000 (0%)  state=NORMAL
[  67.0010]  QUEUE_DEQUEUE          pkt=859  node=src1  wait=1.0ms  queue=0/1000  state=NORMAL
[  67.0010]  PACKET_TRANSMIT        pkt=859  link=src1→router  delay=1.0ms
[  67.0020]  PACKET_ARRIVAL         pkt=859  node=router  hop=1
[  67.0020]  QUEUE_ENQUEUE          pkt=859  node=router  queue=18/20 (90%)  state=INCREMENTAL_COMPRESSION
[  67.0020]  QUEUE_DEQUEUE          pkt=841  node=router  wait=1800.0ms  queue=17/20  state=INCREMENTAL_COMPRESSION
[  67.0020]  PACKET_TRANSMIT        pkt=841  link=router→dst  delay=5.0ms
[  67.0070]  PACKET_ARRIVAL         pkt=841  node=dst  hop=2
[  67.0070]  PACKET_DELIVER         pkt=841  flow=1  latency=1807.0ms
[  67.0996]  PACKET_GENERATE        pkt=860  flow=0  size=1497B  pri=1
[  67.0996]  QUEUE_ENQUEUE          pkt=860  node=src0  queue=1/1000 (0%)  state=NORMAL
[  67.1006]  QUEUE_DEQUEUE          pkt=860  node=src0  wait=1.0ms  queue=0/1000  state=NORMAL
[  67.1006]  PACKET_TRANSMIT        pkt=860  link=src0→router  delay=1.0ms
[  67.1016]  PACKET_ARRIVAL         pkt=860  node=router  hop=1
[  67.1016]  QUEUE_ENQUEUE          pkt=860  node=router  queue=18/20 (90%)  state=INCREMENTAL_COMPRESSION
[  67.1020]  QUEUE_DEQUEUE          pkt=842  node=router  wait=1878.9ms  queue=17/20  state=INCREMENTAL_COMPRESSION
[  67.1020]  PACKET_TRANSMIT        pkt=842  link=router→dst  delay=5.0ms
[  67.1070]  PACKET_ARRIVAL         pkt=842  node=dst  hop=2
[  67.1070]  PACKET_DELIVER         pkt=842  flow=0  latency=1885.9ms
[  67.2000]  PACKET_GENERATE        pkt=861  flow=1  size=100B  pri=0
[  67.2000]  QUEUE_ENQUEUE          pkt=861  node=src1  queue=1/1000 (0%)  state=NORMAL
[  67.2010]  QUEUE_DEQUEUE          pkt=861  node=src1  wait=1.0ms  queue=0/1000  state=NORMAL
[  67.2010]  PACKET_TRANSMIT        pkt=861  link=src1→router  delay=1.0ms
[  67.2020]  PACKET_ARRIVAL         pkt=861  node=router  hop=1
[  67.2020]  QUEUE_ENQUEUE          pkt=861  node=router  queue=18/20 (90%)  state=INCREMENTAL_COMPRESSION
[  67.2020]  QUEUE_DEQUEUE          pkt=843  node=router  wait=1800.0ms  queue=17/20  state=INCREMENTAL_COMPRESSION
[  67.2020]  PACKET_TRANSMIT        pkt=843  link=router→dst  delay=5.0ms
[  67.2070]  PACKET_ARRIVAL         pkt=843  node=dst  hop=2
[  67.2070]  PACKET_DELIVER         pkt=843  flow=1  latency=1807.0ms
[  67.2252]  PACKET_GENERATE        pkt=862  flow=0  size=1412B  pri=1
[  67.2252]  QUEUE_ENQUEUE          pkt=862  node=src0  queue=1/1000 (0%)  state=NORMAL
[  67.2262]  QUEUE_DEQUEUE          pkt=862  node=src0  wait=1.0ms  queue=0/1000  state=NORMAL
[  67.2262]  PACKET_TRANSMIT        pkt=862  link=src0→router  delay=1.0ms
[  67.2272]  PACKET_ARRIVAL         pkt=862  node=router  hop=1
[  67.2272]  QUEUE_ENQUEUE          pkt=862  node=router  queue=18/20 (90%)  state=INCREMENTAL_COMPRESSION
[  67.2985]  PACKET_GENERATE        pkt=863  flow=0  size=1488B  pri=1
[  67.2985]  QUEUE_ENQUEUE          pkt=863  node=src0  queue=1/1000 (0%)  state=NORMAL
[  67.2995]  QUEUE_DEQUEUE          pkt=863  node=src0  wait=1.0ms  queue=0/1000  state=NORMAL
[  67.2995]  PACKET_TRANSMIT        pkt=863  link=src0→router  delay=1.0ms
[  67.3005]  PACKET_ARRIVAL         pkt=863  node=router  hop=1
[  67.3005]  QUEUE_ENQUEUE          pkt=863  node=router  queue=19/20 (95%)  state=INCREMENTAL_COMPRESSION
[  67.3020]  QUEUE_DEQUEUE          pkt=844  node=router  wait=1833.8ms  queue=18/20  state=INCREMENTAL_COMPRESSION
[  67.3020]  PACKET_TRANSMIT        pkt=844  link=router→dst  delay=5.0ms
[  67.3070]  PACKET_ARRIVAL         pkt=844  node=dst  hop=2
[  67.3070]  PACKET_DELIVER         pkt=844  flow=0  latency=1840.8ms
[  67.3430]  PACKET_GENERATE        pkt=864  flow=0  size=1403B  pri=1
[  67.3430]  QUEUE_ENQUEUE          pkt=864  node=src0  queue=1/1000 (0%)  state=NORMAL
[  67.3440]  QUEUE_DEQUEUE          pkt=864  node=src0  wait=1.0ms  queue=0/1000  state=NORMAL
[  67.3440]  PACKET_TRANSMIT        pkt=864  link=src0→router  delay=1.0ms
[  67.3450]  PACKET_ARRIVAL         pkt=864  node=router  hop=1
[  67.3450]  QUEUE_ENQUEUE          pkt=864  node=router  queue=19/20 (95%)  state=INCREMENTAL_COMPRESSION
[  67.3488]  PACKET_GENERATE        pkt=865  flow=0  size=1407B  pri=1
[  67.3488]  QUEUE_ENQUEUE          pkt=865  node=src0  queue=1/1000 (0%)  state=NORMAL
[  67.3498]  QUEUE_DEQUEUE          pkt=865  node=src0  wait=1.0ms  queue=0/1000  state=NORMAL
[  67.3498]  PACKET_TRANSMIT        pkt=865  link=src0→router  delay=1.0ms
[  67.3508]  PACKET_ARRIVAL         pkt=865  node=router  hop=1
[  67.3508]  QUEUE_ENQUEUE          pkt=865  node=router  queue=20/20 (100%)  state=INCREMENTAL_COMPRESSION
[  67.3923]  PACKET_GENERATE        pkt=866  flow=0  size=1447B  pri=1
[  67.3923]  QUEUE_ENQUEUE          pkt=866  node=src0  queue=1/1000 (0%)  state=NORMAL
[  67.3933]  QUEUE_DEQUEUE          pkt=866  node=src0  wait=1.0ms  queue=0/1000  state=NORMAL
[  67.3933]  PACKET_TRANSMIT        pkt=866  link=src0→router  delay=1.0ms
[  67.3943]  PACKET_ARRIVAL         pkt=866  node=router  hop=1
[  67.3943]  QUEUE_DROP(full)       pkt=866  node=router  pri=1  queue=20/20 FULL
[  67.4000]  PACKET_GENERATE        pkt=867  flow=1  size=100B  pri=0
[  67.4000]  QUEUE_ENQUEUE          pkt=867  node=src1  queue=1/1000 (0%)  state=NORMAL
[  67.4010]  QUEUE_DEQUEUE          pkt=867  node=src1  wait=1.0ms  queue=0/1000  state=NORMAL
[  67.4010]  PACKET_TRANSMIT        pkt=867  link=src1→router  delay=1.0ms
[  67.4020]  PACKET_ARRIVAL         pkt=867  node=router  hop=1
[  67.4020]  QUEUE_DROP(full)       pkt=867  node=router  pri=0  queue=20/20 FULL
[  67.4020]  QUEUE_DEQUEUE          pkt=845  node=router  wait=1800.0ms  queue=19/20  state=INCREMENTAL_COMPRESSION
[  67.4020]  STATE_UPDATE           node=router  INCREMENTAL_COMPRESSION → DROP_LOW_PRIORITY
[  67.4020]  PACKET_TRANSMIT        pkt=845  link=router→dst  delay=5.0ms
[  67.4070]  PACKET_ARRIVAL         pkt=845  node=dst  hop=2
[  67.4070]  PACKET_DELIVER         pkt=845  flow=1  latency=1807.0ms
[  67.4627]  PACKET_GENERATE        pkt=868  flow=0  size=1431B  pri=1
[  67.4627]  QUEUE_ENQUEUE          pkt=868  node=src0  queue=1/1000 (0%)  state=NORMAL
[  67.4637]  QUEUE_DEQUEUE          pkt=868  node=src0  wait=1.0ms  queue=0/1000  state=NORMAL
[  67.4637]  PACKET_TRANSMIT        pkt=868  link=src0→router  delay=1.0ms
[  67.4647]  PACKET_ARRIVAL         pkt=868  node=router  hop=1
[  67.4647]  QUEUE_DROP(congestion) pkt=868  node=router  pri=1  state=DROP_LOW_PRIORITY
[  67.5020]  QUEUE_DEQUEUE          pkt=846  node=router  wait=1700.0ms  queue=18/20  state=DROP_LOW_PRIORITY
[  67.5020]  STATE_UPDATE           node=router  DROP_LOW_PRIORITY → INCREMENTAL_COMPRESSION
[  67.5020]  PACKET_TRANSMIT        pkt=846  link=router→dst  delay=5.0ms
[  67.5070]  PACKET_ARRIVAL         pkt=846  node=dst  hop=2
[  67.5070]  PACKET_DELIVER         pkt=846  flow=1  latency=1707.0ms
[  67.5574]  PACKET_GENERATE        pkt=869  flow=0  size=1472B  pri=1
[  67.5574]  QUEUE_ENQUEUE          pkt=869  node=src0  queue=1/1000 (0%)  state=NORMAL
[  67.5584]  QUEUE_DEQUEUE          pkt=869  node=src0  wait=1.0ms  queue=0/1000  state=NORMAL
[  67.5584]  PACKET_TRANSMIT        pkt=869  link=src0→router  delay=1.0ms
[  67.5594]  PACKET_ARRIVAL         pkt=869  node=router  hop=1
[  67.5594]  QUEUE_ENQUEUE          pkt=869  node=router  queue=19/20 (95%)  state=INCREMENTAL_COMPRESSION
[  67.6000]  PACKET_GENERATE        pkt=870  flow=1  size=100B  pri=0
[  67.6000]  QUEUE_ENQUEUE          pkt=870  node=src1  queue=1/1000 (0%)  state=NORMAL
[  67.6010]  QUEUE_DEQUEUE          pkt=870  node=src1  wait=1.0ms  queue=0/1000  state=NORMAL
[  67.6010]  PACKET_TRANSMIT        pkt=870  link=src1→router  delay=1.0ms
[  67.6020]  QUEUE_DEQUEUE          pkt=847  node=router  wait=1748.5ms  queue=18/20  state=INCREMENTAL_COMPRESSION
[  67.6020]  PACKET_ARRIVAL         pkt=870  node=router  hop=1
[  67.6020]  PACKET_TRANSMIT        pkt=847  link=router→dst  delay=5.0ms
[  67.6020]  QUEUE_ENQUEUE          pkt=870  node=router  queue=19/20 (95%)  state=INCREMENTAL_COMPRESSION
[  67.6070]  PACKET_ARRIVAL         pkt=847  node=dst  hop=2
[  67.6070]  PACKET_DELIVER         pkt=847  flow=0  latency=1755.5ms
[  67.7005]  PACKET_GENERATE        pkt=871  flow=0  size=1423B  pri=1
[  67.7005]  QUEUE_ENQUEUE          pkt=871  node=src0  queue=1/1000 (0%)  state=NORMAL
[  67.7015]  QUEUE_DEQUEUE          pkt=871  node=src0  wait=1.0ms  queue=0/1000  state=NORMAL
[  67.7015]  PACKET_TRANSMIT        pkt=871  link=src0→router  delay=1.0ms
[  67.7020]  QUEUE_DEQUEUE          pkt=848  node=router  wait=1700.0ms  queue=18/20  state=INCREMENTAL_COMPRESSION
[  67.7020]  PACKET_TRANSMIT        pkt=848  link=router→dst  delay=5.0ms
[  67.7025]  PACKET_ARRIVAL         pkt=871  node=router  hop=1
[  67.7025]  QUEUE_ENQUEUE          pkt=871  node=router  queue=19/20 (95%)  state=INCREMENTAL_COMPRESSION
[  67.7070]  PACKET_ARRIVAL         pkt=848  node=dst  hop=2
[  67.7070]  PACKET_DELIVER         pkt=848  flow=1  latency=1707.0ms
[  67.7238]  PACKET_GENERATE        pkt=872  flow=0  size=1410B  pri=1
[  67.7238]  QUEUE_ENQUEUE          pkt=872  node=src0  queue=1/1000 (0%)  state=NORMAL
[  67.7248]  QUEUE_DEQUEUE          pkt=872  node=src0  wait=1.0ms  queue=0/1000  state=NORMAL
[  67.7248]  PACKET_TRANSMIT        pkt=872  link=src0→router  delay=1.0ms
[  67.7258]  PACKET_ARRIVAL         pkt=872  node=router  hop=1
[  67.7258]  QUEUE_ENQUEUE          pkt=872  node=router  queue=20/20 (100%)  state=INCREMENTAL_COMPRESSION
[  67.8000]  PACKET_GENERATE        pkt=873  flow=1  size=100B  pri=0
[  67.8000]  QUEUE_ENQUEUE          pkt=873  node=src1  queue=1/1000 (0%)  state=NORMAL
[  67.8010]  QUEUE_DEQUEUE          pkt=873  node=src1  wait=1.0ms  queue=0/1000  state=NORMAL
[  67.8010]  PACKET_TRANSMIT        pkt=873  link=src1→router  delay=1.0ms
[  67.8020]  QUEUE_DEQUEUE          pkt=849  node=router  wait=1789.9ms  queue=19/20  state=INCREMENTAL_COMPRESSION
[  67.8020]  STATE_UPDATE           node=router  INCREMENTAL_COMPRESSION → DROP_LOW_PRIORITY
[  67.8020]  PACKET_TRANSMIT        pkt=849  link=router→dst  delay=5.0ms
[  67.8020]  PACKET_ARRIVAL         pkt=873  node=router  hop=1
[  67.8020]  QUEUE_ENQUEUE          pkt=873  node=router  queue=20/20 (100%)  state=DROP_LOW_PRIORITY
[  67.8070]  PACKET_ARRIVAL         pkt=849  node=dst  hop=2
[  67.8070]  PACKET_DELIVER         pkt=849  flow=0  latency=1796.9ms
[  67.8413]  PACKET_GENERATE        pkt=874  flow=0  size=1448B  pri=1
[  67.8413]  QUEUE_ENQUEUE          pkt=874  node=src0  queue=1/1000 (0%)  state=NORMAL
[  67.8423]  QUEUE_DEQUEUE          pkt=874  node=src0  wait=1.0ms  queue=0/1000  state=NORMAL
[  67.8423]  PACKET_TRANSMIT        pkt=874  link=src0→router  delay=1.0ms
[  67.8433]  PACKET_ARRIVAL         pkt=874  node=router  hop=1
[  67.8433]  QUEUE_DROP(congestion) pkt=874  node=router  pri=1  state=DROP_LOW_PRIORITY
[  67.9020]  QUEUE_DEQUEUE          pkt=850  node=router  wait=1806.3ms  queue=19/20  state=DROP_LOW_PRIORITY
[  67.9020]  PACKET_TRANSMIT        pkt=850  link=router→dst  delay=5.0ms
[  67.9070]  PACKET_ARRIVAL         pkt=850  node=dst  hop=2
[  67.9070]  PACKET_DELIVER         pkt=850  flow=0  latency=1813.3ms
[  67.9622]  PACKET_GENERATE        pkt=875  flow=0  size=1430B  pri=1
[  67.9622]  QUEUE_ENQUEUE          pkt=875  node=src0  queue=1/1000 (0%)  state=NORMAL
[  67.9632]  QUEUE_DEQUEUE          pkt=875  node=src0  wait=1.0ms  queue=0/1000  state=NORMAL
[  67.9632]  PACKET_TRANSMIT        pkt=875  link=src0→router  delay=1.0ms
[  67.9642]  PACKET_ARRIVAL         pkt=875  node=router  hop=1
[  67.9642]  QUEUE_DROP(congestion) pkt=875  node=router  pri=1  state=DROP_LOW_PRIORITY
[  68.0000]  PACKET_GENERATE        pkt=876  flow=1  size=100B  pri=0
[  68.0000]  QUEUE_ENQUEUE          pkt=876  node=src1  queue=1/1000 (0%)  state=NORMAL
[  68.0010]  QUEUE_DEQUEUE          pkt=876  node=src1  wait=1.0ms  queue=0/1000  state=NORMAL
[  68.0010]  PACKET_TRANSMIT        pkt=876  link=src1→router  delay=1.0ms
[  68.0020]  QUEUE_DEQUEUE          pkt=851  node=router  wait=1901.7ms  queue=18/20  state=DROP_LOW_PRIORITY
[  68.0020]  STATE_UPDATE           node=router  DROP_LOW_PRIORITY → INCREMENTAL_COMPRESSION
[  68.0020]  PACKET_TRANSMIT        pkt=851  link=router→dst  delay=5.0ms
[  68.0020]  PACKET_ARRIVAL         pkt=876  node=router  hop=1
[  68.0020]  QUEUE_ENQUEUE          pkt=876  node=router  queue=19/20 (95%)  state=INCREMENTAL_COMPRESSION
[  68.0070]  PACKET_ARRIVAL         pkt=851  node=dst  hop=2
[  68.0070]  PACKET_DELIVER         pkt=851  flow=0  latency=1908.7ms
[  68.0482]  PACKET_GENERATE        pkt=877  flow=0  size=1474B  pri=1
[  68.0482]  QUEUE_ENQUEUE          pkt=877  node=src0  queue=1/1000 (0%)  state=NORMAL
[  68.0492]  QUEUE_DEQUEUE          pkt=877  node=src0  wait=1.0ms  queue=0/1000  state=NORMAL
[  68.0492]  PACKET_TRANSMIT        pkt=877  link=src0→router  delay=1.0ms
[  68.0502]  PACKET_ARRIVAL         pkt=877  node=router  hop=1
[  68.0502]  QUEUE_ENQUEUE          pkt=877  node=router  queue=20/20 (100%)  state=INCREMENTAL_COMPRESSION
[  68.0675]  PACKET_GENERATE        pkt=878  flow=0  size=1459B  pri=1
[  68.0675]  QUEUE_ENQUEUE          pkt=878  node=src0  queue=1/1000 (0%)  state=NORMAL
[  68.0685]  QUEUE_DEQUEUE          pkt=878  node=src0  wait=1.0ms  queue=0/1000  state=NORMAL
[  68.0685]  PACKET_TRANSMIT        pkt=878  link=src0→router  delay=1.0ms
[  68.0695]  PACKET_ARRIVAL         pkt=878  node=router  hop=1
[  68.0695]  QUEUE_DROP(full)       pkt=878  node=router  pri=1  queue=20/20 FULL
[  68.1020]  QUEUE_DEQUEUE          pkt=853  node=router  wait=1900.0ms  queue=19/20  state=INCREMENTAL_COMPRESSION
[  68.1020]  STATE_UPDATE           node=router  INCREMENTAL_COMPRESSION → DROP_LOW_PRIORITY
[  68.1020]  PACKET_TRANSMIT        pkt=853  link=router→dst  delay=5.0ms
[  68.1070]  PACKET_ARRIVAL         pkt=853  node=dst  hop=2
[  68.1070]  PACKET_DELIVER         pkt=853  flow=1  latency=1907.0ms
[  68.1945]  PACKET_GENERATE        pkt=879  flow=0  size=1458B  pri=1
[  68.1945]  QUEUE_ENQUEUE          pkt=879  node=src0  queue=1/1000 (0%)  state=NORMAL
[  68.1955]  QUEUE_DEQUEUE          pkt=879  node=src0  wait=1.0ms  queue=0/1000  state=NORMAL
[  68.1955]  PACKET_TRANSMIT        pkt=879  link=src0→router  delay=1.0ms
[  68.1965]  PACKET_ARRIVAL         pkt=879  node=router  hop=1
[  68.1965]  QUEUE_DROP(congestion) pkt=879  node=router  pri=1  state=DROP_LOW_PRIORITY
[  68.2000]  PACKET_GENERATE        pkt=880  flow=1  size=100B  pri=0
[  68.2000]  QUEUE_ENQUEUE          pkt=880  node=src1  queue=1/1000 (0%)  state=NORMAL
[  68.2010]  QUEUE_DEQUEUE          pkt=880  node=src1  wait=1.0ms  queue=0/1000  state=NORMAL
[  68.2010]  PACKET_TRANSMIT        pkt=880  link=src1→router  delay=1.0ms
[  68.2020]  QUEUE_DEQUEUE          pkt=854  node=router  wait=1800.0ms  queue=18/20  state=DROP_LOW_PRIORITY
[  68.2020]  STATE_UPDATE           node=router  DROP_LOW_PRIORITY → INCREMENTAL_COMPRESSION
[  68.2020]  PACKET_TRANSMIT        pkt=854  link=router→dst  delay=5.0ms
[  68.2020]  PACKET_ARRIVAL         pkt=880  node=router  hop=1
[  68.2020]  QUEUE_ENQUEUE          pkt=880  node=router  queue=19/20 (95%)  state=INCREMENTAL_COMPRESSION
[  68.2070]  PACKET_ARRIVAL         pkt=854  node=dst  hop=2
[  68.2070]  PACKET_DELIVER         pkt=854  flow=1  latency=1807.0ms
[  68.2314]  PACKET_GENERATE        pkt=881  flow=0  size=1401B  pri=1
[  68.2314]  QUEUE_ENQUEUE          pkt=881  node=src0  queue=1/1000 (0%)  state=NORMAL
[  68.2324]  QUEUE_DEQUEUE          pkt=881  node=src0  wait=1.0ms  queue=0/1000  state=NORMAL
[  68.2324]  PACKET_TRANSMIT        pkt=881  link=src0→router  delay=1.0ms
[  68.2334]  PACKET_ARRIVAL         pkt=881  node=router  hop=1
[  68.2334]  QUEUE_ENQUEUE          pkt=881  node=router  queue=20/20 (100%)  state=INCREMENTAL_COMPRESSION
[  68.3020]  QUEUE_DEQUEUE          pkt=855  node=router  wait=1851.1ms  queue=19/20  state=INCREMENTAL_COMPRESSION
[  68.3020]  STATE_UPDATE           node=router  INCREMENTAL_COMPRESSION → DROP_LOW_PRIORITY
[  68.3020]  PACKET_TRANSMIT        pkt=855  link=router→dst  delay=5.0ms
[  68.3070]  PACKET_ARRIVAL         pkt=855  node=dst  hop=2
[  68.3070]  PACKET_DELIVER         pkt=855  flow=0  latency=1858.1ms
[  68.4000]  PACKET_GENERATE        pkt=882  flow=1  size=100B  pri=0
[  68.4000]  QUEUE_ENQUEUE          pkt=882  node=src1  queue=1/1000 (0%)  state=NORMAL
[  68.4010]  QUEUE_DEQUEUE          pkt=882  node=src1  wait=1.0ms  queue=0/1000  state=NORMAL
[  68.4010]  PACKET_TRANSMIT        pkt=882  link=src1→router  delay=1.0ms
[  68.4020]  QUEUE_DEQUEUE          pkt=856  node=router  wait=1800.0ms  queue=18/20  state=DROP_LOW_PRIORITY
[  68.4020]  STATE_UPDATE           node=router  DROP_LOW_PRIORITY → INCREMENTAL_COMPRESSION
[  68.4020]  PACKET_TRANSMIT        pkt=856  link=router→dst  delay=5.0ms
[  68.4020]  PACKET_ARRIVAL         pkt=882  node=router  hop=1
[  68.4020]  QUEUE_ENQUEUE          pkt=882  node=router  queue=19/20 (95%)  state=INCREMENTAL_COMPRESSION
[  68.4070]  PACKET_ARRIVAL         pkt=856  node=dst  hop=2
[  68.4070]  PACKET_DELIVER         pkt=856  flow=1  latency=1807.0ms
[  68.5020]  QUEUE_DEQUEUE          pkt=857  node=router  wait=1879.4ms  queue=18/20  state=INCREMENTAL_COMPRESSION
[  68.5020]  PACKET_TRANSMIT        pkt=857  link=router→dst  delay=5.0ms
[  68.5070]  PACKET_ARRIVAL         pkt=857  node=dst  hop=2
[  68.5070]  PACKET_DELIVER         pkt=857  flow=0  latency=1886.4ms
[  68.5178]  PACKET_GENERATE        pkt=883  flow=0  size=1459B  pri=1
[  68.5178]  QUEUE_ENQUEUE          pkt=883  node=src0  queue=1/1000 (0%)  state=NORMAL
[  68.5188]  QUEUE_DEQUEUE          pkt=883  node=src0  wait=1.0ms  queue=0/1000  state=NORMAL
[  68.5188]  PACKET_TRANSMIT        pkt=883  link=src0→router  delay=1.0ms
[  68.5198]  PACKET_ARRIVAL         pkt=883  node=router  hop=1
[  68.5198]  QUEUE_ENQUEUE          pkt=883  node=router  queue=19/20 (95%)  state=INCREMENTAL_COMPRESSION
[  68.6000]  PACKET_GENERATE        pkt=884  flow=1  size=100B  pri=0
[  68.6000]  QUEUE_ENQUEUE          pkt=884  node=src1  queue=1/1000 (0%)  state=NORMAL
[  68.6010]  QUEUE_DEQUEUE          pkt=884  node=src1  wait=1.0ms  queue=0/1000  state=NORMAL
[  68.6010]  PACKET_TRANSMIT        pkt=884  link=src1→router  delay=1.0ms
[  68.6020]  QUEUE_DEQUEUE          pkt=858  node=router  wait=1800.0ms  queue=18/20  state=INCREMENTAL_COMPRESSION
[  68.6020]  PACKET_TRANSMIT        pkt=858  link=router→dst  delay=5.0ms
[  68.6020]  PACKET_ARRIVAL         pkt=884  node=router  hop=1
[  68.6020]  QUEUE_ENQUEUE          pkt=884  node=router  queue=19/20 (95%)  state=INCREMENTAL_COMPRESSION
[  68.6070]  PACKET_ARRIVAL         pkt=858  node=dst  hop=2
[  68.6070]  PACKET_DELIVER         pkt=858  flow=1  latency=1807.0ms
[  68.7020]  QUEUE_DEQUEUE          pkt=859  node=router  wait=1700.0ms  queue=18/20  state=INCREMENTAL_COMPRESSION
[  68.7020]  PACKET_TRANSMIT        pkt=859  link=router→dst  delay=5.0ms
[  68.7070]  PACKET_ARRIVAL         pkt=859  node=dst  hop=2
[  68.7070]  PACKET_DELIVER         pkt=859  flow=1  latency=1707.0ms
[  68.8000]  PACKET_GENERATE        pkt=885  flow=1  size=100B  pri=0
[  68.8000]  QUEUE_ENQUEUE          pkt=885  node=src1  queue=1/1000 (0%)  state=NORMAL
[  68.8010]  QUEUE_DEQUEUE          pkt=885  node=src1  wait=1.0ms  queue=0/1000  state=NORMAL
[  68.8010]  PACKET_TRANSMIT        pkt=885  link=src1→router  delay=1.0ms
[  68.8020]  QUEUE_DEQUEUE          pkt=860  node=router  wait=1700.4ms  queue=17/20  state=INCREMENTAL_COMPRESSION
[  68.8020]  PACKET_TRANSMIT        pkt=860  link=router→dst  delay=5.0ms
[  68.8020]  PACKET_ARRIVAL         pkt=885  node=router  hop=1
[  68.8020]  QUEUE_ENQUEUE          pkt=885  node=router  queue=18/20 (90%)  state=INCREMENTAL_COMPRESSION
[  68.8070]  PACKET_ARRIVAL         pkt=860  node=dst  hop=2
[  68.8070]  PACKET_DELIVER         pkt=860  flow=0  latency=1707.4ms
[  68.8072]  PACKET_GENERATE        pkt=886  flow=0  size=1486B  pri=1
[  68.8072]  QUEUE_ENQUEUE          pkt=886  node=src0  queue=1/1000 (0%)  state=NORMAL
[  68.8082]  QUEUE_DEQUEUE          pkt=886  node=src0  wait=1.0ms  queue=0/1000  state=NORMAL
[  68.8082]  PACKET_TRANSMIT        pkt=886  link=src0→router  delay=1.0ms
[  68.8092]  PACKET_ARRIVAL         pkt=886  node=router  hop=1
[  68.8092]  QUEUE_ENQUEUE          pkt=886  node=router  queue=19/20 (95%)  state=INCREMENTAL_COMPRESSION
[  68.9020]  QUEUE_DEQUEUE          pkt=861  node=router  wait=1700.0ms  queue=18/20  state=INCREMENTAL_COMPRESSION
[  68.9020]  PACKET_TRANSMIT        pkt=861  link=router→dst  delay=5.0ms
[  68.9061]  PACKET_GENERATE        pkt=887  flow=0  size=1409B  pri=1
[  68.9061]  QUEUE_ENQUEUE          pkt=887  node=src0  queue=1/1000 (0%)  state=NORMAL
[  68.9070]  PACKET_ARRIVAL         pkt=861  node=dst  hop=2
[  68.9070]  PACKET_DELIVER         pkt=861  flow=1  latency=1707.0ms
[  68.9071]  QUEUE_DEQUEUE          pkt=887  node=src0  wait=1.0ms  queue=0/1000  state=NORMAL
[  68.9071]  PACKET_TRANSMIT        pkt=887  link=src0→router  delay=1.0ms
[  68.9081]  PACKET_ARRIVAL         pkt=887  node=router  hop=1
[  68.9081]  QUEUE_ENQUEUE          pkt=887  node=router  queue=19/20 (95%)  state=INCREMENTAL_COMPRESSION
[  68.9789]  PACKET_GENERATE        pkt=888  flow=0  size=1444B  pri=1
[  68.9789]  QUEUE_ENQUEUE          pkt=888  node=src0  queue=1/1000 (0%)  state=NORMAL
[  68.9799]  QUEUE_DEQUEUE          pkt=888  node=src0  wait=1.0ms  queue=0/1000  state=NORMAL
[  68.9799]  PACKET_TRANSMIT        pkt=888  link=src0→router  delay=1.0ms
[  68.9809]  PACKET_ARRIVAL         pkt=888  node=router  hop=1
[  68.9809]  QUEUE_ENQUEUE          pkt=888  node=router  queue=20/20 (100%)  state=INCREMENTAL_COMPRESSION
[  69.0000]  PACKET_GENERATE        pkt=889  flow=1  size=100B  pri=0
[  69.0000]  QUEUE_ENQUEUE          pkt=889  node=src1  queue=1/1000 (0%)  state=NORMAL
[  69.0010]  QUEUE_DEQUEUE          pkt=889  node=src1  wait=1.0ms  queue=0/1000  state=NORMAL
[  69.0010]  PACKET_TRANSMIT        pkt=889  link=src1→router  delay=1.0ms
[  69.0020]  QUEUE_DEQUEUE          pkt=862  node=router  wait=1774.8ms  queue=19/20  state=INCREMENTAL_COMPRESSION
[  69.0020]  STATE_UPDATE           node=router  INCREMENTAL_COMPRESSION → DROP_LOW_PRIORITY
[  69.0020]  PACKET_TRANSMIT        pkt=862  link=router→dst  delay=5.0ms
[  69.0020]  PACKET_ARRIVAL         pkt=889  node=router  hop=1
[  69.0020]  QUEUE_ENQUEUE          pkt=889  node=router  queue=20/20 (100%)  state=DROP_LOW_PRIORITY
[  69.0070]  PACKET_ARRIVAL         pkt=862  node=dst  hop=2
[  69.0070]  PACKET_DELIVER         pkt=862  flow=0  latency=1781.8ms
[  69.1020]  QUEUE_DEQUEUE          pkt=863  node=router  wait=1801.5ms  queue=19/20  state=DROP_LOW_PRIORITY
[  69.1020]  PACKET_TRANSMIT        pkt=863  link=router→dst  delay=5.0ms
[  69.1070]  PACKET_ARRIVAL         pkt=863  node=dst  hop=2
[  69.1070]  PACKET_DELIVER         pkt=863  flow=0  latency=1808.5ms
[  69.2000]  PACKET_GENERATE        pkt=890  flow=1  size=100B  pri=0
[  69.2000]  QUEUE_ENQUEUE          pkt=890  node=src1  queue=1/1000 (0%)  state=NORMAL
[  69.2010]  QUEUE_DEQUEUE          pkt=890  node=src1  wait=1.0ms  queue=0/1000  state=NORMAL
[  69.2010]  PACKET_TRANSMIT        pkt=890  link=src1→router  delay=1.0ms
[  69.2020]  QUEUE_DEQUEUE          pkt=864  node=router  wait=1857.0ms  queue=18/20  state=DROP_LOW_PRIORITY
[  69.2020]  STATE_UPDATE           node=router  DROP_LOW_PRIORITY → INCREMENTAL_COMPRESSION
[  69.2020]  PACKET_TRANSMIT        pkt=864  link=router→dst  delay=5.0ms
[  69.2020]  PACKET_ARRIVAL         pkt=890  node=router  hop=1
[  69.2020]  QUEUE_ENQUEUE          pkt=890  node=router  queue=19/20 (95%)  state=INCREMENTAL_COMPRESSION
[  69.2070]  PACKET_ARRIVAL         pkt=864  node=dst  hop=2
[  69.2070]  PACKET_DELIVER         pkt=864  flow=0  latency=1864.0ms
[  69.3020]  QUEUE_DEQUEUE          pkt=865  node=router  wait=1951.2ms  queue=18/20  state=INCREMENTAL_COMPRESSION
[  69.3020]  PACKET_TRANSMIT        pkt=865  link=router→dst  delay=5.0ms
[  69.3070]  PACKET_ARRIVAL         pkt=865  node=dst  hop=2
[  69.3070]  PACKET_DELIVER         pkt=865  flow=0  latency=1958.2ms
[  69.4000]  PACKET_GENERATE        pkt=891  flow=1  size=100B  pri=0
[  69.4000]  QUEUE_ENQUEUE          pkt=891  node=src1  queue=1/1000 (0%)  state=NORMAL
[  69.4010]  QUEUE_DEQUEUE          pkt=891  node=src1  wait=1.0ms  queue=0/1000  state=NORMAL
[  69.4010]  PACKET_TRANSMIT        pkt=891  link=src1→router  delay=1.0ms
[  69.4020]  QUEUE_DEQUEUE          pkt=869  node=router  wait=1842.6ms  queue=17/20  state=INCREMENTAL_COMPRESSION
[  69.4020]  PACKET_TRANSMIT        pkt=869  link=router→dst  delay=5.0ms
[  69.4020]  PACKET_ARRIVAL         pkt=891  node=router  hop=1
[  69.4020]  QUEUE_ENQUEUE          pkt=891  node=router  queue=18/20 (90%)  state=INCREMENTAL_COMPRESSION
[  69.4070]  PACKET_ARRIVAL         pkt=869  node=dst  hop=2
[  69.4070]  PACKET_DELIVER         pkt=869  flow=0  latency=1849.6ms
[  69.5020]  QUEUE_DEQUEUE          pkt=870  node=router  wait=1900.0ms  queue=17/20  state=INCREMENTAL_COMPRESSION
[  69.5020]  PACKET_TRANSMIT        pkt=870  link=router→dst  delay=5.0ms
[  69.5070]  PACKET_ARRIVAL         pkt=870  node=dst  hop=2
[  69.5070]  PACKET_DELIVER         pkt=870  flow=1  latency=1907.0ms
[  69.5282]  PACKET_GENERATE        pkt=892  flow=0  size=1438B  pri=1
[  69.5282]  QUEUE_ENQUEUE          pkt=892  node=src0  queue=1/1000 (0%)  state=NORMAL
[  69.5292]  QUEUE_DEQUEUE          pkt=892  node=src0  wait=1.0ms  queue=0/1000  state=NORMAL
[  69.5292]  PACKET_TRANSMIT        pkt=892  link=src0→router  delay=1.0ms
[  69.5302]  PACKET_ARRIVAL         pkt=892  node=router  hop=1
[  69.5302]  QUEUE_ENQUEUE          pkt=892  node=router  queue=18/20 (90%)  state=INCREMENTAL_COMPRESSION
[  69.6000]  PACKET_GENERATE        pkt=893  flow=1  size=100B  pri=0
[  69.6000]  QUEUE_ENQUEUE          pkt=893  node=src1  queue=1/1000 (0%)  state=NORMAL
[  69.6010]  QUEUE_DEQUEUE          pkt=893  node=src1  wait=1.0ms  queue=0/1000  state=NORMAL
[  69.6010]  PACKET_TRANSMIT        pkt=893  link=src1→router  delay=1.0ms
[  69.6020]  QUEUE_DEQUEUE          pkt=871  node=router  wait=1899.5ms  queue=17/20  state=INCREMENTAL_COMPRESSION
[  69.6020]  PACKET_TRANSMIT        pkt=871  link=router→dst  delay=5.0ms
[  69.6020]  PACKET_ARRIVAL         pkt=893  node=router  hop=1
[  69.6020]  QUEUE_ENQUEUE          pkt=893  node=router  queue=18/20 (90%)  state=INCREMENTAL_COMPRESSION
[  69.6070]  PACKET_ARRIVAL         pkt=871  node=dst  hop=2
[  69.6070]  PACKET_DELIVER         pkt=871  flow=0  latency=1906.5ms
[  69.6555]  PACKET_GENERATE        pkt=894  flow=0  size=1454B  pri=1
[  69.6555]  QUEUE_ENQUEUE          pkt=894  node=src0  queue=1/1000 (0%)  state=NORMAL
[  69.6565]  QUEUE_DEQUEUE          pkt=894  node=src0  wait=1.0ms  queue=0/1000  state=NORMAL
[  69.6565]  PACKET_TRANSMIT        pkt=894  link=src0→router  delay=1.0ms
[  69.6575]  PACKET_ARRIVAL         pkt=894  node=router  hop=1
[  69.6575]  QUEUE_ENQUEUE          pkt=894  node=router  queue=19/20 (95%)  state=INCREMENTAL_COMPRESSION
[  69.7020]  QUEUE_DEQUEUE          pkt=872  node=router  wait=1976.2ms  queue=18/20  state=INCREMENTAL_COMPRESSION
[  69.7020]  PACKET_TRANSMIT        pkt=872  link=router→dst  delay=5.0ms
[  69.7070]  PACKET_ARRIVAL         pkt=872  node=dst  hop=2
[  69.7070]  PACKET_DELIVER         pkt=872  flow=0  latency=1983.2ms
[  69.8000]  PACKET_GENERATE        pkt=895  flow=1  size=100B  pri=0
[  69.8000]  QUEUE_ENQUEUE          pkt=895  node=src1  queue=1/1000 (0%)  state=NORMAL
[  69.8010]  QUEUE_DEQUEUE          pkt=895  node=src1  wait=1.0ms  queue=0/1000  state=NORMAL
[  69.8010]  PACKET_TRANSMIT        pkt=895  link=src1→router  delay=1.0ms
[  69.8020]  QUEUE_DEQUEUE          pkt=873  node=router  wait=2000.0ms  queue=17/20  state=INCREMENTAL_COMPRESSION
[  69.8020]  PACKET_TRANSMIT        pkt=873  link=router→dst  delay=5.0ms
[  69.8020]  PACKET_ARRIVAL         pkt=895  node=router  hop=1
[  69.8020]  QUEUE_ENQUEUE          pkt=895  node=router  queue=18/20 (90%)  state=INCREMENTAL_COMPRESSION
[  69.8021]  PACKET_GENERATE        pkt=896  flow=0  size=1458B  pri=1
[  69.8021]  QUEUE_ENQUEUE          pkt=896  node=src0  queue=1/1000 (0%)  state=NORMAL
[  69.8031]  QUEUE_DEQUEUE          pkt=896  node=src0  wait=1.0ms  queue=0/1000  state=NORMAL
[  69.8031]  PACKET_TRANSMIT        pkt=896  link=src0→router  delay=1.0ms
[  69.8041]  PACKET_ARRIVAL         pkt=896  node=router  hop=1
[  69.8041]  QUEUE_ENQUEUE          pkt=896  node=router  queue=19/20 (95%)  state=INCREMENTAL_COMPRESSION
[  69.8070]  PACKET_ARRIVAL         pkt=873  node=dst  hop=2
[  69.8070]  PACKET_DELIVER         pkt=873  flow=1  latency=2007.0ms
[  69.9020]  QUEUE_DEQUEUE          pkt=876  node=router  wait=1900.0ms  queue=18/20  state=INCREMENTAL_COMPRESSION
[  69.9020]  PACKET_TRANSMIT        pkt=876  link=router→dst  delay=5.0ms
[  69.9070]  PACKET_ARRIVAL         pkt=876  node=dst  hop=2
[  69.9070]  PACKET_DELIVER         pkt=876  flow=1  latency=1907.0ms
[  70.0000]  METRIC_SAMPLE          tput=10.00 pkt/s  PDR=0.612  lat=1736.40ms  q_occ=0.225  drops= 330  state=INCREMENTAL_COMPRESSION
[  70.0000]  PACKET_GENERATE        pkt=897  flow=1  size=100B  pri=0
[  70.0000]  QUEUE_ENQUEUE          pkt=897  node=src1  queue=1/1000 (0%)  state=NORMAL
[  70.0010]  QUEUE_DEQUEUE          pkt=897  node=src1  wait=1.0ms  queue=0/1000  state=NORMAL
[  70.0010]  PACKET_TRANSMIT        pkt=897  link=src1→router  delay=1.0ms
[  70.0020]  QUEUE_DEQUEUE          pkt=877  node=router  wait=1951.8ms  queue=17/20  state=INCREMENTAL_COMPRESSION
[  70.0020]  PACKET_TRANSMIT        pkt=877  link=router→dst  delay=5.0ms
[  70.0020]  PACKET_ARRIVAL         pkt=897  node=router  hop=1
[  70.0020]  QUEUE_ENQUEUE          pkt=897  node=router  queue=18/20 (90%)  state=INCREMENTAL_COMPRESSION
[  70.0070]  PACKET_ARRIVAL         pkt=877  node=dst  hop=2
[  70.0070]  PACKET_DELIVER         pkt=877  flow=0  latency=1958.8ms
[  70.0353]  PACKET_GENERATE        pkt=898  flow=0  size=1425B  pri=1
[  70.0353]  QUEUE_ENQUEUE          pkt=898  node=src0  queue=1/1000 (0%)  state=NORMAL
[  70.0363]  QUEUE_DEQUEUE          pkt=898  node=src0  wait=1.0ms  queue=0/1000  state=NORMAL
[  70.0363]  PACKET_TRANSMIT        pkt=898  link=src0→router  delay=1.0ms
[  70.0373]  PACKET_ARRIVAL         pkt=898  node=router  hop=1
[  70.0373]  QUEUE_ENQUEUE          pkt=898  node=router  queue=19/20 (95%)  state=INCREMENTAL_COMPRESSION
[  70.1020]  QUEUE_DEQUEUE          pkt=880  node=router  wait=1900.0ms  queue=18/20  state=INCREMENTAL_COMPRESSION
[  70.1020]  PACKET_TRANSMIT        pkt=880  link=router→dst  delay=5.0ms
[  70.1070]  PACKET_ARRIVAL         pkt=880  node=dst  hop=2
[  70.1070]  PACKET_DELIVER         pkt=880  flow=1  latency=1907.0ms
[  70.2000]  PACKET_GENERATE        pkt=899  flow=1  size=100B  pri=0
[  70.2000]  QUEUE_ENQUEUE          pkt=899  node=src1  queue=1/1000 (0%)  state=NORMAL
[  70.2010]  QUEUE_DEQUEUE          pkt=899  node=src1  wait=1.0ms  queue=0/1000  state=NORMAL
[  70.2010]  PACKET_TRANSMIT        pkt=899  link=src1→router  delay=1.0ms
[  70.2020]  QUEUE_DEQUEUE          pkt=881  node=router  wait=1968.6ms  queue=17/20  state=INCREMENTAL_COMPRESSION
[  70.2020]  PACKET_TRANSMIT        pkt=881  link=router→dst  delay=5.0ms
[  70.2020]  PACKET_ARRIVAL         pkt=899  node=router  hop=1
[  70.2020]  QUEUE_ENQUEUE          pkt=899  node=router  queue=18/20 (90%)  state=INCREMENTAL_COMPRESSION
[  70.2070]  PACKET_ARRIVAL         pkt=881  node=dst  hop=2
[  70.2070]  PACKET_DELIVER         pkt=881  flow=0  latency=1975.6ms
[  70.3020]  QUEUE_DEQUEUE          pkt=882  node=router  wait=1900.0ms  queue=17/20  state=INCREMENTAL_COMPRESSION
[  70.3020]  PACKET_TRANSMIT        pkt=882  link=router→dst  delay=5.0ms
[  70.3070]  PACKET_ARRIVAL         pkt=882  node=dst  hop=2
[  70.3070]  PACKET_DELIVER         pkt=882  flow=1  latency=1907.0ms
[  70.4000]  PACKET_GENERATE        pkt=900  flow=1  size=100B  pri=0
[  70.4000]  QUEUE_ENQUEUE          pkt=900  node=src1  queue=1/1000 (0%)  state=NORMAL
[  70.4010]  QUEUE_DEQUEUE          pkt=900  node=src1  wait=1.0ms  queue=0/1000  state=NORMAL
[  70.4010]  PACKET_TRANSMIT        pkt=900  link=src1→router  delay=1.0ms
[  70.4020]  QUEUE_DEQUEUE          pkt=883  node=router  wait=1882.2ms  queue=16/20  state=INCREMENTAL_COMPRESSION
[  70.4020]  STATE_UPDATE           node=router  INCREMENTAL_COMPRESSION → DELTA_COMPRESSION
[  70.4020]  PACKET_TRANSMIT        pkt=883  link=router→dst  delay=5.0ms
[  70.4020]  PACKET_ARRIVAL         pkt=900  node=router  hop=1
[  70.4020]  QUEUE_ENQUEUE          pkt=900  node=router  queue=17/20 (85%)  state=DELTA_COMPRESSION
[  70.4070]  PACKET_ARRIVAL         pkt=883  node=dst  hop=2
[  70.4070]  PACKET_DELIVER         pkt=883  flow=0  latency=1889.2ms
[  70.5020]  QUEUE_DEQUEUE          pkt=884  node=router  wait=1900.0ms  queue=16/20  state=DELTA_COMPRESSION
[  70.5020]  PACKET_TRANSMIT        pkt=884  link=router→dst  delay=5.0ms
[  70.5070]  PACKET_ARRIVAL         pkt=884  node=dst  hop=2
[  70.5070]  PACKET_DELIVER         pkt=884  flow=1  latency=1907.0ms
[  70.6000]  PACKET_GENERATE        pkt=901  flow=1  size=100B  pri=0
[  70.6000]  QUEUE_ENQUEUE          pkt=901  node=src1  queue=1/1000 (0%)  state=NORMAL
[  70.6010]  QUEUE_DEQUEUE          pkt=901  node=src1  wait=1.0ms  queue=0/1000  state=NORMAL
[  70.6010]  PACKET_TRANSMIT        pkt=901  link=src1→router  delay=1.0ms
[  70.6020]  QUEUE_DEQUEUE          pkt=885  node=router  wait=1800.0ms  queue=15/20  state=DELTA_COMPRESSION
[  70.6020]  PACKET_TRANSMIT        pkt=885  link=router→dst  delay=5.0ms
[  70.6020]  PACKET_ARRIVAL         pkt=901  node=router  hop=1
[  70.6020]  QUEUE_ENQUEUE          pkt=901  node=router  queue=16/20 (80%)  state=DELTA_COMPRESSION
[  70.6070]  PACKET_ARRIVAL         pkt=885  node=dst  hop=2
[  70.6070]  PACKET_DELIVER         pkt=885  flow=1  latency=1807.0ms
[  70.7020]  QUEUE_DEQUEUE          pkt=886  node=router  wait=1892.8ms  queue=15/20  state=DELTA_COMPRESSION
[  70.7020]  PACKET_TRANSMIT        pkt=886  link=router→dst  delay=5.0ms
[  70.7070]  PACKET_ARRIVAL         pkt=886  node=dst  hop=2
[  70.7070]  PACKET_DELIVER         pkt=886  flow=0  latency=1899.8ms
[  70.8000]  PACKET_GENERATE        pkt=902  flow=1  size=100B  pri=0
[  70.8000]  QUEUE_ENQUEUE          pkt=902  node=src1  queue=1/1000 (0%)  state=NORMAL
[  70.8010]  QUEUE_DEQUEUE          pkt=902  node=src1  wait=1.0ms  queue=0/1000  state=NORMAL
[  70.8010]  PACKET_TRANSMIT        pkt=902  link=src1→router  delay=1.0ms
[  70.8020]  QUEUE_DEQUEUE          pkt=887  node=router  wait=1893.9ms  queue=14/20  state=DELTA_COMPRESSION
[  70.8020]  PACKET_TRANSMIT        pkt=887  link=router→dst  delay=5.0ms
[  70.8020]  PACKET_ARRIVAL         pkt=902  node=router  hop=1
[  70.8020]  QUEUE_ENQUEUE          pkt=902  node=router  queue=15/20 (75%)  state=DELTA_COMPRESSION
[  70.8070]  PACKET_ARRIVAL         pkt=887  node=dst  hop=2
[  70.8070]  PACKET_DELIVER         pkt=887  flow=0  latency=1900.9ms
[  70.9020]  QUEUE_DEQUEUE          pkt=888  node=router  wait=1921.1ms  queue=14/20  state=DELTA_COMPRESSION
[  70.9020]  PACKET_TRANSMIT        pkt=888  link=router→dst  delay=5.0ms
[  70.9070]  PACKET_ARRIVAL         pkt=888  node=dst  hop=2
[  70.9070]  PACKET_DELIVER         pkt=888  flow=0  latency=1928.1ms
[  70.9573]  PACKET_GENERATE        pkt=903  flow=0  size=1461B  pri=1
[  70.9573]  QUEUE_ENQUEUE          pkt=903  node=src0  queue=1/1000 (0%)  state=NORMAL
[  70.9583]  QUEUE_DEQUEUE          pkt=903  node=src0  wait=1.0ms  queue=0/1000  state=NORMAL
[  70.9583]  PACKET_TRANSMIT        pkt=903  link=src0→router  delay=1.0ms
[  70.9593]  PACKET_ARRIVAL         pkt=903  node=router  hop=1
[  70.9593]  QUEUE_ENQUEUE          pkt=903  node=router  queue=15/20 (75%)  state=DELTA_COMPRESSION
[  70.9714]  PACKET_GENERATE        pkt=904  flow=0  size=1448B  pri=1
[  70.9714]  QUEUE_ENQUEUE          pkt=904  node=src0  queue=1/1000 (0%)  state=NORMAL
[  70.9724]  QUEUE_DEQUEUE          pkt=904  node=src0  wait=1.0ms  queue=0/1000  state=NORMAL
[  70.9724]  PACKET_TRANSMIT        pkt=904  link=src0→router  delay=1.0ms
[  70.9734]  PACKET_ARRIVAL         pkt=904  node=router  hop=1
[  70.9734]  QUEUE_ENQUEUE          pkt=904  node=router  queue=16/20 (80%)  state=DELTA_COMPRESSION
[  71.0000]  PACKET_GENERATE        pkt=905  flow=1  size=100B  pri=0
[  71.0000]  QUEUE_ENQUEUE          pkt=905  node=src1  queue=1/1000 (0%)  state=NORMAL
[  71.0010]  QUEUE_DEQUEUE          pkt=905  node=src1  wait=1.0ms  queue=0/1000  state=NORMAL
[  71.0010]  PACKET_TRANSMIT        pkt=905  link=src1→router  delay=1.0ms
[  71.0020]  QUEUE_DEQUEUE          pkt=889  node=router  wait=2000.0ms  queue=15/20  state=DELTA_COMPRESSION
[  71.0020]  PACKET_TRANSMIT        pkt=889  link=router→dst  delay=5.0ms
[  71.0020]  PACKET_ARRIVAL         pkt=905  node=router  hop=1
[  71.0020]  QUEUE_ENQUEUE          pkt=905  node=router  queue=16/20 (80%)  state=DELTA_COMPRESSION
[  71.0070]  PACKET_ARRIVAL         pkt=889  node=dst  hop=2
[  71.0070]  PACKET_DELIVER         pkt=889  flow=1  latency=2007.0ms
[  71.0774]  PACKET_GENERATE        pkt=906  flow=0  size=1473B  pri=1
[  71.0774]  QUEUE_ENQUEUE          pkt=906  node=src0  queue=1/1000 (0%)  state=NORMAL
[  71.0784]  QUEUE_DEQUEUE          pkt=906  node=src0  wait=1.0ms  queue=0/1000  state=NORMAL
[  71.0784]  PACKET_TRANSMIT        pkt=906  link=src0→router  delay=1.0ms
[  71.0794]  PACKET_ARRIVAL         pkt=906  node=router  hop=1
[  71.0794]  QUEUE_ENQUEUE          pkt=906  node=router  queue=17/20 (85%)  state=DELTA_COMPRESSION
[  71.1020]  QUEUE_DEQUEUE          pkt=890  node=router  wait=1900.0ms  queue=16/20  state=DELTA_COMPRESSION
[  71.1020]  PACKET_TRANSMIT        pkt=890  link=router→dst  delay=5.0ms
[  71.1070]  PACKET_ARRIVAL         pkt=890  node=dst  hop=2
[  71.1070]  PACKET_DELIVER         pkt=890  flow=1  latency=1907.0ms
[  71.1213]  PACKET_GENERATE        pkt=907  flow=0  size=1489B  pri=1
[  71.1213]  QUEUE_ENQUEUE          pkt=907  node=src0  queue=1/1000 (0%)  state=NORMAL
[  71.1223]  QUEUE_DEQUEUE          pkt=907  node=src0  wait=1.0ms  queue=0/1000  state=NORMAL
[  71.1223]  PACKET_TRANSMIT        pkt=907  link=src0→router  delay=1.0ms
[  71.1233]  PACKET_ARRIVAL         pkt=907  node=router  hop=1
[  71.1233]  QUEUE_ENQUEUE          pkt=907  node=router  queue=17/20 (85%)  state=DELTA_COMPRESSION
[  71.1650]  PACKET_GENERATE        pkt=908  flow=0  size=1484B  pri=1
[  71.1650]  QUEUE_ENQUEUE          pkt=908  node=src0  queue=1/1000 (0%)  state=NORMAL
[  71.1660]  QUEUE_DEQUEUE          pkt=908  node=src0  wait=1.0ms  queue=0/1000  state=NORMAL
[  71.1660]  PACKET_TRANSMIT        pkt=908  link=src0→router  delay=1.0ms
[  71.1670]  PACKET_ARRIVAL         pkt=908  node=router  hop=1
[  71.1670]  QUEUE_ENQUEUE          pkt=908  node=router  queue=18/20 (90%)  state=DELTA_COMPRESSION
[  71.2000]  PACKET_GENERATE        pkt=909  flow=1  size=100B  pri=0
[  71.2000]  QUEUE_ENQUEUE          pkt=909  node=src1  queue=1/1000 (0%)  state=NORMAL
[  71.2010]  QUEUE_DEQUEUE          pkt=909  node=src1  wait=1.0ms  queue=0/1000  state=NORMAL
[  71.2010]  PACKET_TRANSMIT        pkt=909  link=src1→router  delay=1.0ms
[  71.2020]  QUEUE_DEQUEUE          pkt=891  node=router  wait=1800.0ms  queue=17/20  state=DELTA_COMPRESSION
[  71.2020]  STATE_UPDATE           node=router  DELTA_COMPRESSION → INCREMENTAL_COMPRESSION
[  71.2020]  PACKET_TRANSMIT        pkt=891  link=router→dst  delay=5.0ms
[  71.2020]  PACKET_ARRIVAL         pkt=909  node=router  hop=1
[  71.2020]  QUEUE_ENQUEUE          pkt=909  node=router  queue=18/20 (90%)  state=INCREMENTAL_COMPRESSION
[  71.2070]  PACKET_ARRIVAL         pkt=891  node=dst  hop=2
[  71.2070]  PACKET_DELIVER         pkt=891  flow=1  latency=1807.0ms
[  71.2280]  PACKET_GENERATE        pkt=910  flow=0  size=1401B  pri=1
[  71.2280]  QUEUE_ENQUEUE          pkt=910  node=src0  queue=1/1000 (0%)  state=NORMAL
[  71.2290]  QUEUE_DEQUEUE          pkt=910  node=src0  wait=1.0ms  queue=0/1000  state=NORMAL
[  71.2290]  PACKET_TRANSMIT        pkt=910  link=src0→router  delay=1.0ms
[  71.2300]  PACKET_ARRIVAL         pkt=910  node=router  hop=1
[  71.2300]  QUEUE_ENQUEUE          pkt=910  node=router  queue=19/20 (95%)  state=INCREMENTAL_COMPRESSION
[  71.3020]  QUEUE_DEQUEUE          pkt=892  node=router  wait=1771.8ms  queue=18/20  state=INCREMENTAL_COMPRESSION
[  71.3020]  PACKET_TRANSMIT        pkt=892  link=router→dst  delay=5.0ms
[  71.3070]  PACKET_ARRIVAL         pkt=892  node=dst  hop=2
[  71.3070]  PACKET_DELIVER         pkt=892  flow=0  latency=1778.8ms
[  71.3323]  PACKET_GENERATE        pkt=911  flow=0  size=1487B  pri=1
[  71.3323]  QUEUE_ENQUEUE          pkt=911  node=src0  queue=1/1000 (0%)  state=NORMAL
[  71.3333]  QUEUE_DEQUEUE          pkt=911  node=src0  wait=1.0ms  queue=0/1000  state=NORMAL
[  71.3333]  PACKET_TRANSMIT        pkt=911  link=src0→router  delay=1.0ms
[  71.3343]  PACKET_ARRIVAL         pkt=911  node=router  hop=1
[  71.3343]  QUEUE_ENQUEUE          pkt=911  node=router  queue=19/20 (95%)  state=INCREMENTAL_COMPRESSION
[  71.4000]  PACKET_GENERATE        pkt=912  flow=1  size=100B  pri=0
[  71.4000]  QUEUE_ENQUEUE          pkt=912  node=src1  queue=1/1000 (0%)  state=NORMAL
[  71.4010]  QUEUE_DEQUEUE          pkt=912  node=src1  wait=1.0ms  queue=0/1000  state=NORMAL
[  71.4010]  PACKET_TRANSMIT        pkt=912  link=src1→router  delay=1.0ms
[  71.4020]  QUEUE_DEQUEUE          pkt=893  node=router  wait=1800.0ms  queue=18/20  state=INCREMENTAL_COMPRESSION
[  71.4020]  PACKET_TRANSMIT        pkt=893  link=router→dst  delay=5.0ms
[  71.4020]  PACKET_ARRIVAL         pkt=912  node=router  hop=1
[  71.4020]  QUEUE_ENQUEUE          pkt=912  node=router  queue=19/20 (95%)  state=INCREMENTAL_COMPRESSION
[  71.4070]  PACKET_ARRIVAL         pkt=893  node=dst  hop=2
[  71.4070]  PACKET_DELIVER         pkt=893  flow=1  latency=1807.0ms
[  71.5020]  QUEUE_DEQUEUE          pkt=894  node=router  wait=1844.5ms  queue=18/20  state=INCREMENTAL_COMPRESSION
[  71.5020]  PACKET_TRANSMIT        pkt=894  link=router→dst  delay=5.0ms
[  71.5070]  PACKET_ARRIVAL         pkt=894  node=dst  hop=2
[  71.5070]  PACKET_DELIVER         pkt=894  flow=0  latency=1851.5ms
[  71.5206]  PACKET_GENERATE        pkt=913  flow=0  size=1406B  pri=1
[  71.5206]  QUEUE_ENQUEUE          pkt=913  node=src0  queue=1/1000 (0%)  state=NORMAL
[  71.5216]  QUEUE_DEQUEUE          pkt=913  node=src0  wait=1.0ms  queue=0/1000  state=NORMAL
[  71.5216]  PACKET_TRANSMIT        pkt=913  link=src0→router  delay=1.0ms
[  71.5226]  PACKET_ARRIVAL         pkt=913  node=router  hop=1
[  71.5226]  QUEUE_ENQUEUE          pkt=913  node=router  queue=19/20 (95%)  state=INCREMENTAL_COMPRESSION
[  71.6000]  PACKET_GENERATE        pkt=914  flow=1  size=100B  pri=0
[  71.6000]  QUEUE_ENQUEUE          pkt=914  node=src1  queue=1/1000 (0%)  state=NORMAL
[  71.6010]  QUEUE_DEQUEUE          pkt=914  node=src1  wait=1.0ms  queue=0/1000  state=NORMAL
[  71.6010]  PACKET_TRANSMIT        pkt=914  link=src1→router  delay=1.0ms
[  71.6020]  QUEUE_DEQUEUE          pkt=895  node=router  wait=1800.0ms  queue=18/20  state=INCREMENTAL_COMPRESSION
[  71.6020]  PACKET_TRANSMIT        pkt=895  link=router→dst  delay=5.0ms
[  71.6020]  PACKET_ARRIVAL         pkt=914  node=router  hop=1
[  71.6020]  QUEUE_ENQUEUE          pkt=914  node=router  queue=19/20 (95%)  state=INCREMENTAL_COMPRESSION
[  71.6070]  PACKET_ARRIVAL         pkt=895  node=dst  hop=2
[  71.6070]  PACKET_DELIVER         pkt=895  flow=1  latency=1807.0ms
[  71.7020]  QUEUE_DEQUEUE          pkt=896  node=router  wait=1897.9ms  queue=18/20  state=INCREMENTAL_COMPRESSION
[  71.7020]  PACKET_TRANSMIT        pkt=896  link=router→dst  delay=5.0ms
[  71.7070]  PACKET_ARRIVAL         pkt=896  node=dst  hop=2
[  71.7070]  PACKET_DELIVER         pkt=896  flow=0  latency=1904.9ms
[  71.8000]  PACKET_GENERATE        pkt=915  flow=1  size=100B  pri=0
[  71.8000]  QUEUE_ENQUEUE          pkt=915  node=src1  queue=1/1000 (0%)  state=NORMAL
[  71.8010]  QUEUE_DEQUEUE          pkt=915  node=src1  wait=1.0ms  queue=0/1000  state=NORMAL
[  71.8010]  PACKET_TRANSMIT        pkt=915  link=src1→router  delay=1.0ms
[  71.8020]  QUEUE_DEQUEUE          pkt=897  node=router  wait=1800.0ms  queue=17/20  state=INCREMENTAL_COMPRESSION
[  71.8020]  PACKET_TRANSMIT        pkt=897  link=router→dst  delay=5.0ms
[  71.8020]  PACKET_ARRIVAL         pkt=915  node=router  hop=1
[  71.8020]  QUEUE_ENQUEUE          pkt=915  node=router  queue=18/20 (90%)  state=INCREMENTAL_COMPRESSION
[  71.8070]  PACKET_ARRIVAL         pkt=897  node=dst  hop=2
[  71.8070]  PACKET_DELIVER         pkt=897  flow=1  latency=1807.0ms
[  71.8225]  PACKET_GENERATE        pkt=916  flow=0  size=1495B  pri=1
[  71.8225]  QUEUE_ENQUEUE          pkt=916  node=src0  queue=1/1000 (0%)  state=NORMAL
[  71.8235]  QUEUE_DEQUEUE          pkt=916  node=src0  wait=1.0ms  queue=0/1000  state=NORMAL
[  71.8235]  PACKET_TRANSMIT        pkt=916  link=src0→router  delay=1.0ms
[  71.8245]  PACKET_ARRIVAL         pkt=916  node=router  hop=1
[  71.8245]  QUEUE_ENQUEUE          pkt=916  node=router  queue=19/20 (95%)  state=INCREMENTAL_COMPRESSION
[  71.9020]  QUEUE_DEQUEUE          pkt=898  node=router  wait=1864.7ms  queue=18/20  state=INCREMENTAL_COMPRESSION
[  71.9020]  PACKET_TRANSMIT        pkt=898  link=router→dst  delay=5.0ms
[  71.9070]  PACKET_ARRIVAL         pkt=898  node=dst  hop=2
[  71.9070]  PACKET_DELIVER         pkt=898  flow=0  latency=1871.7ms
[  71.9083]  PACKET_GENERATE        pkt=917  flow=0  size=1436B  pri=1
[  71.9083]  QUEUE_ENQUEUE          pkt=917  node=src0  queue=1/1000 (0%)  state=NORMAL
[  71.9093]  QUEUE_DEQUEUE          pkt=917  node=src0  wait=1.0ms  queue=0/1000  state=NORMAL
[  71.9093]  PACKET_TRANSMIT        pkt=917  link=src0→router  delay=1.0ms
[  71.9103]  PACKET_ARRIVAL         pkt=917  node=router  hop=1
[  71.9103]  QUEUE_ENQUEUE          pkt=917  node=router  queue=19/20 (95%)  state=INCREMENTAL_COMPRESSION
[  72.0000]  PACKET_GENERATE        pkt=918  flow=1  size=100B  pri=0
[  72.0000]  QUEUE_ENQUEUE          pkt=918  node=src1  queue=1/1000 (0%)  state=NORMAL
[  72.0010]  QUEUE_DEQUEUE          pkt=918  node=src1  wait=1.0ms  queue=0/1000  state=NORMAL
[  72.0010]  PACKET_TRANSMIT        pkt=918  link=src1→router  delay=1.0ms
[  72.0020]  QUEUE_DEQUEUE          pkt=899  node=router  wait=1800.0ms  queue=18/20  state=INCREMENTAL_COMPRESSION
[  72.0020]  PACKET_TRANSMIT        pkt=899  link=router→dst  delay=5.0ms
[  72.0020]  PACKET_ARRIVAL         pkt=918  node=router  hop=1
[  72.0020]  QUEUE_ENQUEUE          pkt=918  node=router  queue=19/20 (95%)  state=INCREMENTAL_COMPRESSION
[  72.0070]  PACKET_ARRIVAL         pkt=899  node=dst  hop=2
[  72.0070]  PACKET_DELIVER         pkt=899  flow=1  latency=1807.0ms
[  72.0952]  PACKET_GENERATE        pkt=919  flow=0  size=1429B  pri=1
[  72.0952]  QUEUE_ENQUEUE          pkt=919  node=src0  queue=1/1000 (0%)  state=NORMAL
[  72.0962]  QUEUE_DEQUEUE          pkt=919  node=src0  wait=1.0ms  queue=0/1000  state=NORMAL
[  72.0962]  PACKET_TRANSMIT        pkt=919  link=src0→router  delay=1.0ms
[  72.0972]  PACKET_ARRIVAL         pkt=919  node=router  hop=1
[  72.0972]  QUEUE_ENQUEUE          pkt=919  node=router  queue=20/20 (100%)  state=INCREMENTAL_COMPRESSION
[  72.1020]  QUEUE_DEQUEUE          pkt=900  node=router  wait=1700.0ms  queue=19/20  state=INCREMENTAL_COMPRESSION
[  72.1020]  STATE_UPDATE           node=router  INCREMENTAL_COMPRESSION → DROP_LOW_PRIORITY
[  72.1020]  PACKET_TRANSMIT        pkt=900  link=router→dst  delay=5.0ms
[  72.1070]  PACKET_ARRIVAL         pkt=900  node=dst  hop=2
[  72.1070]  PACKET_DELIVER         pkt=900  flow=1  latency=1707.0ms
[  72.2000]  PACKET_GENERATE        pkt=920  flow=1  size=100B  pri=0
[  72.2000]  QUEUE_ENQUEUE          pkt=920  node=src1  queue=1/1000 (0%)  state=NORMAL
[  72.2010]  QUEUE_DEQUEUE          pkt=920  node=src1  wait=1.0ms  queue=0/1000  state=NORMAL
[  72.2010]  PACKET_TRANSMIT        pkt=920  link=src1→router  delay=1.0ms
[  72.2020]  QUEUE_DEQUEUE          pkt=901  node=router  wait=1600.0ms  queue=18/20  state=DROP_LOW_PRIORITY
[  72.2020]  STATE_UPDATE           node=router  DROP_LOW_PRIORITY → INCREMENTAL_COMPRESSION
[  72.2020]  PACKET_TRANSMIT        pkt=901  link=router→dst  delay=5.0ms
[  72.2020]  PACKET_ARRIVAL         pkt=920  node=router  hop=1
[  72.2020]  QUEUE_ENQUEUE          pkt=920  node=router  queue=19/20 (95%)  state=INCREMENTAL_COMPRESSION
[  72.2070]  PACKET_ARRIVAL         pkt=901  node=dst  hop=2
[  72.2070]  PACKET_DELIVER         pkt=901  flow=1  latency=1607.0ms
[  72.2119]  PACKET_GENERATE        pkt=921  flow=0  size=1445B  pri=1
[  72.2119]  QUEUE_ENQUEUE          pkt=921  node=src0  queue=1/1000 (0%)  state=NORMAL
[  72.2129]  QUEUE_DEQUEUE          pkt=921  node=src0  wait=1.0ms  queue=0/1000  state=NORMAL
[  72.2129]  PACKET_TRANSMIT        pkt=921  link=src0→router  delay=1.0ms
[  72.2139]  PACKET_ARRIVAL         pkt=921  node=router  hop=1
[  72.2139]  QUEUE_ENQUEUE          pkt=921  node=router  queue=20/20 (100%)  state=INCREMENTAL_COMPRESSION
[  72.2428]  PACKET_GENERATE        pkt=922  flow=0  size=1424B  pri=1
[  72.2428]  QUEUE_ENQUEUE          pkt=922  node=src0  queue=1/1000 (0%)  state=NORMAL
[  72.2438]  QUEUE_DEQUEUE          pkt=922  node=src0  wait=1.0ms  queue=0/1000  state=NORMAL
[  72.2438]  PACKET_TRANSMIT        pkt=922  link=src0→router  delay=1.0ms
[  72.2448]  PACKET_ARRIVAL         pkt=922  node=router  hop=1
[  72.2448]  QUEUE_DROP(full)       pkt=922  node=router  pri=1  queue=20/20 FULL
[  72.3020]  QUEUE_DEQUEUE          pkt=902  node=router  wait=1500.0ms  queue=19/20  state=INCREMENTAL_COMPRESSION
[  72.3020]  STATE_UPDATE           node=router  INCREMENTAL_COMPRESSION → DROP_LOW_PRIORITY
[  72.3020]  PACKET_TRANSMIT        pkt=902  link=router→dst  delay=5.0ms
[  72.3070]  PACKET_ARRIVAL         pkt=902  node=dst  hop=2
[  72.3070]  PACKET_DELIVER         pkt=902  flow=1  latency=1507.0ms
[  72.3641]  PACKET_GENERATE        pkt=923  flow=0  size=1486B  pri=1
[  72.3641]  QUEUE_ENQUEUE          pkt=923  node=src0  queue=1/1000 (0%)  state=NORMAL
[  72.3651]  QUEUE_DEQUEUE          pkt=923  node=src0  wait=1.0ms  queue=0/1000  state=NORMAL
[  72.3651]  PACKET_TRANSMIT        pkt=923  link=src0→router  delay=1.0ms
[  72.3661]  PACKET_ARRIVAL         pkt=923  node=router  hop=1
[  72.3661]  QUEUE_DROP(congestion) pkt=923  node=router  pri=1  state=DROP_LOW_PRIORITY
[  72.4000]  PACKET_GENERATE        pkt=924  flow=1  size=100B  pri=0
[  72.4000]  QUEUE_ENQUEUE          pkt=924  node=src1  queue=1/1000 (0%)  state=NORMAL
[  72.4010]  QUEUE_DEQUEUE          pkt=924  node=src1  wait=1.0ms  queue=0/1000  state=NORMAL
[  72.4010]  PACKET_TRANSMIT        pkt=924  link=src1→router  delay=1.0ms
[  72.4020]  QUEUE_DEQUEUE          pkt=903  node=router  wait=1442.7ms  queue=18/20  state=DROP_LOW_PRIORITY
[  72.4020]  STATE_UPDATE           node=router  DROP_LOW_PRIORITY → INCREMENTAL_COMPRESSION
[  72.4020]  PACKET_TRANSMIT        pkt=903  link=router→dst  delay=5.0ms
[  72.4020]  PACKET_ARRIVAL         pkt=924  node=router  hop=1
[  72.4020]  QUEUE_ENQUEUE          pkt=924  node=router  queue=19/20 (95%)  state=INCREMENTAL_COMPRESSION
[  72.4070]  PACKET_ARRIVAL         pkt=903  node=dst  hop=2
[  72.4070]  PACKET_DELIVER         pkt=903  flow=0  latency=1449.7ms
[  72.5020]  QUEUE_DEQUEUE          pkt=904  node=router  wait=1528.6ms  queue=18/20  state=INCREMENTAL_COMPRESSION
[  72.5020]  PACKET_TRANSMIT        pkt=904  link=router→dst  delay=5.0ms
[  72.5070]  PACKET_ARRIVAL         pkt=904  node=dst  hop=2
[  72.5070]  PACKET_DELIVER         pkt=904  flow=0  latency=1535.6ms
[  72.5402]  PACKET_GENERATE        pkt=925  flow=0  size=1498B  pri=1
[  72.5402]  QUEUE_ENQUEUE          pkt=925  node=src0  queue=1/1000 (0%)  state=NORMAL
[  72.5412]  QUEUE_DEQUEUE          pkt=925  node=src0  wait=1.0ms  queue=0/1000  state=NORMAL
[  72.5412]  PACKET_TRANSMIT        pkt=925  link=src0→router  delay=1.0ms
[  72.5422]  PACKET_ARRIVAL         pkt=925  node=router  hop=1
[  72.5422]  QUEUE_ENQUEUE          pkt=925  node=router  queue=19/20 (95%)  state=INCREMENTAL_COMPRESSION
[  72.6000]  PACKET_GENERATE        pkt=926  flow=1  size=100B  pri=0
[  72.6000]  QUEUE_ENQUEUE          pkt=926  node=src1  queue=1/1000 (0%)  state=NORMAL
[  72.6010]  QUEUE_DEQUEUE          pkt=926  node=src1  wait=1.0ms  queue=0/1000  state=NORMAL
[  72.6010]  PACKET_TRANSMIT        pkt=926  link=src1→router  delay=1.0ms
[  72.6020]  QUEUE_DEQUEUE          pkt=905  node=router  wait=1600.0ms  queue=18/20  state=INCREMENTAL_COMPRESSION
[  72.6020]  PACKET_TRANSMIT        pkt=905  link=router→dst  delay=5.0ms
[  72.6020]  PACKET_ARRIVAL         pkt=926  node=router  hop=1
[  72.6020]  QUEUE_ENQUEUE          pkt=926  node=router  queue=19/20 (95%)  state=INCREMENTAL_COMPRESSION
[  72.6070]  PACKET_ARRIVAL         pkt=905  node=dst  hop=2
[  72.6070]  PACKET_DELIVER         pkt=905  flow=1  latency=1607.0ms
[  72.6747]  PACKET_GENERATE        pkt=927  flow=0  size=1417B  pri=1
[  72.6747]  QUEUE_ENQUEUE          pkt=927  node=src0  queue=1/1000 (0%)  state=NORMAL
[  72.6757]  QUEUE_DEQUEUE          pkt=927  node=src0  wait=1.0ms  queue=0/1000  state=NORMAL
[  72.6757]  PACKET_TRANSMIT        pkt=927  link=src0→router  delay=1.0ms
[  72.6767]  PACKET_ARRIVAL         pkt=927  node=router  hop=1
[  72.6767]  QUEUE_ENQUEUE          pkt=927  node=router  queue=20/20 (100%)  state=INCREMENTAL_COMPRESSION
[  72.7020]  QUEUE_DEQUEUE          pkt=906  node=router  wait=1622.6ms  queue=19/20  state=INCREMENTAL_COMPRESSION
[  72.7020]  STATE_UPDATE           node=router  INCREMENTAL_COMPRESSION → DROP_LOW_PRIORITY
[  72.7020]  PACKET_TRANSMIT        pkt=906  link=router→dst  delay=5.0ms
[  72.7070]  PACKET_ARRIVAL         pkt=906  node=dst  hop=2
[  72.7070]  PACKET_DELIVER         pkt=906  flow=0  latency=1629.6ms
[  72.7984]  PACKET_GENERATE        pkt=928  flow=0  size=1480B  pri=1
[  72.7984]  QUEUE_ENQUEUE          pkt=928  node=src0  queue=1/1000 (0%)  state=NORMAL
[  72.7994]  QUEUE_DEQUEUE          pkt=928  node=src0  wait=1.0ms  queue=0/1000  state=NORMAL
[  72.7994]  PACKET_TRANSMIT        pkt=928  link=src0→router  delay=1.0ms
[  72.8000]  PACKET_GENERATE        pkt=929  flow=1  size=100B  pri=0
[  72.8000]  QUEUE_ENQUEUE          pkt=929  node=src1  queue=1/1000 (0%)  state=NORMAL
[  72.8004]  PACKET_ARRIVAL         pkt=928  node=router  hop=1
[  72.8004]  QUEUE_DROP(congestion) pkt=928  node=router  pri=1  state=DROP_LOW_PRIORITY
[  72.8010]  QUEUE_DEQUEUE          pkt=929  node=src1  wait=1.0ms  queue=0/1000  state=NORMAL
[  72.8010]  PACKET_TRANSMIT        pkt=929  link=src1→router  delay=1.0ms
[  72.8020]  QUEUE_DEQUEUE          pkt=907  node=router  wait=1678.7ms  queue=18/20  state=DROP_LOW_PRIORITY
[  72.8020]  STATE_UPDATE           node=router  DROP_LOW_PRIORITY → INCREMENTAL_COMPRESSION
[  72.8020]  PACKET_TRANSMIT        pkt=907  link=router→dst  delay=5.0ms
[  72.8020]  PACKET_ARRIVAL         pkt=929  node=router  hop=1
[  72.8020]  QUEUE_ENQUEUE          pkt=929  node=router  queue=19/20 (95%)  state=INCREMENTAL_COMPRESSION
[  72.8070]  PACKET_ARRIVAL         pkt=907  node=dst  hop=2
[  72.8070]  PACKET_DELIVER         pkt=907  flow=0  latency=1685.7ms
[  72.9020]  QUEUE_DEQUEUE          pkt=908  node=router  wait=1735.0ms  queue=18/20  state=INCREMENTAL_COMPRESSION
[  72.9020]  PACKET_TRANSMIT        pkt=908  link=router→dst  delay=5.0ms
[  72.9070]  PACKET_ARRIVAL         pkt=908  node=dst  hop=2
[  72.9070]  PACKET_DELIVER         pkt=908  flow=0  latency=1742.0ms
[  72.9284]  PACKET_GENERATE        pkt=930  flow=0  size=1439B  pri=1
[  72.9284]  QUEUE_ENQUEUE          pkt=930  node=src0  queue=1/1000 (0%)  state=NORMAL
[  72.9294]  QUEUE_DEQUEUE          pkt=930  node=src0  wait=1.0ms  queue=0/1000  state=NORMAL
[  72.9294]  PACKET_TRANSMIT        pkt=930  link=src0→router  delay=1.0ms
[  72.9304]  PACKET_ARRIVAL         pkt=930  node=router  hop=1
[  72.9304]  QUEUE_ENQUEUE          pkt=930  node=router  queue=19/20 (95%)  state=INCREMENTAL_COMPRESSION
[  73.0000]  PACKET_GENERATE        pkt=931  flow=1  size=100B  pri=0
[  73.0000]  QUEUE_ENQUEUE          pkt=931  node=src1  queue=1/1000 (0%)  state=NORMAL
[  73.0010]  QUEUE_DEQUEUE          pkt=931  node=src1  wait=1.0ms  queue=0/1000  state=NORMAL
[  73.0010]  PACKET_TRANSMIT        pkt=931  link=src1→router  delay=1.0ms
[  73.0020]  QUEUE_DEQUEUE          pkt=909  node=router  wait=1800.0ms  queue=18/20  state=INCREMENTAL_COMPRESSION
[  73.0020]  PACKET_TRANSMIT        pkt=909  link=router→dst  delay=5.0ms
[  73.0020]  PACKET_ARRIVAL         pkt=931  node=router  hop=1
[  73.0020]  QUEUE_ENQUEUE          pkt=931  node=router  queue=19/20 (95%)  state=INCREMENTAL_COMPRESSION
[  73.0070]  PACKET_ARRIVAL         pkt=909  node=dst  hop=2
[  73.0070]  PACKET_DELIVER         pkt=909  flow=1  latency=1807.0ms
[  73.1020]  QUEUE_DEQUEUE          pkt=910  node=router  wait=1872.0ms  queue=18/20  state=INCREMENTAL_COMPRESSION
[  73.1020]  PACKET_TRANSMIT        pkt=910  link=router→dst  delay=5.0ms
[  73.1070]  PACKET_ARRIVAL         pkt=910  node=dst  hop=2
[  73.1070]  PACKET_DELIVER         pkt=910  flow=0  latency=1879.0ms
[  73.1226]  PACKET_GENERATE        pkt=932  flow=0  size=1404B  pri=1
[  73.1226]  QUEUE_ENQUEUE          pkt=932  node=src0  queue=1/1000 (0%)  state=NORMAL
[  73.1236]  QUEUE_DEQUEUE          pkt=932  node=src0  wait=1.0ms  queue=0/1000  state=NORMAL
[  73.1236]  PACKET_TRANSMIT        pkt=932  link=src0→router  delay=1.0ms
[  73.1246]  PACKET_ARRIVAL         pkt=932  node=router  hop=1
[  73.1246]  QUEUE_ENQUEUE          pkt=932  node=router  queue=19/20 (95%)  state=INCREMENTAL_COMPRESSION
[  73.2000]  PACKET_GENERATE        pkt=933  flow=1  size=100B  pri=0
[  73.2000]  QUEUE_ENQUEUE          pkt=933  node=src1  queue=1/1000 (0%)  state=NORMAL
[  73.2010]  QUEUE_DEQUEUE          pkt=933  node=src1  wait=1.0ms  queue=0/1000  state=NORMAL
[  73.2010]  PACKET_TRANSMIT        pkt=933  link=src1→router  delay=1.0ms
[  73.2020]  QUEUE_DEQUEUE          pkt=911  node=router  wait=1867.7ms  queue=18/20  state=INCREMENTAL_COMPRESSION
[  73.2020]  PACKET_TRANSMIT        pkt=911  link=router→dst  delay=5.0ms
[  73.2020]  PACKET_ARRIVAL         pkt=933  node=router  hop=1
[  73.2020]  QUEUE_ENQUEUE          pkt=933  node=router  queue=19/20 (95%)  state=INCREMENTAL_COMPRESSION
[  73.2070]  PACKET_ARRIVAL         pkt=911  node=dst  hop=2
[  73.2070]  PACKET_DELIVER         pkt=911  flow=0  latency=1874.7ms
[  73.2309]  PACKET_GENERATE        pkt=934  flow=0  size=1493B  pri=1
[  73.2309]  QUEUE_ENQUEUE          pkt=934  node=src0  queue=1/1000 (0%)  state=NORMAL
[  73.2319]  QUEUE_DEQUEUE          pkt=934  node=src0  wait=1.0ms  queue=0/1000  state=NORMAL
[  73.2319]  PACKET_TRANSMIT        pkt=934  link=src0→router  delay=1.0ms
[  73.2329]  PACKET_ARRIVAL         pkt=934  node=router  hop=1
[  73.2329]  QUEUE_ENQUEUE          pkt=934  node=router  queue=20/20 (100%)  state=INCREMENTAL_COMPRESSION
[  73.2485]  PACKET_GENERATE        pkt=935  flow=0  size=1437B  pri=1
[  73.2485]  QUEUE_ENQUEUE          pkt=935  node=src0  queue=1/1000 (0%)  state=NORMAL
[  73.2495]  QUEUE_DEQUEUE          pkt=935  node=src0  wait=1.0ms  queue=0/1000  state=NORMAL
[  73.2495]  PACKET_TRANSMIT        pkt=935  link=src0→router  delay=1.0ms
[  73.2505]  PACKET_ARRIVAL         pkt=935  node=router  hop=1
[  73.2505]  QUEUE_DROP(full)       pkt=935  node=router  pri=1  queue=20/20 FULL
[  73.2980]  PACKET_GENERATE        pkt=936  flow=0  size=1453B  pri=1
[  73.2980]  QUEUE_ENQUEUE          pkt=936  node=src0  queue=1/1000 (0%)  state=NORMAL
[  73.2990]  QUEUE_DEQUEUE          pkt=936  node=src0  wait=1.0ms  queue=0/1000  state=NORMAL
[  73.2990]  PACKET_TRANSMIT        pkt=936  link=src0→router  delay=1.0ms
[  73.3000]  PACKET_ARRIVAL         pkt=936  node=router  hop=1
[  73.3000]  QUEUE_DROP(full)       pkt=936  node=router  pri=1  queue=20/20 FULL
[  73.3020]  QUEUE_DEQUEUE          pkt=912  node=router  wait=1900.0ms  queue=19/20  state=INCREMENTAL_COMPRESSION
[  73.3020]  STATE_UPDATE           node=router  INCREMENTAL_COMPRESSION → DROP_LOW_PRIORITY
[  73.3020]  PACKET_TRANSMIT        pkt=912  link=router→dst  delay=5.0ms
[  73.3070]  PACKET_ARRIVAL         pkt=912  node=dst  hop=2
[  73.3070]  PACKET_DELIVER         pkt=912  flow=1  latency=1907.0ms
[  73.3221]  PACKET_GENERATE        pkt=937  flow=0  size=1416B  pri=1
[  73.3221]  QUEUE_ENQUEUE          pkt=937  node=src0  queue=1/1000 (0%)  state=NORMAL
[  73.3231]  QUEUE_DEQUEUE          pkt=937  node=src0  wait=1.0ms  queue=0/1000  state=NORMAL
[  73.3231]  PACKET_TRANSMIT        pkt=937  link=src0→router  delay=1.0ms
[  73.3241]  PACKET_ARRIVAL         pkt=937  node=router  hop=1
[  73.3241]  QUEUE_DROP(congestion) pkt=937  node=router  pri=1  state=DROP_LOW_PRIORITY
[  73.4000]  PACKET_GENERATE        pkt=938  flow=1  size=100B  pri=0
[  73.4000]  QUEUE_ENQUEUE          pkt=938  node=src1  queue=1/1000 (0%)  state=NORMAL
[  73.4010]  QUEUE_DEQUEUE          pkt=938  node=src1  wait=1.0ms  queue=0/1000  state=NORMAL
[  73.4010]  PACKET_TRANSMIT        pkt=938  link=src1→router  delay=1.0ms
[  73.4020]  QUEUE_DEQUEUE          pkt=913  node=router  wait=1879.4ms  queue=18/20  state=DROP_LOW_PRIORITY
[  73.4020]  STATE_UPDATE           node=router  DROP_LOW_PRIORITY → INCREMENTAL_COMPRESSION
[  73.4020]  PACKET_TRANSMIT        pkt=913  link=router→dst  delay=5.0ms
[  73.4020]  PACKET_ARRIVAL         pkt=938  node=router  hop=1
[  73.4020]  QUEUE_ENQUEUE          pkt=938  node=router  queue=19/20 (95%)  state=INCREMENTAL_COMPRESSION
[  73.4070]  PACKET_ARRIVAL         pkt=913  node=dst  hop=2
[  73.4070]  PACKET_DELIVER         pkt=913  flow=0  latency=1886.4ms
[  73.5020]  QUEUE_DEQUEUE          pkt=914  node=router  wait=1900.0ms  queue=18/20  state=INCREMENTAL_COMPRESSION
[  73.5020]  PACKET_TRANSMIT        pkt=914  link=router→dst  delay=5.0ms
[  73.5070]  PACKET_ARRIVAL         pkt=914  node=dst  hop=2
[  73.5070]  PACKET_DELIVER         pkt=914  flow=1  latency=1907.0ms
[  73.5152]  PACKET_GENERATE        pkt=939  flow=0  size=1446B  pri=1
[  73.5152]  QUEUE_ENQUEUE          pkt=939  node=src0  queue=1/1000 (0%)  state=NORMAL
[  73.5162]  QUEUE_DEQUEUE          pkt=939  node=src0  wait=1.0ms  queue=0/1000  state=NORMAL
[  73.5162]  PACKET_TRANSMIT        pkt=939  link=src0→router  delay=1.0ms
[  73.5172]  PACKET_ARRIVAL         pkt=939  node=router  hop=1
[  73.5172]  QUEUE_ENQUEUE          pkt=939  node=router  queue=19/20 (95%)  state=INCREMENTAL_COMPRESSION
[  73.6000]  PACKET_GENERATE        pkt=940  flow=1  size=100B  pri=0
[  73.6000]  QUEUE_ENQUEUE          pkt=940  node=src1  queue=1/1000 (0%)  state=NORMAL
[  73.6010]  QUEUE_DEQUEUE          pkt=940  node=src1  wait=1.0ms  queue=0/1000  state=NORMAL
[  73.6010]  PACKET_TRANSMIT        pkt=940  link=src1→router  delay=1.0ms
[  73.6020]  QUEUE_DEQUEUE          pkt=915  node=router  wait=1800.0ms  queue=18/20  state=INCREMENTAL_COMPRESSION
[  73.6020]  PACKET_TRANSMIT        pkt=915  link=router→dst  delay=5.0ms
[  73.6020]  PACKET_ARRIVAL         pkt=940  node=router  hop=1
[  73.6020]  QUEUE_ENQUEUE          pkt=940  node=router  queue=19/20 (95%)  state=INCREMENTAL_COMPRESSION
[  73.6070]  PACKET_ARRIVAL         pkt=915  node=dst  hop=2
[  73.6070]  PACKET_DELIVER         pkt=915  flow=1  latency=1807.0ms
[  73.6098]  PACKET_GENERATE        pkt=941  flow=0  size=1434B  pri=1
[  73.6098]  QUEUE_ENQUEUE          pkt=941  node=src0  queue=1/1000 (0%)  state=NORMAL
[  73.6108]  QUEUE_DEQUEUE          pkt=941  node=src0  wait=1.0ms  queue=0/1000  state=NORMAL
[  73.6108]  PACKET_TRANSMIT        pkt=941  link=src0→router  delay=1.0ms
[  73.6118]  PACKET_ARRIVAL         pkt=941  node=router  hop=1
[  73.6118]  QUEUE_ENQUEUE          pkt=941  node=router  queue=20/20 (100%)  state=INCREMENTAL_COMPRESSION
[  73.7020]  QUEUE_DEQUEUE          pkt=916  node=router  wait=1877.5ms  queue=19/20  state=INCREMENTAL_COMPRESSION
[  73.7020]  STATE_UPDATE           node=router  INCREMENTAL_COMPRESSION → DROP_LOW_PRIORITY
[  73.7020]  PACKET_TRANSMIT        pkt=916  link=router→dst  delay=5.0ms
[  73.7070]  PACKET_ARRIVAL         pkt=916  node=dst  hop=2
[  73.7070]  PACKET_DELIVER         pkt=916  flow=0  latency=1884.5ms
[  73.8000]  PACKET_GENERATE        pkt=942  flow=1  size=100B  pri=0
[  73.8000]  QUEUE_ENQUEUE          pkt=942  node=src1  queue=1/1000 (0%)  state=NORMAL
[  73.8010]  QUEUE_DEQUEUE          pkt=942  node=src1  wait=1.0ms  queue=0/1000  state=NORMAL
[  73.8010]  PACKET_TRANSMIT        pkt=942  link=src1→router  delay=1.0ms
[  73.8020]  QUEUE_DEQUEUE          pkt=917  node=router  wait=1891.7ms  queue=18/20  state=DROP_LOW_PRIORITY
[  73.8020]  STATE_UPDATE           node=router  DROP_LOW_PRIORITY → INCREMENTAL_COMPRESSION
[  73.8020]  PACKET_TRANSMIT        pkt=917  link=router→dst  delay=5.0ms
[  73.8020]  PACKET_ARRIVAL         pkt=942  node=router  hop=1
[  73.8020]  QUEUE_ENQUEUE          pkt=942  node=router  queue=19/20 (95%)  state=INCREMENTAL_COMPRESSION
[  73.8070]  PACKET_ARRIVAL         pkt=917  node=dst  hop=2
[  73.8070]  PACKET_DELIVER         pkt=917  flow=0  latency=1898.7ms
[  73.8316]  PACKET_GENERATE        pkt=943  flow=0  size=1432B  pri=1
[  73.8316]  QUEUE_ENQUEUE          pkt=943  node=src0  queue=1/1000 (0%)  state=NORMAL
[  73.8326]  QUEUE_DEQUEUE          pkt=943  node=src0  wait=1.0ms  queue=0/1000  state=NORMAL
[  73.8326]  PACKET_TRANSMIT        pkt=943  link=src0→router  delay=1.0ms
[  73.8336]  PACKET_ARRIVAL         pkt=943  node=router  hop=1
[  73.8336]  QUEUE_ENQUEUE          pkt=943  node=router  queue=20/20 (100%)  state=INCREMENTAL_COMPRESSION
[  73.9020]  QUEUE_DEQUEUE          pkt=918  node=router  wait=1900.0ms  queue=19/20  state=INCREMENTAL_COMPRESSION
[  73.9020]  STATE_UPDATE           node=router  INCREMENTAL_COMPRESSION → DROP_LOW_PRIORITY
[  73.9020]  PACKET_TRANSMIT        pkt=918  link=router→dst  delay=5.0ms
[  73.9070]  PACKET_ARRIVAL         pkt=918  node=dst  hop=2
[  73.9070]  PACKET_DELIVER         pkt=918  flow=1  latency=1907.0ms
[  74.0000]  PACKET_GENERATE        pkt=944  flow=1  size=100B  pri=0
[  74.0000]  QUEUE_ENQUEUE          pkt=944  node=src1  queue=1/1000 (0%)  state=NORMAL
[  74.0010]  QUEUE_DEQUEUE          pkt=944  node=src1  wait=1.0ms  queue=0/1000  state=NORMAL
[  74.0010]  PACKET_TRANSMIT        pkt=944  link=src1→router  delay=1.0ms
[  74.0020]  QUEUE_DEQUEUE          pkt=919  node=router  wait=1904.8ms  queue=18/20  state=DROP_LOW_PRIORITY
[  74.0020]  STATE_UPDATE           node=router  DROP_LOW_PRIORITY → INCREMENTAL_COMPRESSION
[  74.0020]  PACKET_TRANSMIT        pkt=919  link=router→dst  delay=5.0ms
[  74.0020]  PACKET_ARRIVAL         pkt=944  node=router  hop=1
[  74.0020]  QUEUE_ENQUEUE          pkt=944  node=router  queue=19/20 (95%)  state=INCREMENTAL_COMPRESSION
[  74.0070]  PACKET_ARRIVAL         pkt=919  node=dst  hop=2
[  74.0070]  PACKET_DELIVER         pkt=919  flow=0  latency=1911.8ms
[  74.1020]  QUEUE_DEQUEUE          pkt=920  node=router  wait=1900.0ms  queue=18/20  state=INCREMENTAL_COMPRESSION
[  74.1020]  PACKET_TRANSMIT        pkt=920  link=router→dst  delay=5.0ms
[  74.1070]  PACKET_ARRIVAL         pkt=920  node=dst  hop=2
[  74.1070]  PACKET_DELIVER         pkt=920  flow=1  latency=1907.0ms
[  74.1384]  PACKET_GENERATE        pkt=945  flow=0  size=1461B  pri=1
[  74.1384]  QUEUE_ENQUEUE          pkt=945  node=src0  queue=1/1000 (0%)  state=NORMAL
[  74.1394]  QUEUE_DEQUEUE          pkt=945  node=src0  wait=1.0ms  queue=0/1000  state=NORMAL
[  74.1394]  PACKET_TRANSMIT        pkt=945  link=src0→router  delay=1.0ms
[  74.1404]  PACKET_ARRIVAL         pkt=945  node=router  hop=1
[  74.1404]  QUEUE_ENQUEUE          pkt=945  node=router  queue=19/20 (95%)  state=INCREMENTAL_COMPRESSION
[  74.2000]  PACKET_GENERATE        pkt=946  flow=1  size=100B  pri=0
[  74.2000]  QUEUE_ENQUEUE          pkt=946  node=src1  queue=1/1000 (0%)  state=NORMAL
[  74.2010]  QUEUE_DEQUEUE          pkt=946  node=src1  wait=1.0ms  queue=0/1000  state=NORMAL
[  74.2010]  PACKET_TRANSMIT        pkt=946  link=src1→router  delay=1.0ms
[  74.2020]  QUEUE_DEQUEUE          pkt=921  node=router  wait=1988.1ms  queue=18/20  state=INCREMENTAL_COMPRESSION
[  74.2020]  PACKET_TRANSMIT        pkt=921  link=router→dst  delay=5.0ms
[  74.2020]  PACKET_ARRIVAL         pkt=946  node=router  hop=1
[  74.2020]  QUEUE_ENQUEUE          pkt=946  node=router  queue=19/20 (95%)  state=INCREMENTAL_COMPRESSION
[  74.2070]  PACKET_ARRIVAL         pkt=921  node=dst  hop=2
[  74.2070]  PACKET_DELIVER         pkt=921  flow=0  latency=1995.1ms
[  74.3020]  QUEUE_DEQUEUE          pkt=924  node=router  wait=1900.0ms  queue=18/20  state=INCREMENTAL_COMPRESSION
[  74.3020]  PACKET_TRANSMIT        pkt=924  link=router→dst  delay=5.0ms
[  74.3070]  PACKET_ARRIVAL         pkt=924  node=dst  hop=2
[  74.3070]  PACKET_DELIVER         pkt=924  flow=1  latency=1907.0ms
[  74.4000]  PACKET_GENERATE        pkt=947  flow=1  size=100B  pri=0
[  74.4000]  QUEUE_ENQUEUE          pkt=947  node=src1  queue=1/1000 (0%)  state=NORMAL
[  74.4010]  QUEUE_DEQUEUE          pkt=947  node=src1  wait=1.0ms  queue=0/1000  state=NORMAL
[  74.4010]  PACKET_TRANSMIT        pkt=947  link=src1→router  delay=1.0ms
[  74.4020]  QUEUE_DEQUEUE          pkt=925  node=router  wait=1859.8ms  queue=17/20  state=INCREMENTAL_COMPRESSION
[  74.4020]  PACKET_TRANSMIT        pkt=925  link=router→dst  delay=5.0ms
[  74.4020]  PACKET_ARRIVAL         pkt=947  node=router  hop=1
[  74.4020]  QUEUE_ENQUEUE          pkt=947  node=router  queue=18/20 (90%)  state=INCREMENTAL_COMPRESSION
[  74.4070]  PACKET_ARRIVAL         pkt=925  node=dst  hop=2
[  74.4070]  PACKET_DELIVER         pkt=925  flow=0  latency=1866.8ms
[  74.5020]  QUEUE_DEQUEUE          pkt=926  node=router  wait=1900.0ms  queue=17/20  state=INCREMENTAL_COMPRESSION
[  74.5020]  PACKET_TRANSMIT        pkt=926  link=router→dst  delay=5.0ms
[  74.5070]  PACKET_ARRIVAL         pkt=926  node=dst  hop=2
[  74.5070]  PACKET_DELIVER         pkt=926  flow=1  latency=1907.0ms
[  74.5662]  PACKET_GENERATE        pkt=948  flow=0  size=1437B  pri=1
[  74.5662]  QUEUE_ENQUEUE          pkt=948  node=src0  queue=1/1000 (0%)  state=NORMAL
[  74.5672]  QUEUE_DEQUEUE          pkt=948  node=src0  wait=1.0ms  queue=0/1000  state=NORMAL
[  74.5672]  PACKET_TRANSMIT        pkt=948  link=src0→router  delay=1.0ms
[  74.5682]  PACKET_ARRIVAL         pkt=948  node=router  hop=1
[  74.5682]  QUEUE_ENQUEUE          pkt=948  node=router  queue=18/20 (90%)  state=INCREMENTAL_COMPRESSION
[  74.6000]  PACKET_GENERATE        pkt=949  flow=1  size=100B  pri=0
[  74.6000]  QUEUE_ENQUEUE          pkt=949  node=src1  queue=1/1000 (0%)  state=NORMAL
[  74.6010]  QUEUE_DEQUEUE          pkt=949  node=src1  wait=1.0ms  queue=0/1000  state=NORMAL
[  74.6010]  PACKET_TRANSMIT        pkt=949  link=src1→router  delay=1.0ms
[  74.6020]  QUEUE_DEQUEUE          pkt=927  node=router  wait=1925.3ms  queue=17/20  state=INCREMENTAL_COMPRESSION
[  74.6020]  PACKET_TRANSMIT        pkt=927  link=router→dst  delay=5.0ms
[  74.6020]  PACKET_ARRIVAL         pkt=949  node=router  hop=1
[  74.6020]  QUEUE_ENQUEUE          pkt=949  node=router  queue=18/20 (90%)  state=INCREMENTAL_COMPRESSION
[  74.6070]  PACKET_ARRIVAL         pkt=927  node=dst  hop=2
[  74.6070]  PACKET_DELIVER         pkt=927  flow=0  latency=1932.3ms
[  74.7020]  QUEUE_DEQUEUE          pkt=929  node=router  wait=1900.0ms  queue=17/20  state=INCREMENTAL_COMPRESSION
[  74.7020]  PACKET_TRANSMIT        pkt=929  link=router→dst  delay=5.0ms
[  74.7070]  PACKET_ARRIVAL         pkt=929  node=dst  hop=2
[  74.7070]  PACKET_DELIVER         pkt=929  flow=1  latency=1907.0ms
[  74.7378]  PACKET_GENERATE        pkt=950  flow=0  size=1443B  pri=1
[  74.7378]  QUEUE_ENQUEUE          pkt=950  node=src0  queue=1/1000 (0%)  state=NORMAL
[  74.7388]  QUEUE_DEQUEUE          pkt=950  node=src0  wait=1.0ms  queue=0/1000  state=NORMAL
[  74.7388]  PACKET_TRANSMIT        pkt=950  link=src0→router  delay=1.0ms
[  74.7398]  PACKET_ARRIVAL         pkt=950  node=router  hop=1
[  74.7398]  QUEUE_ENQUEUE          pkt=950  node=router  queue=18/20 (90%)  state=INCREMENTAL_COMPRESSION
[  74.8000]  PACKET_GENERATE        pkt=951  flow=1  size=100B  pri=0
[  74.8000]  QUEUE_ENQUEUE          pkt=951  node=src1  queue=1/1000 (0%)  state=NORMAL
[  74.8010]  QUEUE_DEQUEUE          pkt=951  node=src1  wait=1.0ms  queue=0/1000  state=NORMAL
[  74.8010]  PACKET_TRANSMIT        pkt=951  link=src1→router  delay=1.0ms
[  74.8020]  QUEUE_DEQUEUE          pkt=930  node=router  wait=1871.6ms  queue=17/20  state=INCREMENTAL_COMPRESSION
[  74.8020]  PACKET_TRANSMIT        pkt=930  link=router→dst  delay=5.0ms
[  74.8020]  PACKET_ARRIVAL         pkt=951  node=router  hop=1
[  74.8020]  QUEUE_ENQUEUE          pkt=951  node=router  queue=18/20 (90%)  state=INCREMENTAL_COMPRESSION
[  74.8070]  PACKET_ARRIVAL         pkt=930  node=dst  hop=2
[  74.8070]  PACKET_DELIVER         pkt=930  flow=0  latency=1878.6ms
[  74.9020]  QUEUE_DEQUEUE          pkt=931  node=router  wait=1900.0ms  queue=17/20  state=INCREMENTAL_COMPRESSION
[  74.9020]  PACKET_TRANSMIT        pkt=931  link=router→dst  delay=5.0ms
[  74.9070]  PACKET_ARRIVAL         pkt=931  node=dst  hop=2
[  74.9070]  PACKET_DELIVER         pkt=931  flow=1  latency=1907.0ms
[  74.9417]  PACKET_GENERATE        pkt=952  flow=0  size=1459B  pri=1
[  74.9417]  QUEUE_ENQUEUE          pkt=952  node=src0  queue=1/1000 (0%)  state=NORMAL
[  74.9427]  QUEUE_DEQUEUE          pkt=952  node=src0  wait=1.0ms  queue=0/1000  state=NORMAL
[  74.9427]  PACKET_TRANSMIT        pkt=952  link=src0→router  delay=1.0ms
[  74.9437]  PACKET_ARRIVAL         pkt=952  node=router  hop=1
[  74.9437]  QUEUE_ENQUEUE          pkt=952  node=router  queue=18/20 (90%)  state=INCREMENTAL_COMPRESSION
[  75.0000]  PACKET_GENERATE        pkt=953  flow=1  size=100B  pri=0
[  75.0000]  QUEUE_ENQUEUE          pkt=953  node=src1  queue=1/1000 (0%)  state=NORMAL
[  75.0010]  QUEUE_DEQUEUE          pkt=953  node=src1  wait=1.0ms  queue=0/1000  state=NORMAL
[  75.0010]  PACKET_TRANSMIT        pkt=953  link=src1→router  delay=1.0ms
[  75.0020]  QUEUE_DEQUEUE          pkt=932  node=router  wait=1877.4ms  queue=17/20  state=INCREMENTAL_COMPRESSION
[  75.0020]  PACKET_TRANSMIT        pkt=932  link=router→dst  delay=5.0ms
[  75.0020]  PACKET_ARRIVAL         pkt=953  node=router  hop=1
[  75.0020]  QUEUE_ENQUEUE          pkt=953  node=router  queue=18/20 (90%)  state=INCREMENTAL_COMPRESSION
[  75.0070]  PACKET_ARRIVAL         pkt=932  node=dst  hop=2
[  75.0070]  PACKET_DELIVER         pkt=932  flow=0  latency=1884.4ms
[  75.1020]  QUEUE_DEQUEUE          pkt=933  node=router  wait=1900.0ms  queue=17/20  state=INCREMENTAL_COMPRESSION
[  75.1020]  PACKET_TRANSMIT        pkt=933  link=router→dst  delay=5.0ms
[  75.1070]  PACKET_ARRIVAL         pkt=933  node=dst  hop=2
[  75.1070]  PACKET_DELIVER         pkt=933  flow=1  latency=1907.0ms
[  75.2000]  PACKET_GENERATE        pkt=954  flow=1  size=100B  pri=0
[  75.2000]  QUEUE_ENQUEUE          pkt=954  node=src1  queue=1/1000 (0%)  state=NORMAL
[  75.2010]  QUEUE_DEQUEUE          pkt=954  node=src1  wait=1.0ms  queue=0/1000  state=NORMAL
[  75.2010]  PACKET_TRANSMIT        pkt=954  link=src1→router  delay=1.0ms
[  75.2020]  QUEUE_DEQUEUE          pkt=934  node=router  wait=1969.1ms  queue=16/20  state=INCREMENTAL_COMPRESSION
[  75.2020]  STATE_UPDATE           node=router  INCREMENTAL_COMPRESSION → DELTA_COMPRESSION
[  75.2020]  PACKET_TRANSMIT        pkt=934  link=router→dst  delay=5.0ms
[  75.2020]  PACKET_ARRIVAL         pkt=954  node=router  hop=1
[  75.2020]  QUEUE_ENQUEUE          pkt=954  node=router  queue=17/20 (85%)  state=DELTA_COMPRESSION
[  75.2070]  PACKET_ARRIVAL         pkt=934  node=dst  hop=2
[  75.2070]  PACKET_DELIVER         pkt=934  flow=0  latency=1976.1ms
[  75.3020]  QUEUE_DEQUEUE          pkt=938  node=router  wait=1900.0ms  queue=16/20  state=DELTA_COMPRESSION
[  75.3020]  PACKET_TRANSMIT        pkt=938  link=router→dst  delay=5.0ms
[  75.3070]  PACKET_ARRIVAL         pkt=938  node=dst  hop=2
[  75.3070]  PACKET_DELIVER         pkt=938  flow=1  latency=1907.0ms
[  75.3534]  PACKET_GENERATE        pkt=955  flow=0  size=1418B  pri=1
[  75.3534]  QUEUE_ENQUEUE          pkt=955  node=src0  queue=1/1000 (0%)  state=NORMAL
[  75.3544]  QUEUE_DEQUEUE          pkt=955  node=src0  wait=1.0ms  queue=0/1000  state=NORMAL
[  75.3544]  PACKET_TRANSMIT        pkt=955  link=src0→router  delay=1.0ms
[  75.3554]  PACKET_ARRIVAL         pkt=955  node=router  hop=1
[  75.3554]  QUEUE_ENQUEUE          pkt=955  node=router  queue=17/20 (85%)  state=DELTA_COMPRESSION
[  75.4000]  PACKET_GENERATE        pkt=956  flow=1  size=100B  pri=0
[  75.4000]  QUEUE_ENQUEUE          pkt=956  node=src1  queue=1/1000 (0%)  state=NORMAL
[  75.4010]  QUEUE_DEQUEUE          pkt=956  node=src1  wait=1.0ms  queue=0/1000  state=NORMAL
[  75.4010]  PACKET_TRANSMIT        pkt=956  link=src1→router  delay=1.0ms
[  75.4020]  QUEUE_DEQUEUE          pkt=939  node=router  wait=1884.8ms  queue=16/20  state=DELTA_COMPRESSION
[  75.4020]  PACKET_TRANSMIT        pkt=939  link=router→dst  delay=5.0ms
[  75.4020]  PACKET_ARRIVAL         pkt=956  node=router  hop=1
[  75.4020]  QUEUE_ENQUEUE          pkt=956  node=router  queue=17/20 (85%)  state=DELTA_COMPRESSION
[  75.4070]  PACKET_ARRIVAL         pkt=939  node=dst  hop=2
[  75.4070]  PACKET_DELIVER         pkt=939  flow=0  latency=1891.8ms
[  75.5020]  QUEUE_DEQUEUE          pkt=940  node=router  wait=1900.0ms  queue=16/20  state=DELTA_COMPRESSION
[  75.5020]  PACKET_TRANSMIT        pkt=940  link=router→dst  delay=5.0ms
[  75.5070]  PACKET_ARRIVAL         pkt=940  node=dst  hop=2
[  75.5070]  PACKET_DELIVER         pkt=940  flow=1  latency=1907.0ms
[  75.5288]  PACKET_GENERATE        pkt=957  flow=0  size=1428B  pri=1
[  75.5288]  QUEUE_ENQUEUE          pkt=957  node=src0  queue=1/1000 (0%)  state=NORMAL
[  75.5298]  QUEUE_DEQUEUE          pkt=957  node=src0  wait=1.0ms  queue=0/1000  state=NORMAL
[  75.5298]  PACKET_TRANSMIT        pkt=957  link=src0→router  delay=1.0ms
[  75.5308]  PACKET_ARRIVAL         pkt=957  node=router  hop=1
[  75.5308]  QUEUE_ENQUEUE          pkt=957  node=router  queue=17/20 (85%)  state=DELTA_COMPRESSION
[  75.6000]  PACKET_GENERATE        pkt=958  flow=1  size=100B  pri=0
[  75.6000]  QUEUE_ENQUEUE          pkt=958  node=src1  queue=1/1000 (0%)  state=NORMAL
[  75.6010]  QUEUE_DEQUEUE          pkt=958  node=src1  wait=1.0ms  queue=0/1000  state=NORMAL
[  75.6010]  PACKET_TRANSMIT        pkt=958  link=src1→router  delay=1.0ms
[  75.6020]  QUEUE_DEQUEUE          pkt=941  node=router  wait=1990.2ms  queue=16/20  state=DELTA_COMPRESSION
[  75.6020]  PACKET_TRANSMIT        pkt=941  link=router→dst  delay=5.0ms
[  75.6020]  PACKET_ARRIVAL         pkt=958  node=router  hop=1
[  75.6020]  QUEUE_ENQUEUE          pkt=958  node=router  queue=17/20 (85%)  state=DELTA_COMPRESSION
[  75.6070]  PACKET_ARRIVAL         pkt=941  node=dst  hop=2
[  75.6070]  PACKET_DELIVER         pkt=941  flow=0  latency=1997.2ms
[  75.7020]  QUEUE_DEQUEUE          pkt=942  node=router  wait=1900.0ms  queue=16/20  state=DELTA_COMPRESSION
[  75.7020]  PACKET_TRANSMIT        pkt=942  link=router→dst  delay=5.0ms
[  75.7070]  PACKET_ARRIVAL         pkt=942  node=dst  hop=2
[  75.7070]  PACKET_DELIVER         pkt=942  flow=1  latency=1907.0ms
[  75.7747]  PACKET_GENERATE        pkt=959  flow=0  size=1492B  pri=1
[  75.7747]  QUEUE_ENQUEUE          pkt=959  node=src0  queue=1/1000 (0%)  state=NORMAL
[  75.7757]  QUEUE_DEQUEUE          pkt=959  node=src0  wait=1.0ms  queue=0/1000  state=NORMAL
[  75.7757]  PACKET_TRANSMIT        pkt=959  link=src0→router  delay=1.0ms
[  75.7767]  PACKET_ARRIVAL         pkt=959  node=router  hop=1
[  75.7767]  QUEUE_ENQUEUE          pkt=959  node=router  queue=17/20 (85%)  state=DELTA_COMPRESSION
[  75.8000]  PACKET_GENERATE        pkt=960  flow=1  size=100B  pri=0
[  75.8000]  QUEUE_ENQUEUE          pkt=960  node=src1  queue=1/1000 (0%)  state=NORMAL
[  75.8010]  QUEUE_DEQUEUE          pkt=960  node=src1  wait=1.0ms  queue=0/1000  state=NORMAL
[  75.8010]  PACKET_TRANSMIT        pkt=960  link=src1→router  delay=1.0ms
[  75.8020]  QUEUE_DEQUEUE          pkt=943  node=router  wait=1968.4ms  queue=16/20  state=DELTA_COMPRESSION
[  75.8020]  PACKET_TRANSMIT        pkt=943  link=router→dst  delay=5.0ms
[  75.8020]  PACKET_ARRIVAL         pkt=960  node=router  hop=1
[  75.8020]  QUEUE_ENQUEUE          pkt=960  node=router  queue=17/20 (85%)  state=DELTA_COMPRESSION
[  75.8070]  PACKET_ARRIVAL         pkt=943  node=dst  hop=2
[  75.8070]  PACKET_DELIVER         pkt=943  flow=0  latency=1975.4ms
[  75.9020]  QUEUE_DEQUEUE          pkt=944  node=router  wait=1900.0ms  queue=16/20  state=DELTA_COMPRESSION
[  75.9020]  PACKET_TRANSMIT        pkt=944  link=router→dst  delay=5.0ms
[  75.9070]  PACKET_ARRIVAL         pkt=944  node=dst  hop=2
[  75.9070]  PACKET_DELIVER         pkt=944  flow=1  latency=1907.0ms
[  75.9149]  PACKET_GENERATE        pkt=961  flow=0  size=1450B  pri=1
[  75.9149]  QUEUE_ENQUEUE          pkt=961  node=src0  queue=1/1000 (0%)  state=NORMAL
[  75.9159]  QUEUE_DEQUEUE          pkt=961  node=src0  wait=1.0ms  queue=0/1000  state=NORMAL
[  75.9159]  PACKET_TRANSMIT        pkt=961  link=src0→router  delay=1.0ms
[  75.9169]  PACKET_ARRIVAL         pkt=961  node=router  hop=1
[  75.9169]  QUEUE_ENQUEUE          pkt=961  node=router  queue=17/20 (85%)  state=DELTA_COMPRESSION
[  76.0000]  PACKET_GENERATE        pkt=962  flow=1  size=100B  pri=0
[  76.0000]  QUEUE_ENQUEUE          pkt=962  node=src1  queue=1/1000 (0%)  state=NORMAL
[  76.0010]  QUEUE_DEQUEUE          pkt=962  node=src1  wait=1.0ms  queue=0/1000  state=NORMAL
[  76.0010]  PACKET_TRANSMIT        pkt=962  link=src1→router  delay=1.0ms
[  76.0020]  QUEUE_DEQUEUE          pkt=945  node=router  wait=1861.6ms  queue=16/20  state=DELTA_COMPRESSION
[  76.0020]  PACKET_TRANSMIT        pkt=945  link=router→dst  delay=5.0ms
[  76.0020]  PACKET_ARRIVAL         pkt=962  node=router  hop=1
[  76.0020]  QUEUE_ENQUEUE          pkt=962  node=router  queue=17/20 (85%)  state=DELTA_COMPRESSION
[  76.0070]  PACKET_ARRIVAL         pkt=945  node=dst  hop=2
[  76.0070]  PACKET_DELIVER         pkt=945  flow=0  latency=1868.6ms
[  76.1020]  QUEUE_DEQUEUE          pkt=946  node=router  wait=1900.0ms  queue=16/20  state=DELTA_COMPRESSION
[  76.1020]  PACKET_TRANSMIT        pkt=946  link=router→dst  delay=5.0ms
[  76.1070]  PACKET_ARRIVAL         pkt=946  node=dst  hop=2
[  76.1070]  PACKET_DELIVER         pkt=946  flow=1  latency=1907.0ms
[  76.2000]  PACKET_GENERATE        pkt=963  flow=1  size=100B  pri=0
[  76.2000]  QUEUE_ENQUEUE          pkt=963  node=src1  queue=1/1000 (0%)  state=NORMAL
[  76.2010]  QUEUE_DEQUEUE          pkt=963  node=src1  wait=1.0ms  queue=0/1000  state=NORMAL
[  76.2010]  PACKET_TRANSMIT        pkt=963  link=src1→router  delay=1.0ms
[  76.2020]  QUEUE_DEQUEUE          pkt=947  node=router  wait=1800.0ms  queue=15/20  state=DELTA_COMPRESSION
[  76.2020]  PACKET_TRANSMIT        pkt=947  link=router→dst  delay=5.0ms
[  76.2020]  PACKET_ARRIVAL         pkt=963  node=router  hop=1
[  76.2020]  QUEUE_ENQUEUE          pkt=963  node=router  queue=16/20 (80%)  state=DELTA_COMPRESSION
[  76.2070]  PACKET_ARRIVAL         pkt=947  node=dst  hop=2
[  76.2070]  PACKET_DELIVER         pkt=947  flow=1  latency=1807.0ms
[  76.3020]  QUEUE_DEQUEUE          pkt=948  node=router  wait=1733.8ms  queue=15/20  state=DELTA_COMPRESSION
[  76.3020]  PACKET_TRANSMIT        pkt=948  link=router→dst  delay=5.0ms
[  76.3070]  PACKET_ARRIVAL         pkt=948  node=dst  hop=2
[  76.3070]  PACKET_DELIVER         pkt=948  flow=0  latency=1740.8ms
[  76.3424]  PACKET_GENERATE        pkt=964  flow=0  size=1471B  pri=1
[  76.3424]  QUEUE_ENQUEUE          pkt=964  node=src0  queue=1/1000 (0%)  state=NORMAL
[  76.3434]  QUEUE_DEQUEUE          pkt=964  node=src0  wait=1.0ms  queue=0/1000  state=NORMAL
[  76.3434]  PACKET_TRANSMIT        pkt=964  link=src0→router  delay=1.0ms
[  76.3444]  PACKET_ARRIVAL         pkt=964  node=router  hop=1
[  76.3444]  QUEUE_ENQUEUE          pkt=964  node=router  queue=16/20 (80%)  state=DELTA_COMPRESSION
[  76.3993]  PACKET_GENERATE        pkt=965  flow=0  size=1450B  pri=1
[  76.3993]  QUEUE_ENQUEUE          pkt=965  node=src0  queue=1/1000 (0%)  state=NORMAL
[  76.4000]  PACKET_GENERATE        pkt=966  flow=1  size=100B  pri=0
[  76.4000]  QUEUE_ENQUEUE          pkt=966  node=src1  queue=1/1000 (0%)  state=NORMAL
[  76.4003]  QUEUE_DEQUEUE          pkt=965  node=src0  wait=1.0ms  queue=0/1000  state=NORMAL
[  76.4003]  PACKET_TRANSMIT        pkt=965  link=src0→router  delay=1.0ms
[  76.4010]  QUEUE_DEQUEUE          pkt=966  node=src1  wait=1.0ms  queue=0/1000  state=NORMAL
[  76.4010]  PACKET_TRANSMIT        pkt=966  link=src1→router  delay=1.0ms
[  76.4010]  PACKET_GENERATE        pkt=967  flow=0  size=1468B  pri=1
[  76.4010]  QUEUE_ENQUEUE          pkt=967  node=src0  queue=1/1000 (0%)  state=NORMAL
[  76.4013]  PACKET_ARRIVAL         pkt=965  node=router  hop=1
[  76.4013]  QUEUE_ENQUEUE          pkt=965  node=router  queue=17/20 (85%)  state=DELTA_COMPRESSION
[  76.4020]  QUEUE_DEQUEUE          pkt=949  node=router  wait=1800.0ms  queue=16/20  state=DELTA_COMPRESSION
[  76.4020]  PACKET_TRANSMIT        pkt=949  link=router→dst  delay=5.0ms
[  76.4020]  PACKET_ARRIVAL         pkt=966  node=router  hop=1
[  76.4020]  QUEUE_ENQUEUE          pkt=966  node=router  queue=17/20 (85%)  state=DELTA_COMPRESSION
[  76.4020]  QUEUE_DEQUEUE          pkt=967  node=src0  wait=1.0ms  queue=0/1000  state=NORMAL
[  76.4020]  PACKET_TRANSMIT        pkt=967  link=src0→router  delay=1.0ms
[  76.4030]  PACKET_ARRIVAL         pkt=967  node=router  hop=1
[  76.4030]  QUEUE_ENQUEUE          pkt=967  node=router  queue=18/20 (90%)  state=DELTA_COMPRESSION
[  76.4070]  PACKET_ARRIVAL         pkt=949  node=dst  hop=2
[  76.4070]  PACKET_DELIVER         pkt=949  flow=1  latency=1807.0ms
[  76.4175]  PACKET_GENERATE        pkt=968  flow=0  size=1447B  pri=1
[  76.4175]  QUEUE_ENQUEUE          pkt=968  node=src0  queue=1/1000 (0%)  state=NORMAL
[  76.4185]  QUEUE_DEQUEUE          pkt=968  node=src0  wait=1.0ms  queue=0/1000  state=NORMAL
[  76.4185]  PACKET_TRANSMIT        pkt=968  link=src0→router  delay=1.0ms
[  76.4195]  PACKET_ARRIVAL         pkt=968  node=router  hop=1
[  76.4195]  QUEUE_ENQUEUE          pkt=968  node=router  queue=19/20 (95%)  state=DELTA_COMPRESSION
[  76.5020]  QUEUE_DEQUEUE          pkt=950  node=router  wait=1762.2ms  queue=18/20  state=DELTA_COMPRESSION
[  76.5020]  STATE_UPDATE           node=router  DELTA_COMPRESSION → INCREMENTAL_COMPRESSION
[  76.5020]  PACKET_TRANSMIT        pkt=950  link=router→dst  delay=5.0ms
[  76.5070]  PACKET_ARRIVAL         pkt=950  node=dst  hop=2
[  76.5070]  PACKET_DELIVER         pkt=950  flow=0  latency=1769.2ms
[  76.5572]  PACKET_GENERATE        pkt=969  flow=0  size=1486B  pri=1
[  76.5572]  QUEUE_ENQUEUE          pkt=969  node=src0  queue=1/1000 (0%)  state=NORMAL
[  76.5582]  QUEUE_DEQUEUE          pkt=969  node=src0  wait=1.0ms  queue=0/1000  state=NORMAL
[  76.5582]  PACKET_TRANSMIT        pkt=969  link=src0→router  delay=1.0ms
[  76.5592]  PACKET_ARRIVAL         pkt=969  node=router  hop=1
[  76.5592]  QUEUE_ENQUEUE          pkt=969  node=router  queue=19/20 (95%)  state=INCREMENTAL_COMPRESSION
[  76.5952]  PACKET_GENERATE        pkt=970  flow=0  size=1448B  pri=1
[  76.5952]  QUEUE_ENQUEUE          pkt=970  node=src0  queue=1/1000 (0%)  state=NORMAL
[  76.5962]  QUEUE_DEQUEUE          pkt=970  node=src0  wait=1.0ms  queue=0/1000  state=NORMAL
[  76.5962]  PACKET_TRANSMIT        pkt=970  link=src0→router  delay=1.0ms
[  76.5972]  PACKET_ARRIVAL         pkt=970  node=router  hop=1
[  76.5972]  QUEUE_ENQUEUE          pkt=970  node=router  queue=20/20 (100%)  state=INCREMENTAL_COMPRESSION
[  76.6000]  PACKET_GENERATE        pkt=971  flow=1  size=100B  pri=0
[  76.6000]  QUEUE_ENQUEUE          pkt=971  node=src1  queue=1/1000 (0%)  state=NORMAL
[  76.6010]  QUEUE_DEQUEUE          pkt=971  node=src1  wait=1.0ms  queue=0/1000  state=NORMAL
[  76.6010]  PACKET_TRANSMIT        pkt=971  link=src1→router  delay=1.0ms
[  76.6020]  QUEUE_DEQUEUE          pkt=951  node=router  wait=1800.0ms  queue=19/20  state=INCREMENTAL_COMPRESSION
[  76.6020]  STATE_UPDATE           node=router  INCREMENTAL_COMPRESSION → DROP_LOW_PRIORITY
[  76.6020]  PACKET_TRANSMIT        pkt=951  link=router→dst  delay=5.0ms
[  76.6020]  PACKET_ARRIVAL         pkt=971  node=router  hop=1
[  76.6020]  QUEUE_ENQUEUE          pkt=971  node=router  queue=20/20 (100%)  state=DROP_LOW_PRIORITY
[  76.6070]  PACKET_ARRIVAL         pkt=951  node=dst  hop=2
[  76.6070]  PACKET_DELIVER         pkt=951  flow=1  latency=1807.0ms
[  76.7020]  QUEUE_DEQUEUE          pkt=952  node=router  wait=1758.3ms  queue=19/20  state=DROP_LOW_PRIORITY
[  76.7020]  PACKET_TRANSMIT        pkt=952  link=router→dst  delay=5.0ms
[  76.7070]  PACKET_ARRIVAL         pkt=952  node=dst  hop=2
[  76.7070]  PACKET_DELIVER         pkt=952  flow=0  latency=1765.3ms
[  76.8000]  PACKET_GENERATE        pkt=972  flow=1  size=100B  pri=0
[  76.8000]  QUEUE_ENQUEUE          pkt=972  node=src1  queue=1/1000 (0%)  state=NORMAL
[  76.8010]  QUEUE_DEQUEUE          pkt=972  node=src1  wait=1.0ms  queue=0/1000  state=NORMAL
[  76.8010]  PACKET_TRANSMIT        pkt=972  link=src1→router  delay=1.0ms
[  76.8020]  QUEUE_DEQUEUE          pkt=953  node=router  wait=1800.0ms  queue=18/20  state=DROP_LOW_PRIORITY
[  76.8020]  STATE_UPDATE           node=router  DROP_LOW_PRIORITY → INCREMENTAL_COMPRESSION
[  76.8020]  PACKET_TRANSMIT        pkt=953  link=router→dst  delay=5.0ms
[  76.8020]  PACKET_ARRIVAL         pkt=972  node=router  hop=1
[  76.8020]  QUEUE_ENQUEUE          pkt=972  node=router  queue=19/20 (95%)  state=INCREMENTAL_COMPRESSION
[  76.8070]  PACKET_ARRIVAL         pkt=953  node=dst  hop=2
[  76.8070]  PACKET_DELIVER         pkt=953  flow=1  latency=1807.0ms
[  76.8112]  PACKET_GENERATE        pkt=973  flow=0  size=1447B  pri=1
[  76.8112]  QUEUE_ENQUEUE          pkt=973  node=src0  queue=1/1000 (0%)  state=NORMAL
[  76.8122]  QUEUE_DEQUEUE          pkt=973  node=src0  wait=1.0ms  queue=0/1000  state=NORMAL
[  76.8122]  PACKET_TRANSMIT        pkt=973  link=src0→router  delay=1.0ms
[  76.8132]  PACKET_ARRIVAL         pkt=973  node=router  hop=1
[  76.8132]  QUEUE_ENQUEUE          pkt=973  node=router  queue=20/20 (100%)  state=INCREMENTAL_COMPRESSION
[  76.8256]  PACKET_GENERATE        pkt=974  flow=0  size=1429B  pri=1
[  76.8256]  QUEUE_ENQUEUE          pkt=974  node=src0  queue=1/1000 (0%)  state=NORMAL
[  76.8266]  QUEUE_DEQUEUE          pkt=974  node=src0  wait=1.0ms  queue=0/1000  state=NORMAL
[  76.8266]  PACKET_TRANSMIT        pkt=974  link=src0→router  delay=1.0ms
[  76.8276]  PACKET_ARRIVAL         pkt=974  node=router  hop=1
[  76.8276]  QUEUE_DROP(full)       pkt=974  node=router  pri=1  queue=20/20 FULL
[  76.9020]  QUEUE_DEQUEUE          pkt=954  node=router  wait=1700.0ms  queue=19/20  state=INCREMENTAL_COMPRESSION
[  76.9020]  STATE_UPDATE           node=router  INCREMENTAL_COMPRESSION → DROP_LOW_PRIORITY
[  76.9020]  PACKET_TRANSMIT        pkt=954  link=router→dst  delay=5.0ms
[  76.9053]  PACKET_GENERATE        pkt=975  flow=0  size=1479B  pri=1
[  76.9053]  QUEUE_ENQUEUE          pkt=975  node=src0  queue=1/1000 (0%)  state=NORMAL
[  76.9063]  QUEUE_DEQUEUE          pkt=975  node=src0  wait=1.0ms  queue=0/1000  state=NORMAL
[  76.9063]  PACKET_TRANSMIT        pkt=975  link=src0→router  delay=1.0ms
[  76.9070]  PACKET_ARRIVAL         pkt=954  node=dst  hop=2
[  76.9070]  PACKET_DELIVER         pkt=954  flow=1  latency=1707.0ms
[  76.9073]  PACKET_ARRIVAL         pkt=975  node=router  hop=1
[  76.9073]  QUEUE_DROP(congestion) pkt=975  node=router  pri=1  state=DROP_LOW_PRIORITY
[  77.0000]  PACKET_GENERATE        pkt=976  flow=1  size=100B  pri=0
[  77.0000]  QUEUE_ENQUEUE          pkt=976  node=src1  queue=1/1000 (0%)  state=NORMAL
[  77.0010]  QUEUE_DEQUEUE          pkt=976  node=src1  wait=1.0ms  queue=0/1000  state=NORMAL
[  77.0010]  PACKET_TRANSMIT        pkt=976  link=src1→router  delay=1.0ms
[  77.0020]  QUEUE_DEQUEUE          pkt=955  node=router  wait=1646.6ms  queue=18/20  state=DROP_LOW_PRIORITY
[  77.0020]  STATE_UPDATE           node=router  DROP_LOW_PRIORITY → INCREMENTAL_COMPRESSION
[  77.0020]  PACKET_TRANSMIT        pkt=955  link=router→dst  delay=5.0ms
[  77.0020]  PACKET_ARRIVAL         pkt=976  node=router  hop=1
[  77.0020]  QUEUE_ENQUEUE          pkt=976  node=router  queue=19/20 (95%)  state=INCREMENTAL_COMPRESSION
[  77.0070]  PACKET_ARRIVAL         pkt=955  node=dst  hop=2
[  77.0070]  PACKET_DELIVER         pkt=955  flow=0  latency=1653.6ms
[  77.1020]  QUEUE_DEQUEUE          pkt=956  node=router  wait=1700.0ms  queue=18/20  state=INCREMENTAL_COMPRESSION
[  77.1020]  PACKET_TRANSMIT        pkt=956  link=router→dst  delay=5.0ms
[  77.1070]  PACKET_ARRIVAL         pkt=956  node=dst  hop=2
[  77.1070]  PACKET_DELIVER         pkt=956  flow=1  latency=1707.0ms
[  77.1748]  PACKET_GENERATE        pkt=977  flow=0  size=1471B  pri=1
[  77.1748]  QUEUE_ENQUEUE          pkt=977  node=src0  queue=1/1000 (0%)  state=NORMAL
[  77.1758]  QUEUE_DEQUEUE          pkt=977  node=src0  wait=1.0ms  queue=0/1000  state=NORMAL
[  77.1758]  PACKET_TRANSMIT        pkt=977  link=src0→router  delay=1.0ms
[  77.1768]  PACKET_ARRIVAL         pkt=977  node=router  hop=1
[  77.1768]  QUEUE_ENQUEUE          pkt=977  node=router  queue=19/20 (95%)  state=INCREMENTAL_COMPRESSION
[  77.2000]  PACKET_GENERATE        pkt=978  flow=1  size=100B  pri=0
[  77.2000]  QUEUE_ENQUEUE          pkt=978  node=src1  queue=1/1000 (0%)  state=NORMAL
[  77.2010]  QUEUE_DEQUEUE          pkt=978  node=src1  wait=1.0ms  queue=0/1000  state=NORMAL
[  77.2010]  PACKET_TRANSMIT        pkt=978  link=src1→router  delay=1.0ms
[  77.2020]  QUEUE_DEQUEUE          pkt=957  node=router  wait=1671.2ms  queue=18/20  state=INCREMENTAL_COMPRESSION
[  77.2020]  PACKET_TRANSMIT        pkt=957  link=router→dst  delay=5.0ms
[  77.2020]  PACKET_ARRIVAL         pkt=978  node=router  hop=1
[  77.2020]  QUEUE_ENQUEUE          pkt=978  node=router  queue=19/20 (95%)  state=INCREMENTAL_COMPRESSION
[  77.2070]  PACKET_ARRIVAL         pkt=957  node=dst  hop=2
[  77.2070]  PACKET_DELIVER         pkt=957  flow=0  latency=1678.2ms
[  77.2245]  PACKET_GENERATE        pkt=979  flow=0  size=1478B  pri=1
[  77.2245]  QUEUE_ENQUEUE          pkt=979  node=src0  queue=1/1000 (0%)  state=NORMAL
[  77.2255]  QUEUE_DEQUEUE          pkt=979  node=src0  wait=1.0ms  queue=0/1000  state=NORMAL
[  77.2255]  PACKET_TRANSMIT        pkt=979  link=src0→router  delay=1.0ms
[  77.2265]  PACKET_ARRIVAL         pkt=979  node=router  hop=1
[  77.2265]  QUEUE_ENQUEUE          pkt=979  node=router  queue=20/20 (100%)  state=INCREMENTAL_COMPRESSION
[  77.2558]  PACKET_GENERATE        pkt=980  flow=0  size=1408B  pri=1
[  77.2558]  QUEUE_ENQUEUE          pkt=980  node=src0  queue=1/1000 (0%)  state=NORMAL
[  77.2568]  QUEUE_DEQUEUE          pkt=980  node=src0  wait=1.0ms  queue=0/1000  state=NORMAL
[  77.2568]  PACKET_TRANSMIT        pkt=980  link=src0→router  delay=1.0ms
[  77.2578]  PACKET_ARRIVAL         pkt=980  node=router  hop=1
[  77.2578]  QUEUE_DROP(full)       pkt=980  node=router  pri=1  queue=20/20 FULL
[  77.3020]  QUEUE_DEQUEUE          pkt=958  node=router  wait=1700.0ms  queue=19/20  state=INCREMENTAL_COMPRESSION
[  77.3020]  STATE_UPDATE           node=router  INCREMENTAL_COMPRESSION → DROP_LOW_PRIORITY
[  77.3020]  PACKET_TRANSMIT        pkt=958  link=router→dst  delay=5.0ms
[  77.3070]  PACKET_ARRIVAL         pkt=958  node=dst  hop=2
[  77.3070]  PACKET_DELIVER         pkt=958  flow=1  latency=1707.0ms
[  77.3819]  PACKET_GENERATE        pkt=981  flow=0  size=1459B  pri=1
[  77.3819]  QUEUE_ENQUEUE          pkt=981  node=src0  queue=1/1000 (0%)  state=NORMAL
[  77.3829]  QUEUE_DEQUEUE          pkt=981  node=src0  wait=1.0ms  queue=0/1000  state=NORMAL
[  77.3829]  PACKET_TRANSMIT        pkt=981  link=src0→router  delay=1.0ms
[  77.3839]  PACKET_ARRIVAL         pkt=981  node=router  hop=1
[  77.3839]  QUEUE_DROP(congestion) pkt=981  node=router  pri=1  state=DROP_LOW_PRIORITY
[  77.4000]  PACKET_GENERATE        pkt=982  flow=1  size=100B  pri=0
[  77.4000]  QUEUE_ENQUEUE          pkt=982  node=src1  queue=1/1000 (0%)  state=NORMAL
[  77.4010]  QUEUE_DEQUEUE          pkt=982  node=src1  wait=1.0ms  queue=0/1000  state=NORMAL
[  77.4010]  PACKET_TRANSMIT        pkt=982  link=src1→router  delay=1.0ms
[  77.4020]  QUEUE_DEQUEUE          pkt=959  node=router  wait=1625.3ms  queue=18/20  state=DROP_LOW_PRIORITY
[  77.4020]  STATE_UPDATE           node=router  DROP_LOW_PRIORITY → INCREMENTAL_COMPRESSION
[  77.4020]  PACKET_TRANSMIT        pkt=959  link=router→dst  delay=5.0ms
[  77.4020]  PACKET_ARRIVAL         pkt=982  node=router  hop=1
[  77.4020]  QUEUE_ENQUEUE          pkt=982  node=router  queue=19/20 (95%)  state=INCREMENTAL_COMPRESSION
[  77.4070]  PACKET_ARRIVAL         pkt=959  node=dst  hop=2
[  77.4070]  PACKET_DELIVER         pkt=959  flow=0  latency=1632.3ms
[  77.5020]  QUEUE_DEQUEUE          pkt=960  node=router  wait=1700.0ms  queue=18/20  state=INCREMENTAL_COMPRESSION
[  77.5020]  PACKET_TRANSMIT        pkt=960  link=router→dst  delay=5.0ms
[  77.5070]  PACKET_ARRIVAL         pkt=960  node=dst  hop=2
[  77.5070]  PACKET_DELIVER         pkt=960  flow=1  latency=1707.0ms
[  77.6000]  PACKET_GENERATE        pkt=983  flow=1  size=100B  pri=0
[  77.6000]  QUEUE_ENQUEUE          pkt=983  node=src1  queue=1/1000 (0%)  state=NORMAL
[  77.6010]  QUEUE_DEQUEUE          pkt=983  node=src1  wait=1.0ms  queue=0/1000  state=NORMAL
[  77.6010]  PACKET_TRANSMIT        pkt=983  link=src1→router  delay=1.0ms
[  77.6020]  QUEUE_DEQUEUE          pkt=961  node=router  wait=1685.1ms  queue=17/20  state=INCREMENTAL_COMPRESSION
[  77.6020]  PACKET_TRANSMIT        pkt=961  link=router→dst  delay=5.0ms
[  77.6020]  PACKET_ARRIVAL         pkt=983  node=router  hop=1
[  77.6020]  QUEUE_ENQUEUE          pkt=983  node=router  queue=18/20 (90%)  state=INCREMENTAL_COMPRESSION
[  77.6070]  PACKET_ARRIVAL         pkt=961  node=dst  hop=2
[  77.6070]  PACKET_DELIVER         pkt=961  flow=0  latency=1692.1ms
[  77.6820]  PACKET_GENERATE        pkt=984  flow=0  size=1438B  pri=1
[  77.6820]  QUEUE_ENQUEUE          pkt=984  node=src0  queue=1/1000 (0%)  state=NORMAL
[  77.6830]  QUEUE_DEQUEUE          pkt=984  node=src0  wait=1.0ms  queue=0/1000  state=NORMAL
[  77.6830]  PACKET_TRANSMIT        pkt=984  link=src0→router  delay=1.0ms
[  77.6840]  PACKET_ARRIVAL         pkt=984  node=router  hop=1
[  77.6840]  QUEUE_ENQUEUE          pkt=984  node=router  queue=19/20 (95%)  state=INCREMENTAL_COMPRESSION
[  77.7020]  QUEUE_DEQUEUE          pkt=962  node=router  wait=1700.0ms  queue=18/20  state=INCREMENTAL_COMPRESSION
[  77.7020]  PACKET_TRANSMIT        pkt=962  link=router→dst  delay=5.0ms
[  77.7070]  PACKET_ARRIVAL         pkt=962  node=dst  hop=2
[  77.7070]  PACKET_DELIVER         pkt=962  flow=1  latency=1707.0ms
[  77.8000]  PACKET_GENERATE        pkt=985  flow=1  size=100B  pri=0
[  77.8000]  QUEUE_ENQUEUE          pkt=985  node=src1  queue=1/1000 (0%)  state=NORMAL
[  77.8010]  QUEUE_DEQUEUE          pkt=985  node=src1  wait=1.0ms  queue=0/1000  state=NORMAL
[  77.8010]  PACKET_TRANSMIT        pkt=985  link=src1→router  delay=1.0ms
[  77.8020]  QUEUE_DEQUEUE          pkt=963  node=router  wait=1600.0ms  queue=17/20  state=INCREMENTAL_COMPRESSION
[  77.8020]  PACKET_TRANSMIT        pkt=963  link=router→dst  delay=5.0ms
[  77.8020]  PACKET_ARRIVAL         pkt=985  node=router  hop=1
[  77.8020]  QUEUE_ENQUEUE          pkt=985  node=router  queue=18/20 (90%)  state=INCREMENTAL_COMPRESSION
[  77.8070]  PACKET_ARRIVAL         pkt=963  node=dst  hop=2
[  77.8070]  PACKET_DELIVER         pkt=963  flow=1  latency=1607.0ms
[  77.8130]  PACKET_GENERATE        pkt=986  flow=0  size=1414B  pri=1
[  77.8130]  QUEUE_ENQUEUE          pkt=986  node=src0  queue=1/1000 (0%)  state=NORMAL
[  77.8140]  QUEUE_DEQUEUE          pkt=986  node=src0  wait=1.0ms  queue=0/1000  state=NORMAL
[  77.8140]  PACKET_TRANSMIT        pkt=986  link=src0→router  delay=1.0ms
[  77.8150]  PACKET_ARRIVAL         pkt=986  node=router  hop=1
[  77.8150]  QUEUE_ENQUEUE          pkt=986  node=router  queue=19/20 (95%)  state=INCREMENTAL_COMPRESSION
[  77.8318]  PACKET_GENERATE        pkt=987  flow=0  size=1404B  pri=1
[  77.8318]  QUEUE_ENQUEUE          pkt=987  node=src0  queue=1/1000 (0%)  state=NORMAL
[  77.8328]  QUEUE_DEQUEUE          pkt=987  node=src0  wait=1.0ms  queue=0/1000  state=NORMAL
[  77.8328]  PACKET_TRANSMIT        pkt=987  link=src0→router  delay=1.0ms
[  77.8338]  PACKET_ARRIVAL         pkt=987  node=router  hop=1
[  77.8338]  QUEUE_ENQUEUE          pkt=987  node=router  queue=20/20 (100%)  state=INCREMENTAL_COMPRESSION
[  77.8772]  PACKET_GENERATE        pkt=988  flow=0  size=1463B  pri=1
[  77.8772]  QUEUE_ENQUEUE          pkt=988  node=src0  queue=1/1000 (0%)  state=NORMAL
[  77.8782]  QUEUE_DEQUEUE          pkt=988  node=src0  wait=1.0ms  queue=0/1000  state=NORMAL
[  77.8782]  PACKET_TRANSMIT        pkt=988  link=src0→router  delay=1.0ms
[  77.8792]  PACKET_ARRIVAL         pkt=988  node=router  hop=1
[  77.8792]  QUEUE_DROP(full)       pkt=988  node=router  pri=1  queue=20/20 FULL
[  77.8926]  PACKET_GENERATE        pkt=989  flow=0  size=1430B  pri=1
[  77.8926]  QUEUE_ENQUEUE          pkt=989  node=src0  queue=1/1000 (0%)  state=NORMAL
[  77.8936]  QUEUE_DEQUEUE          pkt=989  node=src0  wait=1.0ms  queue=0/1000  state=NORMAL
[  77.8936]  PACKET_TRANSMIT        pkt=989  link=src0→router  delay=1.0ms
[  77.8946]  PACKET_ARRIVAL         pkt=989  node=router  hop=1
[  77.8946]  QUEUE_DROP(full)       pkt=989  node=router  pri=1  queue=20/20 FULL
[  77.9020]  QUEUE_DEQUEUE          pkt=964  node=router  wait=1557.6ms  queue=19/20  state=INCREMENTAL_COMPRESSION
[  77.9020]  STATE_UPDATE           node=router  INCREMENTAL_COMPRESSION → DROP_LOW_PRIORITY
[  77.9020]  PACKET_TRANSMIT        pkt=964  link=router→dst  delay=5.0ms
[  77.9070]  PACKET_ARRIVAL         pkt=964  node=dst  hop=2
[  77.9070]  PACKET_DELIVER         pkt=964  flow=0  latency=1564.6ms
[  78.0000]  PACKET_GENERATE        pkt=990  flow=1  size=100B  pri=0
[  78.0000]  QUEUE_ENQUEUE          pkt=990  node=src1  queue=1/1000 (0%)  state=NORMAL
[  78.0010]  QUEUE_DEQUEUE          pkt=990  node=src1  wait=1.0ms  queue=0/1000  state=NORMAL
[  78.0010]  PACKET_TRANSMIT        pkt=990  link=src1→router  delay=1.0ms
[  78.0020]  QUEUE_DEQUEUE          pkt=965  node=router  wait=1600.7ms  queue=18/20  state=DROP_LOW_PRIORITY
[  78.0020]  STATE_UPDATE           node=router  DROP_LOW_PRIORITY → INCREMENTAL_COMPRESSION
[  78.0020]  PACKET_TRANSMIT        pkt=965  link=router→dst  delay=5.0ms
[  78.0020]  PACKET_ARRIVAL         pkt=990  node=router  hop=1
[  78.0020]  QUEUE_ENQUEUE          pkt=990  node=router  queue=19/20 (95%)  state=INCREMENTAL_COMPRESSION
[  78.0070]  PACKET_ARRIVAL         pkt=965  node=dst  hop=2
[  78.0070]  PACKET_DELIVER         pkt=965  flow=0  latency=1607.7ms
[  78.1020]  QUEUE_DEQUEUE          pkt=966  node=router  wait=1700.0ms  queue=18/20  state=INCREMENTAL_COMPRESSION
[  78.1020]  PACKET_TRANSMIT        pkt=966  link=router→dst  delay=5.0ms
[  78.1070]  PACKET_ARRIVAL         pkt=966  node=dst  hop=2
[  78.1070]  PACKET_DELIVER         pkt=966  flow=1  latency=1707.0ms
[  78.1654]  PACKET_GENERATE        pkt=991  flow=0  size=1417B  pri=1
[  78.1654]  QUEUE_ENQUEUE          pkt=991  node=src0  queue=1/1000 (0%)  state=NORMAL
[  78.1664]  QUEUE_DEQUEUE          pkt=991  node=src0  wait=1.0ms  queue=0/1000  state=NORMAL
[  78.1664]  PACKET_TRANSMIT        pkt=991  link=src0→router  delay=1.0ms
[  78.1674]  PACKET_ARRIVAL         pkt=991  node=router  hop=1
[  78.1674]  QUEUE_ENQUEUE          pkt=991  node=router  queue=19/20 (95%)  state=INCREMENTAL_COMPRESSION
[  78.2000]  PACKET_GENERATE        pkt=992  flow=1  size=100B  pri=0
[  78.2000]  QUEUE_ENQUEUE          pkt=992  node=src1  queue=1/1000 (0%)  state=NORMAL
[  78.2010]  QUEUE_DEQUEUE          pkt=992  node=src1  wait=1.0ms  queue=0/1000  state=NORMAL
[  78.2010]  PACKET_TRANSMIT        pkt=992  link=src1→router  delay=1.0ms
[  78.2020]  QUEUE_DEQUEUE          pkt=967  node=router  wait=1799.0ms  queue=18/20  state=INCREMENTAL_COMPRESSION
[  78.2020]  PACKET_TRANSMIT        pkt=967  link=router→dst  delay=5.0ms
[  78.2020]  PACKET_ARRIVAL         pkt=992  node=router  hop=1
[  78.2020]  QUEUE_ENQUEUE          pkt=992  node=router  queue=19/20 (95%)  state=INCREMENTAL_COMPRESSION
[  78.2070]  PACKET_ARRIVAL         pkt=967  node=dst  hop=2
[  78.2070]  PACKET_DELIVER         pkt=967  flow=0  latency=1806.0ms
[  78.2269]  PACKET_GENERATE        pkt=993  flow=0  size=1447B  pri=1
[  78.2269]  QUEUE_ENQUEUE          pkt=993  node=src0  queue=1/1000 (0%)  state=NORMAL
[  78.2279]  QUEUE_DEQUEUE          pkt=993  node=src0  wait=1.0ms  queue=0/1000  state=NORMAL
[  78.2279]  PACKET_TRANSMIT        pkt=993  link=src0→router  delay=1.0ms
[  78.2289]  PACKET_ARRIVAL         pkt=993  node=router  hop=1
[  78.2289]  QUEUE_ENQUEUE          pkt=993  node=router  queue=20/20 (100%)  state=INCREMENTAL_COMPRESSION
[  78.3020]  QUEUE_DEQUEUE          pkt=968  node=router  wait=1882.5ms  queue=19/20  state=INCREMENTAL_COMPRESSION
[  78.3020]  STATE_UPDATE           node=router  INCREMENTAL_COMPRESSION → DROP_LOW_PRIORITY
[  78.3020]  PACKET_TRANSMIT        pkt=968  link=router→dst  delay=5.0ms
[  78.3070]  PACKET_ARRIVAL         pkt=968  node=dst  hop=2
[  78.3070]  PACKET_DELIVER         pkt=968  flow=0  latency=1889.5ms
[  78.3657]  PACKET_GENERATE        pkt=994  flow=0  size=1495B  pri=1
[  78.3657]  QUEUE_ENQUEUE          pkt=994  node=src0  queue=1/1000 (0%)  state=NORMAL
[  78.3667]  QUEUE_DEQUEUE          pkt=994  node=src0  wait=1.0ms  queue=0/1000  state=NORMAL
[  78.3667]  PACKET_TRANSMIT        pkt=994  link=src0→router  delay=1.0ms
[  78.3677]  PACKET_ARRIVAL         pkt=994  node=router  hop=1
[  78.3677]  QUEUE_DROP(congestion) pkt=994  node=router  pri=1  state=DROP_LOW_PRIORITY
[  78.4000]  PACKET_GENERATE        pkt=995  flow=1  size=100B  pri=0
[  78.4000]  QUEUE_ENQUEUE          pkt=995  node=src1  queue=1/1000 (0%)  state=NORMAL
[  78.4010]  QUEUE_DEQUEUE          pkt=995  node=src1  wait=1.0ms  queue=0/1000  state=NORMAL
[  78.4010]  PACKET_TRANSMIT        pkt=995  link=src1→router  delay=1.0ms
[  78.4020]  QUEUE_DEQUEUE          pkt=969  node=router  wait=1842.8ms  queue=18/20  state=DROP_LOW_PRIORITY
[  78.4020]  STATE_UPDATE           node=router  DROP_LOW_PRIORITY → INCREMENTAL_COMPRESSION
[  78.4020]  PACKET_TRANSMIT        pkt=969  link=router→dst  delay=5.0ms
[  78.4020]  PACKET_ARRIVAL         pkt=995  node=router  hop=1
[  78.4020]  QUEUE_ENQUEUE          pkt=995  node=router  queue=19/20 (95%)  state=INCREMENTAL_COMPRESSION
[  78.4070]  PACKET_ARRIVAL         pkt=969  node=dst  hop=2
[  78.4070]  PACKET_DELIVER         pkt=969  flow=0  latency=1849.8ms
[  78.5020]  QUEUE_DEQUEUE          pkt=970  node=router  wait=1904.8ms  queue=18/20  state=INCREMENTAL_COMPRESSION
[  78.5020]  PACKET_TRANSMIT        pkt=970  link=router→dst  delay=5.0ms
[  78.5070]  PACKET_ARRIVAL         pkt=970  node=dst  hop=2
[  78.5070]  PACKET_DELIVER         pkt=970  flow=0  latency=1911.8ms
[  78.5147]  PACKET_GENERATE        pkt=996  flow=0  size=1469B  pri=1
[  78.5147]  QUEUE_ENQUEUE          pkt=996  node=src0  queue=1/1000 (0%)  state=NORMAL
[  78.5157]  QUEUE_DEQUEUE          pkt=996  node=src0  wait=1.0ms  queue=0/1000  state=NORMAL
[  78.5157]  PACKET_TRANSMIT        pkt=996  link=src0→router  delay=1.0ms
[  78.5167]  PACKET_ARRIVAL         pkt=996  node=router  hop=1
[  78.5167]  QUEUE_ENQUEUE          pkt=996  node=router  queue=19/20 (95%)  state=INCREMENTAL_COMPRESSION
[  78.5826]  PACKET_GENERATE        pkt=997  flow=0  size=1495B  pri=1
[  78.5826]  QUEUE_ENQUEUE          pkt=997  node=src0  queue=1/1000 (0%)  state=NORMAL
[  78.5836]  QUEUE_DEQUEUE          pkt=997  node=src0  wait=1.0ms  queue=0/1000  state=NORMAL
[  78.5836]  PACKET_TRANSMIT        pkt=997  link=src0→router  delay=1.0ms
[  78.5846]  PACKET_ARRIVAL         pkt=997  node=router  hop=1
[  78.5846]  QUEUE_ENQUEUE          pkt=997  node=router  queue=20/20 (100%)  state=INCREMENTAL_COMPRESSION
[  78.6000]  PACKET_GENERATE        pkt=998  flow=1  size=100B  pri=0
[  78.6000]  QUEUE_ENQUEUE          pkt=998  node=src1  queue=1/1000 (0%)  state=NORMAL
[  78.6010]  QUEUE_DEQUEUE          pkt=998  node=src1  wait=1.0ms  queue=0/1000  state=NORMAL
[  78.6010]  PACKET_TRANSMIT        pkt=998  link=src1→router  delay=1.0ms
[  78.6020]  QUEUE_DEQUEUE          pkt=971  node=router  wait=2000.0ms  queue=19/20  state=INCREMENTAL_COMPRESSION
[  78.6020]  STATE_UPDATE           node=router  INCREMENTAL_COMPRESSION → DROP_LOW_PRIORITY
[  78.6020]  PACKET_TRANSMIT        pkt=971  link=router→dst  delay=5.0ms
[  78.6020]  PACKET_ARRIVAL         pkt=998  node=router  hop=1
[  78.6020]  QUEUE_ENQUEUE          pkt=998  node=router  queue=20/20 (100%)  state=DROP_LOW_PRIORITY
[  78.6070]  PACKET_ARRIVAL         pkt=971  node=dst  hop=2
[  78.6070]  PACKET_DELIVER         pkt=971  flow=1  latency=2007.0ms
[  78.7020]  QUEUE_DEQUEUE          pkt=972  node=router  wait=1900.0ms  queue=19/20  state=DROP_LOW_PRIORITY
[  78.7020]  PACKET_TRANSMIT        pkt=972  link=router→dst  delay=5.0ms
[  78.7070]  PACKET_ARRIVAL         pkt=972  node=dst  hop=2
[  78.7070]  PACKET_DELIVER         pkt=972  flow=1  latency=1907.0ms
[  78.7448]  PACKET_GENERATE        pkt=999  flow=0  size=1453B  pri=1
[  78.7448]  QUEUE_ENQUEUE          pkt=999  node=src0  queue=1/1000 (0%)  state=NORMAL
[  78.7458]  QUEUE_DEQUEUE          pkt=999  node=src0  wait=1.0ms  queue=0/1000  state=NORMAL
[  78.7458]  PACKET_TRANSMIT        pkt=999  link=src0→router  delay=1.0ms
[  78.7468]  PACKET_ARRIVAL         pkt=999  node=router  hop=1
[  78.7468]  QUEUE_DROP(congestion) pkt=999  node=router  pri=1  state=DROP_LOW_PRIORITY
[  78.8000]  PACKET_GENERATE        pkt=1000  flow=1  size=100B  pri=0
[  78.8000]  QUEUE_ENQUEUE          pkt=1000  node=src1  queue=1/1000 (0%)  state=NORMAL
[  78.8010]  QUEUE_DEQUEUE          pkt=1000  node=src1  wait=1.0ms  queue=0/1000  state=NORMAL
[  78.8010]  PACKET_TRANSMIT        pkt=1000  link=src1→router  delay=1.0ms
[  78.8020]  QUEUE_DEQUEUE          pkt=973  node=router  wait=1988.8ms  queue=18/20  state=DROP_LOW_PRIORITY
[  78.8020]  STATE_UPDATE           node=router  DROP_LOW_PRIORITY → INCREMENTAL_COMPRESSION
[  78.8020]  PACKET_TRANSMIT        pkt=973  link=router→dst  delay=5.0ms
[  78.8020]  PACKET_ARRIVAL         pkt=1000  node=router  hop=1
[  78.8020]  QUEUE_ENQUEUE          pkt=1000  node=router  queue=19/20 (95%)  state=INCREMENTAL_COMPRESSION
[  78.8070]  PACKET_ARRIVAL         pkt=973  node=dst  hop=2
[  78.8070]  PACKET_DELIVER         pkt=973  flow=0  latency=1995.8ms
[  78.8777]  PACKET_GENERATE        pkt=1001  flow=0  size=1462B  pri=1
[  78.8777]  QUEUE_ENQUEUE          pkt=1001  node=src0  queue=1/1000 (0%)  state=NORMAL
[  78.8787]  QUEUE_DEQUEUE          pkt=1001  node=src0  wait=1.0ms  queue=0/1000  state=NORMAL
[  78.8787]  PACKET_TRANSMIT        pkt=1001  link=src0→router  delay=1.0ms
[  78.8797]  PACKET_ARRIVAL         pkt=1001  node=router  hop=1
[  78.8797]  QUEUE_ENQUEUE          pkt=1001  node=router  queue=20/20 (100%)  state=INCREMENTAL_COMPRESSION
[  78.9020]  QUEUE_DEQUEUE          pkt=976  node=router  wait=1900.0ms  queue=19/20  state=INCREMENTAL_COMPRESSION
[  78.9020]  STATE_UPDATE           node=router  INCREMENTAL_COMPRESSION → DROP_LOW_PRIORITY
[  78.9020]  PACKET_TRANSMIT        pkt=976  link=router→dst  delay=5.0ms
[  78.9070]  PACKET_ARRIVAL         pkt=976  node=dst  hop=2
[  78.9070]  PACKET_DELIVER         pkt=976  flow=1  latency=1907.0ms
[  78.9973]  PACKET_GENERATE        pkt=1002  flow=0  size=1435B  pri=1
[  78.9973]  QUEUE_ENQUEUE          pkt=1002  node=src0  queue=1/1000 (0%)  state=NORMAL
[  78.9983]  QUEUE_DEQUEUE          pkt=1002  node=src0  wait=1.0ms  queue=0/1000  state=NORMAL
[  78.9983]  PACKET_TRANSMIT        pkt=1002  link=src0→router  delay=1.0ms
[  78.9993]  PACKET_ARRIVAL         pkt=1002  node=router  hop=1
[  78.9993]  QUEUE_DROP(congestion) pkt=1002  node=router  pri=1  state=DROP_LOW_PRIORITY
[  79.0000]  PACKET_GENERATE        pkt=1003  flow=1  size=100B  pri=0
[  79.0000]  QUEUE_ENQUEUE          pkt=1003  node=src1  queue=1/1000 (0%)  state=NORMAL
[  79.0010]  QUEUE_DEQUEUE          pkt=1003  node=src1  wait=1.0ms  queue=0/1000  state=NORMAL
[  79.0010]  PACKET_TRANSMIT        pkt=1003  link=src1→router  delay=1.0ms
[  79.0014]  PACKET_GENERATE        pkt=1004  flow=0  size=1447B  pri=1
[  79.0014]  QUEUE_ENQUEUE          pkt=1004  node=src0  queue=1/1000 (0%)  state=NORMAL
[  79.0020]  QUEUE_DEQUEUE          pkt=977  node=router  wait=1825.2ms  queue=18/20  state=DROP_LOW_PRIORITY
[  79.0020]  STATE_UPDATE           node=router  DROP_LOW_PRIORITY → INCREMENTAL_COMPRESSION
[  79.0020]  PACKET_TRANSMIT        pkt=977  link=router→dst  delay=5.0ms
[  79.0020]  PACKET_ARRIVAL         pkt=1003  node=router  hop=1
[  79.0020]  QUEUE_ENQUEUE          pkt=1003  node=router  queue=19/20 (95%)  state=INCREMENTAL_COMPRESSION
[  79.0024]  QUEUE_DEQUEUE          pkt=1004  node=src0  wait=1.0ms  queue=0/1000  state=NORMAL
[  79.0024]  PACKET_TRANSMIT        pkt=1004  link=src0→router  delay=1.0ms
[  79.0034]  PACKET_ARRIVAL         pkt=1004  node=router  hop=1
[  79.0034]  QUEUE_ENQUEUE          pkt=1004  node=router  queue=20/20 (100%)  state=INCREMENTAL_COMPRESSION
[  79.0070]  PACKET_ARRIVAL         pkt=977  node=dst  hop=2
[  79.0070]  PACKET_DELIVER         pkt=977  flow=0  latency=1832.2ms
[  79.0321]  PACKET_GENERATE        pkt=1005  flow=0  size=1456B  pri=1
[  79.0321]  QUEUE_ENQUEUE          pkt=1005  node=src0  queue=1/1000 (0%)  state=NORMAL
[  79.0331]  QUEUE_DEQUEUE          pkt=1005  node=src0  wait=1.0ms  queue=0/1000  state=NORMAL
[  79.0331]  PACKET_TRANSMIT        pkt=1005  link=src0→router  delay=1.0ms
[  79.0341]  PACKET_ARRIVAL         pkt=1005  node=router  hop=1
[  79.0341]  QUEUE_DROP(full)       pkt=1005  node=router  pri=1  queue=20/20 FULL
[  79.1020]  QUEUE_DEQUEUE          pkt=978  node=router  wait=1900.0ms  queue=19/20  state=INCREMENTAL_COMPRESSION
[  79.1020]  STATE_UPDATE           node=router  INCREMENTAL_COMPRESSION → DROP_LOW_PRIORITY
[  79.1020]  PACKET_TRANSMIT        pkt=978  link=router→dst  delay=5.0ms
[  79.1070]  PACKET_ARRIVAL         pkt=978  node=dst  hop=2
[  79.1070]  PACKET_DELIVER         pkt=978  flow=1  latency=1907.0ms
[  79.2000]  PACKET_GENERATE        pkt=1006  flow=1  size=100B  pri=0
[  79.2000]  QUEUE_ENQUEUE          pkt=1006  node=src1  queue=1/1000 (0%)  state=NORMAL
[  79.2010]  QUEUE_DEQUEUE          pkt=1006  node=src1  wait=1.0ms  queue=0/1000  state=NORMAL
[  79.2010]  PACKET_TRANSMIT        pkt=1006  link=src1→router  delay=1.0ms
[  79.2020]  QUEUE_DEQUEUE          pkt=979  node=router  wait=1975.5ms  queue=18/20  state=DROP_LOW_PRIORITY
[  79.2020]  STATE_UPDATE           node=router  DROP_LOW_PRIORITY → INCREMENTAL_COMPRESSION
[  79.2020]  PACKET_TRANSMIT        pkt=979  link=router→dst  delay=5.0ms
[  79.2020]  PACKET_ARRIVAL         pkt=1006  node=router  hop=1
[  79.2020]  QUEUE_ENQUEUE          pkt=1006  node=router  queue=19/20 (95%)  state=INCREMENTAL_COMPRESSION
[  79.2070]  PACKET_ARRIVAL         pkt=979  node=dst  hop=2
[  79.2070]  PACKET_DELIVER         pkt=979  flow=0  latency=1982.5ms
[  79.3020]  QUEUE_DEQUEUE          pkt=982  node=router  wait=1900.0ms  queue=18/20  state=INCREMENTAL_COMPRESSION
[  79.3020]  PACKET_TRANSMIT        pkt=982  link=router→dst  delay=5.0ms
[  79.3070]  PACKET_ARRIVAL         pkt=982  node=dst  hop=2
[  79.3070]  PACKET_DELIVER         pkt=982  flow=1  latency=1907.0ms
[  79.4000]  PACKET_GENERATE        pkt=1007  flow=1  size=100B  pri=0
[  79.4000]  QUEUE_ENQUEUE          pkt=1007  node=src1  queue=1/1000 (0%)  state=NORMAL
[  79.4010]  QUEUE_DEQUEUE          pkt=1007  node=src1  wait=1.0ms  queue=0/1000  state=NORMAL
[  79.4010]  PACKET_TRANSMIT        pkt=1007  link=src1→router  delay=1.0ms
[  79.4020]  QUEUE_DEQUEUE          pkt=983  node=router  wait=1800.0ms  queue=17/20  state=INCREMENTAL_COMPRESSION
[  79.4020]  PACKET_TRANSMIT        pkt=983  link=router→dst  delay=5.0ms
[  79.4020]  PACKET_ARRIVAL         pkt=1007  node=router  hop=1
[  79.4020]  QUEUE_ENQUEUE          pkt=1007  node=router  queue=18/20 (90%)  state=INCREMENTAL_COMPRESSION
[  79.4070]  PACKET_ARRIVAL         pkt=983  node=dst  hop=2
[  79.4070]  PACKET_DELIVER         pkt=983  flow=1  latency=1807.0ms
[  79.4079]  PACKET_GENERATE        pkt=1008  flow=0  size=1446B  pri=1
[  79.4079]  QUEUE_ENQUEUE          pkt=1008  node=src0  queue=1/1000 (0%)  state=NORMAL
[  79.4089]  QUEUE_DEQUEUE          pkt=1008  node=src0  wait=1.0ms  queue=0/1000  state=NORMAL
[  79.4089]  PACKET_TRANSMIT        pkt=1008  link=src0→router  delay=1.0ms
[  79.4099]  PACKET_ARRIVAL         pkt=1008  node=router  hop=1
[  79.4099]  QUEUE_ENQUEUE          pkt=1008  node=router  queue=19/20 (95%)  state=INCREMENTAL_COMPRESSION
[  79.4210]  PACKET_GENERATE        pkt=1009  flow=0  size=1487B  pri=1
[  79.4210]  QUEUE_ENQUEUE          pkt=1009  node=src0  queue=1/1000 (0%)  state=NORMAL
[  79.4220]  QUEUE_DEQUEUE          pkt=1009  node=src0  wait=1.0ms  queue=0/1000  state=NORMAL
[  79.4220]  PACKET_TRANSMIT        pkt=1009  link=src0→router  delay=1.0ms
[  79.4230]  PACKET_ARRIVAL         pkt=1009  node=router  hop=1
[  79.4230]  QUEUE_ENQUEUE          pkt=1009  node=router  queue=20/20 (100%)  state=INCREMENTAL_COMPRESSION
[  79.4782]  PACKET_GENERATE        pkt=1010  flow=0  size=1482B  pri=1
[  79.4782]  QUEUE_ENQUEUE          pkt=1010  node=src0  queue=1/1000 (0%)  state=NORMAL
[  79.4792]  QUEUE_DEQUEUE          pkt=1010  node=src0  wait=1.0ms  queue=0/1000  state=NORMAL
[  79.4792]  PACKET_TRANSMIT        pkt=1010  link=src0→router  delay=1.0ms
[  79.4802]  PACKET_ARRIVAL         pkt=1010  node=router  hop=1
[  79.4802]  QUEUE_DROP(full)       pkt=1010  node=router  pri=1  queue=20/20 FULL
[  79.5020]  QUEUE_DEQUEUE          pkt=984  node=router  wait=1818.0ms  queue=19/20  state=INCREMENTAL_COMPRESSION
[  79.5020]  STATE_UPDATE           node=router  INCREMENTAL_COMPRESSION → DROP_LOW_PRIORITY
[  79.5020]  PACKET_TRANSMIT        pkt=984  link=router→dst  delay=5.0ms
[  79.5070]  PACKET_ARRIVAL         pkt=984  node=dst  hop=2
[  79.5070]  PACKET_DELIVER         pkt=984  flow=0  latency=1825.0ms
[  79.5338]  PACKET_GENERATE        pkt=1011  flow=0  size=1450B  pri=1
[  79.5338]  QUEUE_ENQUEUE          pkt=1011  node=src0  queue=1/1000 (0%)  state=NORMAL
[  79.5348]  QUEUE_DEQUEUE          pkt=1011  node=src0  wait=1.0ms  queue=0/1000  state=NORMAL
[  79.5348]  PACKET_TRANSMIT        pkt=1011  link=src0→router  delay=1.0ms
[  79.5358]  PACKET_ARRIVAL         pkt=1011  node=router  hop=1
[  79.5358]  QUEUE_DROP(congestion) pkt=1011  node=router  pri=1  state=DROP_LOW_PRIORITY
[  79.5741]  PACKET_GENERATE        pkt=1012  flow=0  size=1415B  pri=1
[  79.5741]  QUEUE_ENQUEUE          pkt=1012  node=src0  queue=1/1000 (0%)  state=NORMAL
[  79.5751]  QUEUE_DEQUEUE          pkt=1012  node=src0  wait=1.0ms  queue=0/1000  state=NORMAL
[  79.5751]  PACKET_TRANSMIT        pkt=1012  link=src0→router  delay=1.0ms
[  79.5761]  PACKET_ARRIVAL         pkt=1012  node=router  hop=1
[  79.5761]  QUEUE_DROP(congestion) pkt=1012  node=router  pri=1  state=DROP_LOW_PRIORITY
[  79.6000]  PACKET_GENERATE        pkt=1013  flow=1  size=100B  pri=0
[  79.6000]  QUEUE_ENQUEUE          pkt=1013  node=src1  queue=1/1000 (0%)  state=NORMAL
[  79.6010]  QUEUE_DEQUEUE          pkt=1013  node=src1  wait=1.0ms  queue=0/1000  state=NORMAL
[  79.6010]  PACKET_TRANSMIT        pkt=1013  link=src1→router  delay=1.0ms
[  79.6020]  QUEUE_DEQUEUE          pkt=985  node=router  wait=1800.0ms  queue=18/20  state=DROP_LOW_PRIORITY
[  79.6020]  STATE_UPDATE           node=router  DROP_LOW_PRIORITY → INCREMENTAL_COMPRESSION
[  79.6020]  PACKET_TRANSMIT        pkt=985  link=router→dst  delay=5.0ms
[  79.6020]  PACKET_ARRIVAL         pkt=1013  node=router  hop=1
[  79.6020]  QUEUE_ENQUEUE          pkt=1013  node=router  queue=19/20 (95%)  state=INCREMENTAL_COMPRESSION
[  79.6070]  PACKET_ARRIVAL         pkt=985  node=dst  hop=2
[  79.6070]  PACKET_DELIVER         pkt=985  flow=1  latency=1807.0ms
[  79.7020]  QUEUE_DEQUEUE          pkt=986  node=router  wait=1887.0ms  queue=18/20  state=INCREMENTAL_COMPRESSION
[  79.7020]  PACKET_TRANSMIT        pkt=986  link=router→dst  delay=5.0ms
[  79.7070]  PACKET_ARRIVAL         pkt=986  node=dst  hop=2
[  79.7070]  PACKET_DELIVER         pkt=986  flow=0  latency=1894.0ms
[  79.8000]  PACKET_GENERATE        pkt=1014  flow=1  size=100B  pri=0
[  79.8000]  QUEUE_ENQUEUE          pkt=1014  node=src1  queue=1/1000 (0%)  state=NORMAL
[  79.8010]  QUEUE_DEQUEUE          pkt=1014  node=src1  wait=1.0ms  queue=0/1000  state=NORMAL
[  79.8010]  PACKET_TRANSMIT        pkt=1014  link=src1→router  delay=1.0ms
[  79.8020]  QUEUE_DEQUEUE          pkt=987  node=router  wait=1968.2ms  queue=17/20  state=INCREMENTAL_COMPRESSION
[  79.8020]  PACKET_TRANSMIT        pkt=987  link=router→dst  delay=5.0ms
[  79.8020]  PACKET_ARRIVAL         pkt=1014  node=router  hop=1
[  79.8020]  QUEUE_ENQUEUE          pkt=1014  node=router  queue=18/20 (90%)  state=INCREMENTAL_COMPRESSION
[  79.8070]  PACKET_ARRIVAL         pkt=987  node=dst  hop=2
[  79.8070]  PACKET_DELIVER         pkt=987  flow=0  latency=1975.2ms
[  79.9020]  QUEUE_DEQUEUE          pkt=990  node=router  wait=1900.0ms  queue=17/20  state=INCREMENTAL_COMPRESSION
[  79.9020]  PACKET_TRANSMIT        pkt=990  link=router→dst  delay=5.0ms
[  79.9070]  PACKET_ARRIVAL         pkt=990  node=dst  hop=2
[  79.9070]  PACKET_DELIVER         pkt=990  flow=1  latency=1907.0ms
[  79.9461]  PACKET_GENERATE        pkt=1015  flow=0  size=1458B  pri=1
[  79.9461]  QUEUE_ENQUEUE          pkt=1015  node=src0  queue=1/1000 (0%)  state=NORMAL
[  79.9471]  QUEUE_DEQUEUE          pkt=1015  node=src0  wait=1.0ms  queue=0/1000  state=NORMAL
[  79.9471]  PACKET_TRANSMIT        pkt=1015  link=src0→router  delay=1.0ms
[  79.9481]  PACKET_ARRIVAL         pkt=1015  node=router  hop=1
[  79.9481]  QUEUE_ENQUEUE          pkt=1015  node=router  queue=18/20 (90%)  state=INCREMENTAL_COMPRESSION
[  79.9581]  PACKET_GENERATE        pkt=1016  flow=0  size=1427B  pri=1
[  79.9581]  QUEUE_ENQUEUE          pkt=1016  node=src0  queue=1/1000 (0%)  state=NORMAL
[  79.9591]  QUEUE_DEQUEUE          pkt=1016  node=src0  wait=1.0ms  queue=0/1000  state=NORMAL
[  79.9591]  PACKET_TRANSMIT        pkt=1016  link=src0→router  delay=1.0ms
[  79.9601]  PACKET_ARRIVAL         pkt=1016  node=router  hop=1
[  79.9601]  QUEUE_ENQUEUE          pkt=1016  node=router  queue=19/20 (95%)  state=INCREMENTAL_COMPRESSION
[  80.0000]  METRIC_SAMPLE          tput=10.00 pkt/s  PDR=0.638  lat=1751.01ms  q_occ=0.237  drops= 349  state=INCREMENTAL_COMPRESSION
[  80.0000]  PACKET_GENERATE        pkt=1017  flow=1  size=100B  pri=0
[  80.0000]  QUEUE_ENQUEUE          pkt=1017  node=src1  queue=1/1000 (0%)  state=NORMAL
[  80.0010]  QUEUE_DEQUEUE          pkt=1017  node=src1  wait=1.0ms  queue=0/1000  state=NORMAL
[  80.0010]  PACKET_TRANSMIT        pkt=1017  link=src1→router  delay=1.0ms
[  80.0020]  QUEUE_DEQUEUE          pkt=991  node=router  wait=1834.6ms  queue=18/20  state=INCREMENTAL_COMPRESSION
[  80.0020]  PACKET_TRANSMIT        pkt=991  link=router→dst  delay=5.0ms
[  80.0020]  PACKET_ARRIVAL         pkt=1017  node=router  hop=1
[  80.0020]  QUEUE_ENQUEUE          pkt=1017  node=router  queue=19/20 (95%)  state=INCREMENTAL_COMPRESSION
[  80.0070]  PACKET_ARRIVAL         pkt=991  node=dst  hop=2
[  80.0070]  PACKET_DELIVER         pkt=991  flow=0  latency=1841.6ms
[  80.0864]  PACKET_GENERATE        pkt=1018  flow=0  size=1476B  pri=1
[  80.0864]  QUEUE_ENQUEUE          pkt=1018  node=src0  queue=1/1000 (0%)  state=NORMAL
[  80.0874]  QUEUE_DEQUEUE          pkt=1018  node=src0  wait=1.0ms  queue=0/1000  state=NORMAL
[  80.0874]  PACKET_TRANSMIT        pkt=1018  link=src0→router  delay=1.0ms
[  80.0884]  PACKET_ARRIVAL         pkt=1018  node=router  hop=1
[  80.0884]  QUEUE_ENQUEUE          pkt=1018  node=router  queue=20/20 (100%)  state=INCREMENTAL_COMPRESSION
[  80.1020]  QUEUE_DEQUEUE          pkt=992  node=router  wait=1900.0ms  queue=19/20  state=INCREMENTAL_COMPRESSION
[  80.1020]  STATE_UPDATE           node=router  INCREMENTAL_COMPRESSION → DROP_LOW_PRIORITY
[  80.1020]  PACKET_TRANSMIT        pkt=992  link=router→dst  delay=5.0ms
[  80.1070]  PACKET_ARRIVAL         pkt=992  node=dst  hop=2
[  80.1070]  PACKET_DELIVER         pkt=992  flow=1  latency=1907.0ms
[  80.2000]  PACKET_GENERATE        pkt=1019  flow=1  size=100B  pri=0
[  80.2000]  QUEUE_ENQUEUE          pkt=1019  node=src1  queue=1/1000 (0%)  state=NORMAL
[  80.2010]  QUEUE_DEQUEUE          pkt=1019  node=src1  wait=1.0ms  queue=0/1000  state=NORMAL
[  80.2010]  PACKET_TRANSMIT        pkt=1019  link=src1→router  delay=1.0ms
[  80.2020]  QUEUE_DEQUEUE          pkt=993  node=router  wait=1973.1ms  queue=18/20  state=DROP_LOW_PRIORITY
[  80.2020]  STATE_UPDATE           node=router  DROP_LOW_PRIORITY → INCREMENTAL_COMPRESSION
[  80.2020]  PACKET_TRANSMIT        pkt=993  link=router→dst  delay=5.0ms
[  80.2020]  PACKET_ARRIVAL         pkt=1019  node=router  hop=1
[  80.2020]  QUEUE_ENQUEUE          pkt=1019  node=router  queue=19/20 (95%)  state=INCREMENTAL_COMPRESSION
[  80.2070]  PACKET_ARRIVAL         pkt=993  node=dst  hop=2
[  80.2070]  PACKET_DELIVER         pkt=993  flow=0  latency=1980.1ms
[  80.3020]  QUEUE_DEQUEUE          pkt=995  node=router  wait=1900.0ms  queue=18/20  state=INCREMENTAL_COMPRESSION
[  80.3020]  PACKET_TRANSMIT        pkt=995  link=router→dst  delay=5.0ms
[  80.3070]  PACKET_ARRIVAL         pkt=995  node=dst  hop=2
[  80.3070]  PACKET_DELIVER         pkt=995  flow=1  latency=1907.0ms
[  80.4000]  PACKET_GENERATE        pkt=1020  flow=1  size=100B  pri=0
[  80.4000]  QUEUE_ENQUEUE          pkt=1020  node=src1  queue=1/1000 (0%)  state=NORMAL
[  80.4010]  QUEUE_DEQUEUE          pkt=1020  node=src1  wait=1.0ms  queue=0/1000  state=NORMAL
[  80.4010]  PACKET_TRANSMIT        pkt=1020  link=src1→router  delay=1.0ms
[  80.4020]  QUEUE_DEQUEUE          pkt=996  node=router  wait=1885.3ms  queue=17/20  state=INCREMENTAL_COMPRESSION
[  80.4020]  PACKET_TRANSMIT        pkt=996  link=router→dst  delay=5.0ms
[  80.4020]  PACKET_ARRIVAL         pkt=1020  node=router  hop=1
[  80.4020]  QUEUE_ENQUEUE          pkt=1020  node=router  queue=18/20 (90%)  state=INCREMENTAL_COMPRESSION
[  80.4070]  PACKET_ARRIVAL         pkt=996  node=dst  hop=2
[  80.4070]  PACKET_DELIVER         pkt=996  flow=0  latency=1892.3ms
[  80.5020]  QUEUE_DEQUEUE          pkt=997  node=router  wait=1917.4ms  queue=17/20  state=INCREMENTAL_COMPRESSION
[  80.5020]  PACKET_TRANSMIT        pkt=997  link=router→dst  delay=5.0ms
[  80.5070]  PACKET_ARRIVAL         pkt=997  node=dst  hop=2
[  80.5070]  PACKET_DELIVER         pkt=997  flow=0  latency=1924.4ms
[  80.5294]  PACKET_GENERATE        pkt=1021  flow=0  size=1406B  pri=1
[  80.5294]  QUEUE_ENQUEUE          pkt=1021  node=src0  queue=1/1000 (0%)  state=NORMAL
[  80.5304]  QUEUE_DEQUEUE          pkt=1021  node=src0  wait=1.0ms  queue=0/1000  state=NORMAL
[  80.5304]  PACKET_TRANSMIT        pkt=1021  link=src0→router  delay=1.0ms
[  80.5314]  PACKET_ARRIVAL         pkt=1021  node=router  hop=1
[  80.5314]  QUEUE_ENQUEUE          pkt=1021  node=router  queue=18/20 (90%)  state=INCREMENTAL_COMPRESSION
[  80.6000]  PACKET_GENERATE        pkt=1022  flow=1  size=100B  pri=0
[  80.6000]  QUEUE_ENQUEUE          pkt=1022  node=src1  queue=1/1000 (0%)  state=NORMAL
[  80.6010]  QUEUE_DEQUEUE          pkt=1022  node=src1  wait=1.0ms  queue=0/1000  state=NORMAL
[  80.6010]  PACKET_TRANSMIT        pkt=1022  link=src1→router  delay=1.0ms
[  80.6020]  QUEUE_DEQUEUE          pkt=998  node=router  wait=2000.0ms  queue=17/20  state=INCREMENTAL_COMPRESSION
[  80.6020]  PACKET_TRANSMIT        pkt=998  link=router→dst  delay=5.0ms
[  80.6020]  PACKET_ARRIVAL         pkt=1022  node=router  hop=1
[  80.6020]  QUEUE_ENQUEUE          pkt=1022  node=router  queue=18/20 (90%)  state=INCREMENTAL_COMPRESSION
[  80.6070]  PACKET_ARRIVAL         pkt=998  node=dst  hop=2
[  80.6070]  PACKET_DELIVER         pkt=998  flow=1  latency=2007.0ms
[  80.7020]  QUEUE_DEQUEUE          pkt=1000  node=router  wait=1900.0ms  queue=17/20  state=INCREMENTAL_COMPRESSION
[  80.7020]  PACKET_TRANSMIT        pkt=1000  link=router→dst  delay=5.0ms
[  80.7070]  PACKET_ARRIVAL         pkt=1000  node=dst  hop=2
[  80.7070]  PACKET_DELIVER         pkt=1000  flow=1  latency=1907.0ms
[  80.7226]  PACKET_GENERATE        pkt=1023  flow=0  size=1431B  pri=1
[  80.7226]  QUEUE_ENQUEUE          pkt=1023  node=src0  queue=1/1000 (0%)  state=NORMAL
[  80.7236]  QUEUE_DEQUEUE          pkt=1023  node=src0  wait=1.0ms  queue=0/1000  state=NORMAL
[  80.7236]  PACKET_TRANSMIT        pkt=1023  link=src0→router  delay=1.0ms
[  80.7246]  PACKET_ARRIVAL         pkt=1023  node=router  hop=1
[  80.7246]  QUEUE_ENQUEUE          pkt=1023  node=router  queue=18/20 (90%)  state=INCREMENTAL_COMPRESSION
[  80.8000]  PACKET_GENERATE        pkt=1024  flow=1  size=100B  pri=0
[  80.8000]  QUEUE_ENQUEUE          pkt=1024  node=src1  queue=1/1000 (0%)  state=NORMAL
[  80.8010]  QUEUE_DEQUEUE          pkt=1024  node=src1  wait=1.0ms  queue=0/1000  state=NORMAL
[  80.8010]  PACKET_TRANSMIT        pkt=1024  link=src1→router  delay=1.0ms
[  80.8020]  QUEUE_DEQUEUE          pkt=1001  node=router  wait=1922.3ms  queue=17/20  state=INCREMENTAL_COMPRESSION
[  80.8020]  PACKET_TRANSMIT        pkt=1001  link=router→dst  delay=5.0ms
[  80.8020]  PACKET_ARRIVAL         pkt=1024  node=router  hop=1
[  80.8020]  QUEUE_ENQUEUE          pkt=1024  node=router  queue=18/20 (90%)  state=INCREMENTAL_COMPRESSION
[  80.8070]  PACKET_ARRIVAL         pkt=1001  node=dst  hop=2
[  80.8070]  PACKET_DELIVER         pkt=1001  flow=0  latency=1929.3ms
[  80.9020]  QUEUE_DEQUEUE          pkt=1003  node=router  wait=1900.0ms  queue=17/20  state=INCREMENTAL_COMPRESSION
[  80.9020]  PACKET_TRANSMIT        pkt=1003  link=router→dst  delay=5.0ms
[  80.9070]  PACKET_ARRIVAL         pkt=1003  node=dst  hop=2
[  80.9070]  PACKET_DELIVER         pkt=1003  flow=1  latency=1907.0ms
[  81.0000]  PACKET_GENERATE        pkt=1025  flow=1  size=100B  pri=0
[  81.0000]  QUEUE_ENQUEUE          pkt=1025  node=src1  queue=1/1000 (0%)  state=NORMAL
[  81.0010]  QUEUE_DEQUEUE          pkt=1025  node=src1  wait=1.0ms  queue=0/1000  state=NORMAL
[  81.0010]  PACKET_TRANSMIT        pkt=1025  link=src1→router  delay=1.0ms
[  81.0020]  QUEUE_DEQUEUE          pkt=1004  node=router  wait=1998.6ms  queue=16/20  state=INCREMENTAL_COMPRESSION
[  81.0020]  STATE_UPDATE           node=router  INCREMENTAL_COMPRESSION → DELTA_COMPRESSION
[  81.0020]  PACKET_TRANSMIT        pkt=1004  link=router→dst  delay=5.0ms
[  81.0020]  PACKET_ARRIVAL         pkt=1025  node=router  hop=1
[  81.0020]  QUEUE_ENQUEUE          pkt=1025  node=router  queue=17/20 (85%)  state=DELTA_COMPRESSION
[  81.0070]  PACKET_ARRIVAL         pkt=1004  node=dst  hop=2
[  81.0070]  PACKET_DELIVER         pkt=1004  flow=0  latency=2005.6ms
[  81.1020]  QUEUE_DEQUEUE          pkt=1006  node=router  wait=1900.0ms  queue=16/20  state=DELTA_COMPRESSION
[  81.1020]  PACKET_TRANSMIT        pkt=1006  link=router→dst  delay=5.0ms
[  81.1070]  PACKET_ARRIVAL         pkt=1006  node=dst  hop=2
[  81.1070]  PACKET_DELIVER         pkt=1006  flow=1  latency=1907.0ms
[  81.2000]  PACKET_GENERATE        pkt=1026  flow=1  size=100B  pri=0
[  81.2000]  QUEUE_ENQUEUE          pkt=1026  node=src1  queue=1/1000 (0%)  state=NORMAL
[  81.2010]  QUEUE_DEQUEUE          pkt=1026  node=src1  wait=1.0ms  queue=0/1000  state=NORMAL
[  81.2010]  PACKET_TRANSMIT        pkt=1026  link=src1→router  delay=1.0ms
[  81.2020]  QUEUE_DEQUEUE          pkt=1007  node=router  wait=1800.0ms  queue=15/20  state=DELTA_COMPRESSION
[  81.2020]  PACKET_TRANSMIT        pkt=1007  link=router→dst  delay=5.0ms
[  81.2020]  PACKET_ARRIVAL         pkt=1026  node=router  hop=1
[  81.2020]  QUEUE_ENQUEUE          pkt=1026  node=router  queue=16/20 (80%)  state=DELTA_COMPRESSION
[  81.2070]  PACKET_ARRIVAL         pkt=1007  node=dst  hop=2
[  81.2070]  PACKET_DELIVER         pkt=1007  flow=1  latency=1807.0ms
[  81.2843]  PACKET_GENERATE        pkt=1027  flow=0  size=1500B  pri=1
[  81.2843]  QUEUE_ENQUEUE          pkt=1027  node=src0  queue=1/1000 (0%)  state=NORMAL
[  81.2853]  QUEUE_DEQUEUE          pkt=1027  node=src0  wait=1.0ms  queue=0/1000  state=NORMAL
[  81.2853]  PACKET_TRANSMIT        pkt=1027  link=src0→router  delay=1.0ms
[  81.2863]  PACKET_ARRIVAL         pkt=1027  node=router  hop=1
[  81.2863]  QUEUE_ENQUEUE          pkt=1027  node=router  queue=17/20 (85%)  state=DELTA_COMPRESSION
[  81.3020]  QUEUE_DEQUEUE          pkt=1008  node=router  wait=1892.1ms  queue=16/20  state=DELTA_COMPRESSION
[  81.3020]  PACKET_TRANSMIT        pkt=1008  link=router→dst  delay=5.0ms
[  81.3070]  PACKET_ARRIVAL         pkt=1008  node=dst  hop=2
[  81.3070]  PACKET_DELIVER         pkt=1008  flow=0  latency=1899.1ms
[  81.3882]  PACKET_GENERATE        pkt=1028  flow=0  size=1408B  pri=1
[  81.3882]  QUEUE_ENQUEUE          pkt=1028  node=src0  queue=1/1000 (0%)  state=NORMAL
[  81.3892]  QUEUE_DEQUEUE          pkt=1028  node=src0  wait=1.0ms  queue=0/1000  state=NORMAL
[  81.3892]  PACKET_TRANSMIT        pkt=1028  link=src0→router  delay=1.0ms
[  81.3902]  PACKET_ARRIVAL         pkt=1028  node=router  hop=1
[  81.3902]  QUEUE_ENQUEUE          pkt=1028  node=router  queue=17/20 (85%)  state=DELTA_COMPRESSION
[  81.4000]  PACKET_GENERATE        pkt=1029  flow=1  size=100B  pri=0
[  81.4000]  QUEUE_ENQUEUE          pkt=1029  node=src1  queue=1/1000 (0%)  state=NORMAL
[  81.4010]  QUEUE_DEQUEUE          pkt=1029  node=src1  wait=1.0ms  queue=0/1000  state=NORMAL
[  81.4010]  PACKET_TRANSMIT        pkt=1029  link=src1→router  delay=1.0ms
[  81.4020]  QUEUE_DEQUEUE          pkt=1009  node=router  wait=1979.0ms  queue=16/20  state=DELTA_COMPRESSION
[  81.4020]  PACKET_TRANSMIT        pkt=1009  link=router→dst  delay=5.0ms
[  81.4020]  PACKET_ARRIVAL         pkt=1029  node=router  hop=1
[  81.4020]  QUEUE_ENQUEUE          pkt=1029  node=router  queue=17/20 (85%)  state=DELTA_COMPRESSION
[  81.4070]  PACKET_ARRIVAL         pkt=1009  node=dst  hop=2
[  81.4070]  PACKET_DELIVER         pkt=1009  flow=0  latency=1986.0ms
[  81.5020]  QUEUE_DEQUEUE          pkt=1013  node=router  wait=1900.0ms  queue=16/20  state=DELTA_COMPRESSION
[  81.5020]  PACKET_TRANSMIT        pkt=1013  link=router→dst  delay=5.0ms
[  81.5070]  PACKET_ARRIVAL         pkt=1013  node=dst  hop=2
[  81.5070]  PACKET_DELIVER         pkt=1013  flow=1  latency=1907.0ms
[  81.6000]  PACKET_GENERATE        pkt=1030  flow=1  size=100B  pri=0
[  81.6000]  QUEUE_ENQUEUE          pkt=1030  node=src1  queue=1/1000 (0%)  state=NORMAL
[  81.6010]  QUEUE_DEQUEUE          pkt=1030  node=src1  wait=1.0ms  queue=0/1000  state=NORMAL
[  81.6010]  PACKET_TRANSMIT        pkt=1030  link=src1→router  delay=1.0ms
[  81.6020]  QUEUE_DEQUEUE          pkt=1014  node=router  wait=1800.0ms  queue=15/20  state=DELTA_COMPRESSION
[  81.6020]  PACKET_TRANSMIT        pkt=1014  link=router→dst  delay=5.0ms
[  81.6020]  PACKET_ARRIVAL         pkt=1030  node=router  hop=1
[  81.6020]  QUEUE_ENQUEUE          pkt=1030  node=router  queue=16/20 (80%)  state=DELTA_COMPRESSION
[  81.6070]  PACKET_ARRIVAL         pkt=1014  node=dst  hop=2
[  81.6070]  PACKET_DELIVER         pkt=1014  flow=1  latency=1807.0ms
[  81.6096]  PACKET_GENERATE        pkt=1031  flow=0  size=1470B  pri=1
[  81.6096]  QUEUE_ENQUEUE          pkt=1031  node=src0  queue=1/1000 (0%)  state=NORMAL
[  81.6106]  QUEUE_DEQUEUE          pkt=1031  node=src0  wait=1.0ms  queue=0/1000  state=NORMAL
[  81.6106]  PACKET_TRANSMIT        pkt=1031  link=src0→router  delay=1.0ms
[  81.6116]  PACKET_ARRIVAL         pkt=1031  node=router  hop=1
[  81.6116]  QUEUE_ENQUEUE          pkt=1031  node=router  queue=17/20 (85%)  state=DELTA_COMPRESSION
[  81.6386]  PACKET_GENERATE        pkt=1032  flow=0  size=1427B  pri=1
[  81.6386]  QUEUE_ENQUEUE          pkt=1032  node=src0  queue=1/1000 (0%)  state=NORMAL
[  81.6396]  QUEUE_DEQUEUE          pkt=1032  node=src0  wait=1.0ms  queue=0/1000  state=NORMAL
[  81.6396]  PACKET_TRANSMIT        pkt=1032  link=src0→router  delay=1.0ms
[  81.6406]  PACKET_ARRIVAL         pkt=1032  node=router  hop=1
[  81.6406]  QUEUE_ENQUEUE          pkt=1032  node=router  queue=18/20 (90%)  state=DELTA_COMPRESSION
[  81.7020]  QUEUE_DEQUEUE          pkt=1015  node=router  wait=1753.9ms  queue=17/20  state=DELTA_COMPRESSION
[  81.7020]  STATE_UPDATE           node=router  DELTA_COMPRESSION → INCREMENTAL_COMPRESSION
[  81.7020]  PACKET_TRANSMIT        pkt=1015  link=router→dst  delay=5.0ms
[  81.7070]  PACKET_ARRIVAL         pkt=1015  node=dst  hop=2
[  81.7070]  PACKET_DELIVER         pkt=1015  flow=0  latency=1760.9ms
[  81.8000]  PACKET_GENERATE        pkt=1033  flow=1  size=100B  pri=0
[  81.8000]  QUEUE_ENQUEUE          pkt=1033  node=src1  queue=1/1000 (0%)  state=NORMAL
[  81.8010]  QUEUE_DEQUEUE          pkt=1033  node=src1  wait=1.0ms  queue=0/1000  state=NORMAL
[  81.8010]  PACKET_TRANSMIT        pkt=1033  link=src1→router  delay=1.0ms
[  81.8020]  QUEUE_DEQUEUE          pkt=1016  node=router  wait=1841.9ms  queue=16/20  state=INCREMENTAL_COMPRESSION
[  81.8020]  STATE_UPDATE           node=router  INCREMENTAL_COMPRESSION → DELTA_COMPRESSION
[  81.8020]  PACKET_TRANSMIT        pkt=1016  link=router→dst  delay=5.0ms
[  81.8020]  PACKET_ARRIVAL         pkt=1033  node=router  hop=1
[  81.8020]  QUEUE_ENQUEUE          pkt=1033  node=router  queue=17/20 (85%)  state=DELTA_COMPRESSION
[  81.8070]  PACKET_ARRIVAL         pkt=1016  node=dst  hop=2
[  81.8070]  PACKET_DELIVER         pkt=1016  flow=0  latency=1848.9ms
[  81.8482]  PACKET_GENERATE        pkt=1034  flow=0  size=1429B  pri=1
[  81.8482]  QUEUE_ENQUEUE          pkt=1034  node=src0  queue=1/1000 (0%)  state=NORMAL
[  81.8492]  QUEUE_DEQUEUE          pkt=1034  node=src0  wait=1.0ms  queue=0/1000  state=NORMAL
[  81.8492]  PACKET_TRANSMIT        pkt=1034  link=src0→router  delay=1.0ms
[  81.8502]  PACKET_ARRIVAL         pkt=1034  node=router  hop=1
[  81.8502]  QUEUE_ENQUEUE          pkt=1034  node=router  queue=18/20 (90%)  state=DELTA_COMPRESSION
[  81.8980]  PACKET_GENERATE        pkt=1035  flow=0  size=1418B  pri=1
[  81.8980]  QUEUE_ENQUEUE          pkt=1035  node=src0  queue=1/1000 (0%)  state=NORMAL
[  81.8990]  QUEUE_DEQUEUE          pkt=1035  node=src0  wait=1.0ms  queue=0/1000  state=NORMAL
[  81.8990]  PACKET_TRANSMIT        pkt=1035  link=src0→router  delay=1.0ms
[  81.9000]  PACKET_ARRIVAL         pkt=1035  node=router  hop=1
[  81.9000]  QUEUE_ENQUEUE          pkt=1035  node=router  queue=19/20 (95%)  state=DELTA_COMPRESSION
[  81.9020]  QUEUE_DEQUEUE          pkt=1017  node=router  wait=1900.0ms  queue=18/20  state=DELTA_COMPRESSION
[  81.9020]  STATE_UPDATE           node=router  DELTA_COMPRESSION → INCREMENTAL_COMPRESSION
[  81.9020]  PACKET_TRANSMIT        pkt=1017  link=router→dst  delay=5.0ms
[  81.9070]  PACKET_ARRIVAL         pkt=1017  node=dst  hop=2
[  81.9070]  PACKET_DELIVER         pkt=1017  flow=1  latency=1907.0ms
[  82.0000]  PACKET_GENERATE        pkt=1036  flow=1  size=100B  pri=0
[  82.0000]  QUEUE_ENQUEUE          pkt=1036  node=src1  queue=1/1000 (0%)  state=NORMAL
[  82.0010]  QUEUE_DEQUEUE          pkt=1036  node=src1  wait=1.0ms  queue=0/1000  state=NORMAL
[  82.0010]  PACKET_TRANSMIT        pkt=1036  link=src1→router  delay=1.0ms
[  82.0020]  QUEUE_DEQUEUE          pkt=1018  node=router  wait=1913.6ms  queue=17/20  state=INCREMENTAL_COMPRESSION
[  82.0020]  PACKET_TRANSMIT        pkt=1018  link=router→dst  delay=5.0ms
[  82.0020]  PACKET_ARRIVAL         pkt=1036  node=router  hop=1
[  82.0020]  QUEUE_ENQUEUE          pkt=1036  node=router  queue=18/20 (90%)  state=INCREMENTAL_COMPRESSION
[  82.0070]  PACKET_ARRIVAL         pkt=1018  node=dst  hop=2
[  82.0070]  PACKET_DELIVER         pkt=1018  flow=0  latency=1920.6ms
[  82.0923]  PACKET_GENERATE        pkt=1037  flow=0  size=1476B  pri=1
[  82.0923]  QUEUE_ENQUEUE          pkt=1037  node=src0  queue=1/1000 (0%)  state=NORMAL
[  82.0926]  PACKET_GENERATE        pkt=1038  flow=0  size=1418B  pri=1
[  82.0926]  QUEUE_ENQUEUE          pkt=1038  node=src0  queue=2/1000 (0%)  state=NORMAL
[  82.0933]  QUEUE_DEQUEUE          pkt=1037  node=src0  wait=1.0ms  queue=1/1000  state=NORMAL
[  82.0933]  PACKET_TRANSMIT        pkt=1037  link=src0→router  delay=1.0ms
[  82.0943]  QUEUE_DEQUEUE          pkt=1038  node=src0  wait=1.6ms  queue=0/1000  state=NORMAL
[  82.0943]  PACKET_ARRIVAL         pkt=1037  node=router  hop=1
[  82.0943]  PACKET_TRANSMIT        pkt=1038  link=src0→router  delay=1.0ms
[  82.0943]  QUEUE_ENQUEUE          pkt=1037  node=router  queue=19/20 (95%)  state=INCREMENTAL_COMPRESSION
[  82.0953]  PACKET_ARRIVAL         pkt=1038  node=router  hop=1
[  82.0953]  QUEUE_ENQUEUE          pkt=1038  node=router  queue=20/20 (100%)  state=INCREMENTAL_COMPRESSION
[  82.1020]  QUEUE_DEQUEUE          pkt=1019  node=router  wait=1900.0ms  queue=19/20  state=INCREMENTAL_COMPRESSION
[  82.1020]  STATE_UPDATE           node=router  INCREMENTAL_COMPRESSION → DROP_LOW_PRIORITY
[  82.1020]  PACKET_TRANSMIT        pkt=1019  link=router→dst  delay=5.0ms
[  82.1070]  PACKET_ARRIVAL         pkt=1019  node=dst  hop=2
[  82.1070]  PACKET_DELIVER         pkt=1019  flow=1  latency=1907.0ms
[  82.2000]  PACKET_GENERATE        pkt=1039  flow=1  size=100B  pri=0
[  82.2000]  QUEUE_ENQUEUE          pkt=1039  node=src1  queue=1/1000 (0%)  state=NORMAL
[  82.2010]  QUEUE_DEQUEUE          pkt=1039  node=src1  wait=1.0ms  queue=0/1000  state=NORMAL
[  82.2010]  PACKET_TRANSMIT        pkt=1039  link=src1→router  delay=1.0ms
[  82.2020]  QUEUE_DEQUEUE          pkt=1020  node=router  wait=1800.0ms  queue=18/20  state=DROP_LOW_PRIORITY
[  82.2020]  STATE_UPDATE           node=router  DROP_LOW_PRIORITY → INCREMENTAL_COMPRESSION
[  82.2020]  PACKET_TRANSMIT        pkt=1020  link=router→dst  delay=5.0ms
[  82.2020]  PACKET_ARRIVAL         pkt=1039  node=router  hop=1
[  82.2020]  QUEUE_ENQUEUE          pkt=1039  node=router  queue=19/20 (95%)  state=INCREMENTAL_COMPRESSION
[  82.2070]  PACKET_ARRIVAL         pkt=1020  node=dst  hop=2
[  82.2070]  PACKET_DELIVER         pkt=1020  flow=1  latency=1807.0ms
[  82.3020]  QUEUE_DEQUEUE          pkt=1021  node=router  wait=1770.6ms  queue=18/20  state=INCREMENTAL_COMPRESSION
[  82.3020]  PACKET_TRANSMIT        pkt=1021  link=router→dst  delay=5.0ms
[  82.3070]  PACKET_ARRIVAL         pkt=1021  node=dst  hop=2
[  82.3070]  PACKET_DELIVER         pkt=1021  flow=0  latency=1777.6ms
[  82.4000]  PACKET_GENERATE        pkt=1040  flow=1  size=100B  pri=0
[  82.4000]  QUEUE_ENQUEUE          pkt=1040  node=src1  queue=1/1000 (0%)  state=NORMAL
[  82.4010]  QUEUE_DEQUEUE          pkt=1040  node=src1  wait=1.0ms  queue=0/1000  state=NORMAL
[  82.4010]  PACKET_TRANSMIT        pkt=1040  link=src1→router  delay=1.0ms
[  82.4020]  QUEUE_DEQUEUE          pkt=1022  node=router  wait=1800.0ms  queue=17/20  state=INCREMENTAL_COMPRESSION
[  82.4020]  PACKET_TRANSMIT        pkt=1022  link=router→dst  delay=5.0ms
[  82.4020]  PACKET_ARRIVAL         pkt=1040  node=router  hop=1
[  82.4020]  QUEUE_ENQUEUE          pkt=1040  node=router  queue=18/20 (90%)  state=INCREMENTAL_COMPRESSION
[  82.4070]  PACKET_ARRIVAL         pkt=1022  node=dst  hop=2
[  82.4070]  PACKET_DELIVER         pkt=1022  flow=1  latency=1807.0ms
[  82.5020]  QUEUE_DEQUEUE          pkt=1023  node=router  wait=1777.4ms  queue=17/20  state=INCREMENTAL_COMPRESSION
[  82.5020]  PACKET_TRANSMIT        pkt=1023  link=router→dst  delay=5.0ms
[  82.5070]  PACKET_ARRIVAL         pkt=1023  node=dst  hop=2
[  82.5070]  PACKET_DELIVER         pkt=1023  flow=0  latency=1784.4ms
[  82.6000]  PACKET_GENERATE        pkt=1041  flow=1  size=100B  pri=0
[  82.6000]  QUEUE_ENQUEUE          pkt=1041  node=src1  queue=1/1000 (0%)  state=NORMAL
[  82.6010]  QUEUE_DEQUEUE          pkt=1041  node=src1  wait=1.0ms  queue=0/1000  state=NORMAL
[  82.6010]  PACKET_TRANSMIT        pkt=1041  link=src1→router  delay=1.0ms
[  82.6020]  QUEUE_DEQUEUE          pkt=1024  node=router  wait=1800.0ms  queue=16/20  state=INCREMENTAL_COMPRESSION
[  82.6020]  STATE_UPDATE           node=router  INCREMENTAL_COMPRESSION → DELTA_COMPRESSION
[  82.6020]  PACKET_TRANSMIT        pkt=1024  link=router→dst  delay=5.0ms
[  82.6020]  PACKET_ARRIVAL         pkt=1041  node=router  hop=1
[  82.6020]  QUEUE_ENQUEUE          pkt=1041  node=router  queue=17/20 (85%)  state=DELTA_COMPRESSION
[  82.6070]  PACKET_ARRIVAL         pkt=1024  node=dst  hop=2
[  82.6070]  PACKET_DELIVER         pkt=1024  flow=1  latency=1807.0ms
[  82.6407]  PACKET_GENERATE        pkt=1042  flow=0  size=1469B  pri=1
[  82.6407]  QUEUE_ENQUEUE          pkt=1042  node=src0  queue=1/1000 (0%)  state=NORMAL
[  82.6417]  QUEUE_DEQUEUE          pkt=1042  node=src0  wait=1.0ms  queue=0/1000  state=NORMAL
[  82.6417]  PACKET_TRANSMIT        pkt=1042  link=src0→router  delay=1.0ms
[  82.6427]  PACKET_ARRIVAL         pkt=1042  node=router  hop=1
[  82.6427]  QUEUE_ENQUEUE          pkt=1042  node=router  queue=18/20 (90%)  state=DELTA_COMPRESSION
[  82.6767]  PACKET_GENERATE        pkt=1043  flow=0  size=1422B  pri=1
[  82.6767]  QUEUE_ENQUEUE          pkt=1043  node=src0  queue=1/1000 (0%)  state=NORMAL
[  82.6777]  QUEUE_DEQUEUE          pkt=1043  node=src0  wait=1.0ms  queue=0/1000  state=NORMAL
[  82.6777]  PACKET_TRANSMIT        pkt=1043  link=src0→router  delay=1.0ms
[  82.6787]  PACKET_ARRIVAL         pkt=1043  node=router  hop=1
[  82.6787]  QUEUE_ENQUEUE          pkt=1043  node=router  queue=19/20 (95%)  state=DELTA_COMPRESSION
[  82.6913]  PACKET_GENERATE        pkt=1044  flow=0  size=1403B  pri=1
[  82.6913]  QUEUE_ENQUEUE          pkt=1044  node=src0  queue=1/1000 (0%)  state=NORMAL
[  82.6923]  QUEUE_DEQUEUE          pkt=1044  node=src0  wait=1.0ms  queue=0/1000  state=NORMAL
[  82.6923]  PACKET_TRANSMIT        pkt=1044  link=src0→router  delay=1.0ms
[  82.6933]  PACKET_ARRIVAL         pkt=1044  node=router  hop=1
[  82.6933]  QUEUE_ENQUEUE          pkt=1044  node=router  queue=20/20 (100%)  state=DELTA_COMPRESSION
[  82.7020]  QUEUE_DEQUEUE          pkt=1025  node=router  wait=1700.0ms  queue=19/20  state=DELTA_COMPRESSION
[  82.7020]  STATE_UPDATE           node=router  DELTA_COMPRESSION → DROP_LOW_PRIORITY
[  82.7020]  PACKET_TRANSMIT        pkt=1025  link=router→dst  delay=5.0ms
[  82.7070]  PACKET_ARRIVAL         pkt=1025  node=dst  hop=2
[  82.7070]  PACKET_DELIVER         pkt=1025  flow=1  latency=1707.0ms
[  82.7090]  PACKET_GENERATE        pkt=1045  flow=0  size=1445B  pri=1
[  82.7090]  QUEUE_ENQUEUE          pkt=1045  node=src0  queue=1/1000 (0%)  state=NORMAL
[  82.7100]  QUEUE_DEQUEUE          pkt=1045  node=src0  wait=1.0ms  queue=0/1000  state=NORMAL
[  82.7100]  PACKET_TRANSMIT        pkt=1045  link=src0→router  delay=1.0ms
[  82.7110]  PACKET_ARRIVAL         pkt=1045  node=router  hop=1
[  82.7110]  QUEUE_DROP(congestion) pkt=1045  node=router  pri=1  state=DROP_LOW_PRIORITY
[  82.8000]  PACKET_GENERATE        pkt=1046  flow=1  size=100B  pri=0
[  82.8000]  QUEUE_ENQUEUE          pkt=1046  node=src1  queue=1/1000 (0%)  state=NORMAL
[  82.8010]  QUEUE_DEQUEUE          pkt=1046  node=src1  wait=1.0ms  queue=0/1000  state=NORMAL
[  82.8010]  PACKET_TRANSMIT        pkt=1046  link=src1→router  delay=1.0ms
[  82.8020]  QUEUE_DEQUEUE          pkt=1026  node=router  wait=1600.0ms  queue=18/20  state=DROP_LOW_PRIORITY
[  82.8020]  STATE_UPDATE           node=router  DROP_LOW_PRIORITY → INCREMENTAL_COMPRESSION
[  82.8020]  PACKET_TRANSMIT        pkt=1026  link=router→dst  delay=5.0ms
[  82.8020]  PACKET_ARRIVAL         pkt=1046  node=router  hop=1
[  82.8020]  QUEUE_ENQUEUE          pkt=1046  node=router  queue=19/20 (95%)  state=INCREMENTAL_COMPRESSION
[  82.8070]  PACKET_ARRIVAL         pkt=1026  node=dst  hop=2
[  82.8070]  PACKET_DELIVER         pkt=1026  flow=1  latency=1607.0ms
[  82.9020]  QUEUE_DEQUEUE          pkt=1027  node=router  wait=1615.7ms  queue=18/20  state=INCREMENTAL_COMPRESSION
[  82.9020]  PACKET_TRANSMIT        pkt=1027  link=router→dst  delay=5.0ms
[  82.9040]  PACKET_GENERATE        pkt=1047  flow=0  size=1430B  pri=1
[  82.9040]  QUEUE_ENQUEUE          pkt=1047  node=src0  queue=1/1000 (0%)  state=NORMAL
[  82.9050]  QUEUE_DEQUEUE          pkt=1047  node=src0  wait=1.0ms  queue=0/1000  state=NORMAL
[  82.9050]  PACKET_TRANSMIT        pkt=1047  link=src0→router  delay=1.0ms
[  82.9060]  PACKET_ARRIVAL         pkt=1047  node=router  hop=1
[  82.9060]  QUEUE_ENQUEUE          pkt=1047  node=router  queue=19/20 (95%)  state=INCREMENTAL_COMPRESSION
[  82.9070]  PACKET_ARRIVAL         pkt=1027  node=dst  hop=2
[  82.9070]  PACKET_DELIVER         pkt=1027  flow=0  latency=1622.7ms
[  83.0000]  PACKET_GENERATE        pkt=1048  flow=1  size=100B  pri=0
[  83.0000]  QUEUE_ENQUEUE          pkt=1048  node=src1  queue=1/1000 (0%)  state=NORMAL
[  83.0010]  QUEUE_DEQUEUE          pkt=1048  node=src1  wait=1.0ms  queue=0/1000  state=NORMAL
[  83.0010]  PACKET_TRANSMIT        pkt=1048  link=src1→router  delay=1.0ms
[  83.0020]  QUEUE_DEQUEUE          pkt=1028  node=router  wait=1611.8ms  queue=18/20  state=INCREMENTAL_COMPRESSION
[  83.0020]  PACKET_TRANSMIT        pkt=1028  link=router→dst  delay=5.0ms
[  83.0020]  PACKET_ARRIVAL         pkt=1048  node=router  hop=1
[  83.0020]  QUEUE_ENQUEUE          pkt=1048  node=router  queue=19/20 (95%)  state=INCREMENTAL_COMPRESSION
[  83.0070]  PACKET_ARRIVAL         pkt=1028  node=dst  hop=2
[  83.0070]  PACKET_DELIVER         pkt=1028  flow=0  latency=1618.8ms
[  83.0151]  PACKET_GENERATE        pkt=1049  flow=0  size=1402B  pri=1
[  83.0151]  QUEUE_ENQUEUE          pkt=1049  node=src0  queue=1/1000 (0%)  state=NORMAL
[  83.0161]  QUEUE_DEQUEUE          pkt=1049  node=src0  wait=1.0ms  queue=0/1000  state=NORMAL
[  83.0161]  PACKET_TRANSMIT        pkt=1049  link=src0→router  delay=1.0ms
[  83.0171]  PACKET_ARRIVAL         pkt=1049  node=router  hop=1
[  83.0171]  QUEUE_ENQUEUE          pkt=1049  node=router  queue=20/20 (100%)  state=INCREMENTAL_COMPRESSION
[  83.0391]  PACKET_GENERATE        pkt=1050  flow=0  size=1406B  pri=1
[  83.0391]  QUEUE_ENQUEUE          pkt=1050  node=src0  queue=1/1000 (0%)  state=NORMAL
[  83.0401]  QUEUE_DEQUEUE          pkt=1050  node=src0  wait=1.0ms  queue=0/1000  state=NORMAL
[  83.0401]  PACKET_TRANSMIT        pkt=1050  link=src0→router  delay=1.0ms
[  83.0411]  PACKET_ARRIVAL         pkt=1050  node=router  hop=1
[  83.0411]  QUEUE_DROP(full)       pkt=1050  node=router  pri=1  queue=20/20 FULL
[  83.0560]  PACKET_GENERATE        pkt=1051  flow=0  size=1453B  pri=1
[  83.0560]  QUEUE_ENQUEUE          pkt=1051  node=src0  queue=1/1000 (0%)  state=NORMAL
[  83.0570]  QUEUE_DEQUEUE          pkt=1051  node=src0  wait=1.0ms  queue=0/1000  state=NORMAL
[  83.0570]  PACKET_TRANSMIT        pkt=1051  link=src0→router  delay=1.0ms
[  83.0580]  PACKET_ARRIVAL         pkt=1051  node=router  hop=1
[  83.0580]  QUEUE_DROP(full)       pkt=1051  node=router  pri=1  queue=20/20 FULL
[  83.1020]  QUEUE_DEQUEUE          pkt=1029  node=router  wait=1700.0ms  queue=19/20  state=INCREMENTAL_COMPRESSION
[  83.1020]  STATE_UPDATE           node=router  INCREMENTAL_COMPRESSION → DROP_LOW_PRIORITY
[  83.1020]  PACKET_TRANSMIT        pkt=1029  link=router→dst  delay=5.0ms
[  83.1070]  PACKET_ARRIVAL         pkt=1029  node=dst  hop=2
[  83.1070]  PACKET_DELIVER         pkt=1029  flow=1  latency=1707.0ms
[  83.1494]  PACKET_GENERATE        pkt=1052  flow=0  size=1495B  pri=1
[  83.1494]  QUEUE_ENQUEUE          pkt=1052  node=src0  queue=1/1000 (0%)  state=NORMAL
[  83.1504]  QUEUE_DEQUEUE          pkt=1052  node=src0  wait=1.0ms  queue=0/1000  state=NORMAL
[  83.1504]  PACKET_TRANSMIT        pkt=1052  link=src0→router  delay=1.0ms
[  83.1514]  PACKET_ARRIVAL         pkt=1052  node=router  hop=1
[  83.1514]  QUEUE_DROP(congestion) pkt=1052  node=router  pri=1  state=DROP_LOW_PRIORITY
[  83.1576]  PACKET_GENERATE        pkt=1053  flow=0  size=1457B  pri=1
[  83.1576]  QUEUE_ENQUEUE          pkt=1053  node=src0  queue=1/1000 (0%)  state=NORMAL
[  83.1586]  QUEUE_DEQUEUE          pkt=1053  node=src0  wait=1.0ms  queue=0/1000  state=NORMAL
[  83.1586]  PACKET_TRANSMIT        pkt=1053  link=src0→router  delay=1.0ms
[  83.1596]  PACKET_ARRIVAL         pkt=1053  node=router  hop=1
[  83.1596]  QUEUE_DROP(congestion) pkt=1053  node=router  pri=1  state=DROP_LOW_PRIORITY
[  83.2000]  PACKET_GENERATE        pkt=1054  flow=1  size=100B  pri=0
[  83.2000]  QUEUE_ENQUEUE          pkt=1054  node=src1  queue=1/1000 (0%)  state=NORMAL
[  83.2010]  QUEUE_DEQUEUE          pkt=1054  node=src1  wait=1.0ms  queue=0/1000  state=NORMAL
[  83.2010]  PACKET_TRANSMIT        pkt=1054  link=src1→router  delay=1.0ms
[  83.2020]  QUEUE_DEQUEUE          pkt=1030  node=router  wait=1600.0ms  queue=18/20  state=DROP_LOW_PRIORITY
[  83.2020]  STATE_UPDATE           node=router  DROP_LOW_PRIORITY → INCREMENTAL_COMPRESSION
[  83.2020]  PACKET_TRANSMIT        pkt=1030  link=router→dst  delay=5.0ms
[  83.2020]  PACKET_ARRIVAL         pkt=1054  node=router  hop=1
[  83.2020]  QUEUE_ENQUEUE          pkt=1054  node=router  queue=19/20 (95%)  state=INCREMENTAL_COMPRESSION
[  83.2070]  PACKET_ARRIVAL         pkt=1030  node=dst  hop=2
[  83.2070]  PACKET_DELIVER         pkt=1030  flow=1  latency=1607.0ms
[  83.3020]  QUEUE_DEQUEUE          pkt=1031  node=router  wait=1690.4ms  queue=18/20  state=INCREMENTAL_COMPRESSION
[  83.3020]  PACKET_TRANSMIT        pkt=1031  link=router→dst  delay=5.0ms
[  83.3070]  PACKET_ARRIVAL         pkt=1031  node=dst  hop=2
[  83.3070]  PACKET_DELIVER         pkt=1031  flow=0  latency=1697.4ms
[  83.3457]  PACKET_GENERATE        pkt=1055  flow=0  size=1465B  pri=1
[  83.3457]  QUEUE_ENQUEUE          pkt=1055  node=src0  queue=1/1000 (0%)  state=NORMAL
[  83.3467]  QUEUE_DEQUEUE          pkt=1055  node=src0  wait=1.0ms  queue=0/1000  state=NORMAL
[  83.3467]  PACKET_TRANSMIT        pkt=1055  link=src0→router  delay=1.0ms
[  83.3477]  PACKET_ARRIVAL         pkt=1055  node=router  hop=1
[  83.3477]  QUEUE_ENQUEUE          pkt=1055  node=router  queue=19/20 (95%)  state=INCREMENTAL_COMPRESSION
[  83.4000]  PACKET_GENERATE        pkt=1056  flow=1  size=100B  pri=0
[  83.4000]  QUEUE_ENQUEUE          pkt=1056  node=src1  queue=1/1000 (0%)  state=NORMAL
[  83.4010]  QUEUE_DEQUEUE          pkt=1056  node=src1  wait=1.0ms  queue=0/1000  state=NORMAL
[  83.4010]  PACKET_TRANSMIT        pkt=1056  link=src1→router  delay=1.0ms
[  83.4020]  QUEUE_DEQUEUE          pkt=1032  node=router  wait=1761.4ms  queue=18/20  state=INCREMENTAL_COMPRESSION
[  83.4020]  PACKET_TRANSMIT        pkt=1032  link=router→dst  delay=5.0ms
[  83.4020]  PACKET_ARRIVAL         pkt=1056  node=router  hop=1
[  83.4020]  QUEUE_ENQUEUE          pkt=1056  node=router  queue=19/20 (95%)  state=INCREMENTAL_COMPRESSION
[  83.4070]  PACKET_ARRIVAL         pkt=1032  node=dst  hop=2
[  83.4070]  PACKET_DELIVER         pkt=1032  flow=0  latency=1768.4ms
[  83.4583]  PACKET_GENERATE        pkt=1057  flow=0  size=1457B  pri=1
[  83.4583]  QUEUE_ENQUEUE          pkt=1057  node=src0  queue=1/1000 (0%)  state=NORMAL
[  83.4593]  QUEUE_DEQUEUE          pkt=1057  node=src0  wait=1.0ms  queue=0/1000  state=NORMAL
[  83.4593]  PACKET_TRANSMIT        pkt=1057  link=src0→router  delay=1.0ms
[  83.4603]  PACKET_ARRIVAL         pkt=1057  node=router  hop=1
[  83.4603]  QUEUE_ENQUEUE          pkt=1057  node=router  queue=20/20 (100%)  state=INCREMENTAL_COMPRESSION
[  83.5020]  QUEUE_DEQUEUE          pkt=1033  node=router  wait=1700.0ms  queue=19/20  state=INCREMENTAL_COMPRESSION
[  83.5020]  STATE_UPDATE           node=router  INCREMENTAL_COMPRESSION → DROP_LOW_PRIORITY
[  83.5020]  PACKET_TRANSMIT        pkt=1033  link=router→dst  delay=5.0ms
[  83.5070]  PACKET_ARRIVAL         pkt=1033  node=dst  hop=2
[  83.5070]  PACKET_DELIVER         pkt=1033  flow=1  latency=1707.0ms
[  83.5459]  PACKET_GENERATE        pkt=1058  flow=0  size=1478B  pri=1
[  83.5459]  QUEUE_ENQUEUE          pkt=1058  node=src0  queue=1/1000 (0%)  state=NORMAL
[  83.5469]  QUEUE_DEQUEUE          pkt=1058  node=src0  wait=1.0ms  queue=0/1000  state=NORMAL
[  83.5469]  PACKET_TRANSMIT        pkt=1058  link=src0→router  delay=1.0ms
[  83.5479]  PACKET_ARRIVAL         pkt=1058  node=router  hop=1
[  83.5479]  QUEUE_DROP(congestion) pkt=1058  node=router  pri=1  state=DROP_LOW_PRIORITY
[  83.5514]  PACKET_GENERATE        pkt=1059  flow=0  size=1500B  pri=1
[  83.5514]  QUEUE_ENQUEUE          pkt=1059  node=src0  queue=1/1000 (0%)  state=NORMAL
[  83.5524]  QUEUE_DEQUEUE          pkt=1059  node=src0  wait=1.0ms  queue=0/1000  state=NORMAL
[  83.5524]  PACKET_TRANSMIT        pkt=1059  link=src0→router  delay=1.0ms
[  83.5534]  PACKET_ARRIVAL         pkt=1059  node=router  hop=1
[  83.5534]  QUEUE_DROP(congestion) pkt=1059  node=router  pri=1  state=DROP_LOW_PRIORITY
[  83.6000]  PACKET_GENERATE        pkt=1060  flow=1  size=100B  pri=0
[  83.6000]  QUEUE_ENQUEUE          pkt=1060  node=src1  queue=1/1000 (0%)  state=NORMAL
[  83.6010]  QUEUE_DEQUEUE          pkt=1060  node=src1  wait=1.0ms  queue=0/1000  state=NORMAL
[  83.6010]  PACKET_TRANSMIT        pkt=1060  link=src1→router  delay=1.0ms
[  83.6020]  QUEUE_DEQUEUE          pkt=1034  node=router  wait=1751.8ms  queue=18/20  state=DROP_LOW_PRIORITY
[  83.6020]  STATE_UPDATE           node=router  DROP_LOW_PRIORITY → INCREMENTAL_COMPRESSION
[  83.6020]  PACKET_TRANSMIT        pkt=1034  link=router→dst  delay=5.0ms
[  83.6020]  PACKET_ARRIVAL         pkt=1060  node=router  hop=1
[  83.6020]  QUEUE_ENQUEUE          pkt=1060  node=router  queue=19/20 (95%)  state=INCREMENTAL_COMPRESSION
[  83.6070]  PACKET_ARRIVAL         pkt=1034  node=dst  hop=2
[  83.6070]  PACKET_DELIVER         pkt=1034  flow=0  latency=1758.8ms
[  83.7020]  QUEUE_DEQUEUE          pkt=1035  node=router  wait=1802.0ms  queue=18/20  state=INCREMENTAL_COMPRESSION
[  83.7020]  PACKET_TRANSMIT        pkt=1035  link=router→dst  delay=5.0ms
[  83.7070]  PACKET_ARRIVAL         pkt=1035  node=dst  hop=2
[  83.7070]  PACKET_DELIVER         pkt=1035  flow=0  latency=1809.0ms
[  83.8000]  PACKET_GENERATE        pkt=1061  flow=1  size=100B  pri=0
[  83.8000]  QUEUE_ENQUEUE          pkt=1061  node=src1  queue=1/1000 (0%)  state=NORMAL
[  83.8010]  QUEUE_DEQUEUE          pkt=1061  node=src1  wait=1.0ms  queue=0/1000  state=NORMAL
[  83.8010]  PACKET_TRANSMIT        pkt=1061  link=src1→router  delay=1.0ms
[  83.8020]  QUEUE_DEQUEUE          pkt=1036  node=router  wait=1800.0ms  queue=17/20  state=INCREMENTAL_COMPRESSION
[  83.8020]  PACKET_TRANSMIT        pkt=1036  link=router→dst  delay=5.0ms
[  83.8020]  PACKET_ARRIVAL         pkt=1061  node=router  hop=1
[  83.8020]  QUEUE_ENQUEUE          pkt=1061  node=router  queue=18/20 (90%)  state=INCREMENTAL_COMPRESSION
[  83.8070]  PACKET_ARRIVAL         pkt=1036  node=dst  hop=2
[  83.8070]  PACKET_DELIVER         pkt=1036  flow=1  latency=1807.0ms
[  83.8507]  PACKET_GENERATE        pkt=1062  flow=0  size=1484B  pri=1
[  83.8507]  QUEUE_ENQUEUE          pkt=1062  node=src0  queue=1/1000 (0%)  state=NORMAL
[  83.8517]  QUEUE_DEQUEUE          pkt=1062  node=src0  wait=1.0ms  queue=0/1000  state=NORMAL
[  83.8517]  PACKET_TRANSMIT        pkt=1062  link=src0→router  delay=1.0ms
[  83.8527]  PACKET_ARRIVAL         pkt=1062  node=router  hop=1
[  83.8527]  QUEUE_ENQUEUE          pkt=1062  node=router  queue=19/20 (95%)  state=INCREMENTAL_COMPRESSION
[  83.9020]  QUEUE_DEQUEUE          pkt=1037  node=router  wait=1807.7ms  queue=18/20  state=INCREMENTAL_COMPRESSION
[  83.9020]  PACKET_TRANSMIT        pkt=1037  link=router→dst  delay=5.0ms
[  83.9070]  PACKET_ARRIVAL         pkt=1037  node=dst  hop=2
[  83.9070]  PACKET_DELIVER         pkt=1037  flow=0  latency=1814.7ms
[  83.9428]  PACKET_GENERATE        pkt=1063  flow=0  size=1458B  pri=1
[  83.9428]  QUEUE_ENQUEUE          pkt=1063  node=src0  queue=1/1000 (0%)  state=NORMAL
[  83.9438]  QUEUE_DEQUEUE          pkt=1063  node=src0  wait=1.0ms  queue=0/1000  state=NORMAL
[  83.9438]  PACKET_TRANSMIT        pkt=1063  link=src0→router  delay=1.0ms
[  83.9448]  PACKET_ARRIVAL         pkt=1063  node=router  hop=1
[  83.9448]  QUEUE_ENQUEUE          pkt=1063  node=router  queue=19/20 (95%)  state=INCREMENTAL_COMPRESSION
[  84.0000]  PACKET_GENERATE        pkt=1064  flow=1  size=100B  pri=0
[  84.0000]  QUEUE_ENQUEUE          pkt=1064  node=src1  queue=1/1000 (0%)  state=NORMAL
[  84.0010]  QUEUE_DEQUEUE          pkt=1064  node=src1  wait=1.0ms  queue=0/1000  state=NORMAL
[  84.0010]  PACKET_TRANSMIT        pkt=1064  link=src1→router  delay=1.0ms
[  84.0020]  QUEUE_DEQUEUE          pkt=1038  node=router  wait=1906.7ms  queue=18/20  state=INCREMENTAL_COMPRESSION
[  84.0020]  PACKET_TRANSMIT        pkt=1038  link=router→dst  delay=5.0ms
[  84.0020]  PACKET_ARRIVAL         pkt=1064  node=router  hop=1
[  84.0020]  QUEUE_ENQUEUE          pkt=1064  node=router  queue=19/20 (95%)  state=INCREMENTAL_COMPRESSION
[  84.0070]  PACKET_ARRIVAL         pkt=1038  node=dst  hop=2
[  84.0070]  PACKET_DELIVER         pkt=1038  flow=0  latency=1914.4ms
[  84.0717]  PACKET_GENERATE        pkt=1065  flow=0  size=1403B  pri=1
[  84.0717]  QUEUE_ENQUEUE          pkt=1065  node=src0  queue=1/1000 (0%)  state=NORMAL
[  84.0727]  QUEUE_DEQUEUE          pkt=1065  node=src0  wait=1.0ms  queue=0/1000  state=NORMAL
[  84.0727]  PACKET_TRANSMIT        pkt=1065  link=src0→router  delay=1.0ms
[  84.0737]  PACKET_ARRIVAL         pkt=1065  node=router  hop=1
[  84.0737]  QUEUE_ENQUEUE          pkt=1065  node=router  queue=20/20 (100%)  state=INCREMENTAL_COMPRESSION
[  84.0795]  PACKET_GENERATE        pkt=1066  flow=0  size=1461B  pri=1
[  84.0795]  QUEUE_ENQUEUE          pkt=1066  node=src0  queue=1/1000 (0%)  state=NORMAL
[  84.0805]  QUEUE_DEQUEUE          pkt=1066  node=src0  wait=1.0ms  queue=0/1000  state=NORMAL
[  84.0805]  PACKET_TRANSMIT        pkt=1066  link=src0→router  delay=1.0ms
[  84.0815]  PACKET_ARRIVAL         pkt=1066  node=router  hop=1
[  84.0815]  QUEUE_DROP(full)       pkt=1066  node=router  pri=1  queue=20/20 FULL
[  84.1020]  QUEUE_DEQUEUE          pkt=1039  node=router  wait=1900.0ms  queue=19/20  state=INCREMENTAL_COMPRESSION
[  84.1020]  STATE_UPDATE           node=router  INCREMENTAL_COMPRESSION → DROP_LOW_PRIORITY
[  84.1020]  PACKET_TRANSMIT        pkt=1039  link=router→dst  delay=5.0ms
[  84.1070]  PACKET_ARRIVAL         pkt=1039  node=dst  hop=2
[  84.1070]  PACKET_DELIVER         pkt=1039  flow=1  latency=1907.0ms
[  84.2000]  PACKET_GENERATE        pkt=1067  flow=1  size=100B  pri=0
[  84.2000]  QUEUE_ENQUEUE          pkt=1067  node=src1  queue=1/1000 (0%)  state=NORMAL
[  84.2010]  QUEUE_DEQUEUE          pkt=1067  node=src1  wait=1.0ms  queue=0/1000  state=NORMAL
[  84.2010]  PACKET_TRANSMIT        pkt=1067  link=src1→router  delay=1.0ms
[  84.2020]  QUEUE_DEQUEUE          pkt=1040  node=router  wait=1800.0ms  queue=18/20  state=DROP_LOW_PRIORITY
[  84.2020]  STATE_UPDATE           node=router  DROP_LOW_PRIORITY → INCREMENTAL_COMPRESSION
[  84.2020]  PACKET_TRANSMIT        pkt=1040  link=router→dst  delay=5.0ms
[  84.2020]  PACKET_ARRIVAL         pkt=1067  node=router  hop=1
[  84.2020]  QUEUE_ENQUEUE          pkt=1067  node=router  queue=19/20 (95%)  state=INCREMENTAL_COMPRESSION
[  84.2070]  PACKET_ARRIVAL         pkt=1040  node=dst  hop=2
[  84.2070]  PACKET_DELIVER         pkt=1040  flow=1  latency=1807.0ms
[  84.3020]  QUEUE_DEQUEUE          pkt=1041  node=router  wait=1700.0ms  queue=18/20  state=INCREMENTAL_COMPRESSION
[  84.3020]  PACKET_TRANSMIT        pkt=1041  link=router→dst  delay=5.0ms
[  84.3070]  PACKET_ARRIVAL         pkt=1041  node=dst  hop=2
[  84.3070]  PACKET_DELIVER         pkt=1041  flow=1  latency=1707.0ms
[  84.3144]  PACKET_GENERATE        pkt=1068  flow=0  size=1454B  pri=1
[  84.3144]  QUEUE_ENQUEUE          pkt=1068  node=src0  queue=1/1000 (0%)  state=NORMAL
[  84.3154]  QUEUE_DEQUEUE          pkt=1068  node=src0  wait=1.0ms  queue=0/1000  state=NORMAL
[  84.3154]  PACKET_TRANSMIT        pkt=1068  link=src0→router  delay=1.0ms
[  84.3164]  PACKET_ARRIVAL         pkt=1068  node=router  hop=1
[  84.3164]  QUEUE_ENQUEUE          pkt=1068  node=router  queue=19/20 (95%)  state=INCREMENTAL_COMPRESSION
[  84.4000]  PACKET_GENERATE        pkt=1069  flow=1  size=100B  pri=0
[  84.4000]  QUEUE_ENQUEUE          pkt=1069  node=src1  queue=1/1000 (0%)  state=NORMAL
[  84.4010]  QUEUE_DEQUEUE          pkt=1069  node=src1  wait=1.0ms  queue=0/1000  state=NORMAL
[  84.4010]  PACKET_TRANSMIT        pkt=1069  link=src1→router  delay=1.0ms
[  84.4020]  QUEUE_DEQUEUE          pkt=1042  node=router  wait=1759.3ms  queue=18/20  state=INCREMENTAL_COMPRESSION
[  84.4020]  PACKET_TRANSMIT        pkt=1042  link=router→dst  delay=5.0ms
[  84.4020]  PACKET_ARRIVAL         pkt=1069  node=router  hop=1
[  84.4020]  QUEUE_ENQUEUE          pkt=1069  node=router  queue=19/20 (95%)  state=INCREMENTAL_COMPRESSION
[  84.4070]  PACKET_ARRIVAL         pkt=1042  node=dst  hop=2
[  84.4070]  PACKET_DELIVER         pkt=1042  flow=0  latency=1766.3ms
[  84.4593]  PACKET_GENERATE        pkt=1070  flow=0  size=1462B  pri=1
[  84.4593]  QUEUE_ENQUEUE          pkt=1070  node=src0  queue=1/1000 (0%)  state=NORMAL
[  84.4603]  QUEUE_DEQUEUE          pkt=1070  node=src0  wait=1.0ms  queue=0/1000  state=NORMAL
[  84.4603]  PACKET_TRANSMIT        pkt=1070  link=src0→router  delay=1.0ms
[  84.4613]  PACKET_ARRIVAL         pkt=1070  node=router  hop=1
[  84.4613]  QUEUE_ENQUEUE          pkt=1070  node=router  queue=20/20 (100%)  state=INCREMENTAL_COMPRESSION
[  84.5020]  QUEUE_DEQUEUE          pkt=1043  node=router  wait=1823.3ms  queue=19/20  state=INCREMENTAL_COMPRESSION
[  84.5020]  STATE_UPDATE           node=router  INCREMENTAL_COMPRESSION → DROP_LOW_PRIORITY
[  84.5020]  PACKET_TRANSMIT        pkt=1043  link=router→dst  delay=5.0ms
[  84.5070]  PACKET_ARRIVAL         pkt=1043  node=dst  hop=2
[  84.5070]  PACKET_DELIVER         pkt=1043  flow=0  latency=1830.3ms
[  84.6000]  PACKET_GENERATE        pkt=1071  flow=1  size=100B  pri=0
[  84.6000]  QUEUE_ENQUEUE          pkt=1071  node=src1  queue=1/1000 (0%)  state=NORMAL
[  84.6010]  QUEUE_DEQUEUE          pkt=1071  node=src1  wait=1.0ms  queue=0/1000  state=NORMAL
[  84.6010]  PACKET_TRANSMIT        pkt=1071  link=src1→router  delay=1.0ms
[  84.6020]  QUEUE_DEQUEUE          pkt=1044  node=router  wait=1908.7ms  queue=18/20  state=DROP_LOW_PRIORITY
[  84.6020]  STATE_UPDATE           node=router  DROP_LOW_PRIORITY → INCREMENTAL_COMPRESSION
[  84.6020]  PACKET_TRANSMIT        pkt=1044  link=router→dst  delay=5.0ms
[  84.6020]  PACKET_ARRIVAL         pkt=1071  node=router  hop=1
[  84.6020]  QUEUE_ENQUEUE          pkt=1071  node=router  queue=19/20 (95%)  state=INCREMENTAL_COMPRESSION
[  84.6070]  PACKET_ARRIVAL         pkt=1044  node=dst  hop=2
[  84.6070]  PACKET_DELIVER         pkt=1044  flow=0  latency=1915.7ms
[  84.6151]  PACKET_GENERATE        pkt=1072  flow=0  size=1456B  pri=1
[  84.6151]  QUEUE_ENQUEUE          pkt=1072  node=src0  queue=1/1000 (0%)  state=NORMAL
[  84.6161]  QUEUE_DEQUEUE          pkt=1072  node=src0  wait=1.0ms  queue=0/1000  state=NORMAL
[  84.6161]  PACKET_TRANSMIT        pkt=1072  link=src0→router  delay=1.0ms
[  84.6171]  PACKET_ARRIVAL         pkt=1072  node=router  hop=1
[  84.6171]  QUEUE_ENQUEUE          pkt=1072  node=router  queue=20/20 (100%)  state=INCREMENTAL_COMPRESSION
[  84.6246]  PACKET_GENERATE        pkt=1073  flow=0  size=1410B  pri=1
[  84.6246]  QUEUE_ENQUEUE          pkt=1073  node=src0  queue=1/1000 (0%)  state=NORMAL
[  84.6256]  QUEUE_DEQUEUE          pkt=1073  node=src0  wait=1.0ms  queue=0/1000  state=NORMAL
[  84.6256]  PACKET_TRANSMIT        pkt=1073  link=src0→router  delay=1.0ms
[  84.6266]  PACKET_ARRIVAL         pkt=1073  node=router  hop=1
[  84.6266]  QUEUE_DROP(full)       pkt=1073  node=router  pri=1  queue=20/20 FULL
[  84.6732]  PACKET_GENERATE        pkt=1074  flow=0  size=1418B  pri=1
[  84.6732]  QUEUE_ENQUEUE          pkt=1074  node=src0  queue=1/1000 (0%)  state=NORMAL
[  84.6742]  QUEUE_DEQUEUE          pkt=1074  node=src0  wait=1.0ms  queue=0/1000  state=NORMAL
[  84.6742]  PACKET_TRANSMIT        pkt=1074  link=src0→router  delay=1.0ms
[  84.6752]  PACKET_ARRIVAL         pkt=1074  node=router  hop=1
[  84.6752]  QUEUE_DROP(full)       pkt=1074  node=router  pri=1  queue=20/20 FULL
[  84.6817]  PACKET_GENERATE        pkt=1075  flow=0  size=1435B  pri=1
[  84.6817]  QUEUE_ENQUEUE          pkt=1075  node=src0  queue=1/1000 (0%)  state=NORMAL
[  84.6827]  QUEUE_DEQUEUE          pkt=1075  node=src0  wait=1.0ms  queue=0/1000  state=NORMAL
[  84.6827]  PACKET_TRANSMIT        pkt=1075  link=src0→router  delay=1.0ms
[  84.6837]  PACKET_ARRIVAL         pkt=1075  node=router  hop=1
[  84.6837]  QUEUE_DROP(full)       pkt=1075  node=router  pri=1  queue=20/20 FULL
[  84.7020]  QUEUE_DEQUEUE          pkt=1046  node=router  wait=1900.0ms  queue=19/20  state=INCREMENTAL_COMPRESSION
[  84.7020]  STATE_UPDATE           node=router  INCREMENTAL_COMPRESSION → DROP_LOW_PRIORITY
[  84.7020]  PACKET_TRANSMIT        pkt=1046  link=router→dst  delay=5.0ms
[  84.7070]  PACKET_ARRIVAL         pkt=1046  node=dst  hop=2
[  84.7070]  PACKET_DELIVER         pkt=1046  flow=1  latency=1907.0ms
[  84.8000]  PACKET_GENERATE        pkt=1076  flow=1  size=100B  pri=0
[  84.8000]  QUEUE_ENQUEUE          pkt=1076  node=src1  queue=1/1000 (0%)  state=NORMAL
[  84.8010]  QUEUE_DEQUEUE          pkt=1076  node=src1  wait=1.0ms  queue=0/1000  state=NORMAL
[  84.8010]  PACKET_TRANSMIT        pkt=1076  link=src1→router  delay=1.0ms
[  84.8020]  QUEUE_DEQUEUE          pkt=1047  node=router  wait=1896.0ms  queue=18/20  state=DROP_LOW_PRIORITY
[  84.8020]  STATE_UPDATE           node=router  DROP_LOW_PRIORITY → INCREMENTAL_COMPRESSION
[  84.8020]  PACKET_TRANSMIT        pkt=1047  link=router→dst  delay=5.0ms
[  84.8020]  PACKET_ARRIVAL         pkt=1076  node=router  hop=1
[  84.8020]  QUEUE_ENQUEUE          pkt=1076  node=router  queue=19/20 (95%)  state=INCREMENTAL_COMPRESSION
[  84.8041]  PACKET_GENERATE        pkt=1077  flow=0  size=1474B  pri=1
[  84.8041]  QUEUE_ENQUEUE          pkt=1077  node=src0  queue=1/1000 (0%)  state=NORMAL
[  84.8051]  QUEUE_DEQUEUE          pkt=1077  node=src0  wait=1.0ms  queue=0/1000  state=NORMAL
[  84.8051]  PACKET_TRANSMIT        pkt=1077  link=src0→router  delay=1.0ms
[  84.8061]  PACKET_ARRIVAL         pkt=1077  node=router  hop=1
[  84.8061]  QUEUE_ENQUEUE          pkt=1077  node=router  queue=20/20 (100%)  state=INCREMENTAL_COMPRESSION
[  84.8070]  PACKET_ARRIVAL         pkt=1047  node=dst  hop=2
[  84.8070]  PACKET_DELIVER         pkt=1047  flow=0  latency=1903.0ms
[  84.9020]  QUEUE_DEQUEUE          pkt=1048  node=router  wait=1900.0ms  queue=19/20  state=INCREMENTAL_COMPRESSION
[  84.9020]  STATE_UPDATE           node=router  INCREMENTAL_COMPRESSION → DROP_LOW_PRIORITY
[  84.9020]  PACKET_TRANSMIT        pkt=1048  link=router→dst  delay=5.0ms
[  84.9034]  PACKET_GENERATE        pkt=1078  flow=0  size=1441B  pri=1
[  84.9034]  QUEUE_ENQUEUE          pkt=1078  node=src0  queue=1/1000 (0%)  state=NORMAL
[  84.9044]  QUEUE_DEQUEUE          pkt=1078  node=src0  wait=1.0ms  queue=0/1000  state=NORMAL
[  84.9044]  PACKET_TRANSMIT        pkt=1078  link=src0→router  delay=1.0ms
[  84.9054]  PACKET_ARRIVAL         pkt=1078  node=router  hop=1
[  84.9054]  QUEUE_DROP(congestion) pkt=1078  node=router  pri=1  state=DROP_LOW_PRIORITY
[  84.9070]  PACKET_ARRIVAL         pkt=1048  node=dst  hop=2
[  84.9070]  PACKET_DELIVER         pkt=1048  flow=1  latency=1907.0ms
[  84.9634]  PACKET_GENERATE        pkt=1079  flow=0  size=1476B  pri=1
[  84.9634]  QUEUE_ENQUEUE          pkt=1079  node=src0  queue=1/1000 (0%)  state=NORMAL
[  84.9644]  QUEUE_DEQUEUE          pkt=1079  node=src0  wait=1.0ms  queue=0/1000  state=NORMAL
[  84.9644]  PACKET_TRANSMIT        pkt=1079  link=src0→router  delay=1.0ms
[  84.9654]  PACKET_ARRIVAL         pkt=1079  node=router  hop=1
[  84.9654]  QUEUE_DROP(congestion) pkt=1079  node=router  pri=1  state=DROP_LOW_PRIORITY
[  85.0000]  PACKET_GENERATE        pkt=1080  flow=1  size=100B  pri=0
[  85.0000]  QUEUE_ENQUEUE          pkt=1080  node=src1  queue=1/1000 (0%)  state=NORMAL
[  85.0010]  QUEUE_DEQUEUE          pkt=1080  node=src1  wait=1.0ms  queue=0/1000  state=NORMAL
[  85.0010]  PACKET_TRANSMIT        pkt=1080  link=src1→router  delay=1.0ms
[  85.0020]  QUEUE_DEQUEUE          pkt=1049  node=router  wait=1984.9ms  queue=18/20  state=DROP_LOW_PRIORITY
[  85.0020]  STATE_UPDATE           node=router  DROP_LOW_PRIORITY → INCREMENTAL_COMPRESSION
[  85.0020]  PACKET_TRANSMIT        pkt=1049  link=router→dst  delay=5.0ms
[  85.0020]  PACKET_ARRIVAL         pkt=1080  node=router  hop=1
[  85.0020]  QUEUE_ENQUEUE          pkt=1080  node=router  queue=19/20 (95%)  state=INCREMENTAL_COMPRESSION
[  85.0070]  PACKET_ARRIVAL         pkt=1049  node=dst  hop=2
[  85.0070]  PACKET_DELIVER         pkt=1049  flow=0  latency=1991.9ms
[  85.0579]  PACKET_GENERATE        pkt=1081  flow=0  size=1458B  pri=1
[  85.0579]  QUEUE_ENQUEUE          pkt=1081  node=src0  queue=1/1000 (0%)  state=NORMAL
[  85.0589]  QUEUE_DEQUEUE          pkt=1081  node=src0  wait=1.0ms  queue=0/1000  state=NORMAL
[  85.0589]  PACKET_TRANSMIT        pkt=1081  link=src0→router  delay=1.0ms
[  85.0599]  PACKET_ARRIVAL         pkt=1081  node=router  hop=1
[  85.0599]  QUEUE_ENQUEUE          pkt=1081  node=router  queue=20/20 (100%)  state=INCREMENTAL_COMPRESSION
[  85.1020]  QUEUE_DEQUEUE          pkt=1054  node=router  wait=1900.0ms  queue=19/20  state=INCREMENTAL_COMPRESSION
[  85.1020]  STATE_UPDATE           node=router  INCREMENTAL_COMPRESSION → DROP_LOW_PRIORITY
[  85.1020]  PACKET_TRANSMIT        pkt=1054  link=router→dst  delay=5.0ms
[  85.1070]  PACKET_ARRIVAL         pkt=1054  node=dst  hop=2
[  85.1070]  PACKET_DELIVER         pkt=1054  flow=1  latency=1907.0ms
[  85.1459]  PACKET_GENERATE        pkt=1082  flow=0  size=1455B  pri=1
[  85.1459]  QUEUE_ENQUEUE          pkt=1082  node=src0  queue=1/1000 (0%)  state=NORMAL
[  85.1469]  QUEUE_DEQUEUE          pkt=1082  node=src0  wait=1.0ms  queue=0/1000  state=NORMAL
[  85.1469]  PACKET_TRANSMIT        pkt=1082  link=src0→router  delay=1.0ms
[  85.1479]  PACKET_ARRIVAL         pkt=1082  node=router  hop=1
[  85.1479]  QUEUE_DROP(congestion) pkt=1082  node=router  pri=1  state=DROP_LOW_PRIORITY
[  85.1590]  PACKET_GENERATE        pkt=1083  flow=0  size=1489B  pri=1
[  85.1590]  QUEUE_ENQUEUE          pkt=1083  node=src0  queue=1/1000 (0%)  state=NORMAL
[  85.1600]  QUEUE_DEQUEUE          pkt=1083  node=src0  wait=1.0ms  queue=0/1000  state=NORMAL
[  85.1600]  PACKET_TRANSMIT        pkt=1083  link=src0→router  delay=1.0ms
[  85.1610]  PACKET_ARRIVAL         pkt=1083  node=router  hop=1
[  85.1610]  QUEUE_DROP(congestion) pkt=1083  node=router  pri=1  state=DROP_LOW_PRIORITY
[  85.1742]  PACKET_GENERATE        pkt=1084  flow=0  size=1483B  pri=1
[  85.1742]  QUEUE_ENQUEUE          pkt=1084  node=src0  queue=1/1000 (0%)  state=NORMAL
[  85.1752]  QUEUE_DEQUEUE          pkt=1084  node=src0  wait=1.0ms  queue=0/1000  state=NORMAL
[  85.1752]  PACKET_TRANSMIT        pkt=1084  link=src0→router  delay=1.0ms
[  85.1762]  PACKET_ARRIVAL         pkt=1084  node=router  hop=1
[  85.1762]  QUEUE_DROP(congestion) pkt=1084  node=router  pri=1  state=DROP_LOW_PRIORITY
[  85.2000]  PACKET_GENERATE        pkt=1085  flow=1  size=100B  pri=0
[  85.2000]  QUEUE_ENQUEUE          pkt=1085  node=src1  queue=1/1000 (0%)  state=NORMAL
[  85.2010]  QUEUE_DEQUEUE          pkt=1085  node=src1  wait=1.0ms  queue=0/1000  state=NORMAL
[  85.2010]  PACKET_TRANSMIT        pkt=1085  link=src1→router  delay=1.0ms
[  85.2020]  QUEUE_DEQUEUE          pkt=1055  node=router  wait=1854.3ms  queue=18/20  state=DROP_LOW_PRIORITY
[  85.2020]  STATE_UPDATE           node=router  DROP_LOW_PRIORITY → INCREMENTAL_COMPRESSION
[  85.2020]  PACKET_TRANSMIT        pkt=1055  link=router→dst  delay=5.0ms
[  85.2020]  PACKET_ARRIVAL         pkt=1085  node=router  hop=1
[  85.2020]  QUEUE_ENQUEUE          pkt=1085  node=router  queue=19/20 (95%)  state=INCREMENTAL_COMPRESSION
[  85.2070]  PACKET_ARRIVAL         pkt=1055  node=dst  hop=2
[  85.2070]  PACKET_DELIVER         pkt=1055  flow=0  latency=1861.3ms
[  85.3020]  QUEUE_DEQUEUE          pkt=1056  node=router  wait=1900.0ms  queue=18/20  state=INCREMENTAL_COMPRESSION
[  85.3020]  PACKET_TRANSMIT        pkt=1056  link=router→dst  delay=5.0ms
[  85.3057]  PACKET_GENERATE        pkt=1086  flow=0  size=1498B  pri=1
[  85.3057]  QUEUE_ENQUEUE          pkt=1086  node=src0  queue=1/1000 (0%)  state=NORMAL
[  85.3067]  QUEUE_DEQUEUE          pkt=1086  node=src0  wait=1.0ms  queue=0/1000  state=NORMAL
[  85.3067]  PACKET_TRANSMIT        pkt=1086  link=src0→router  delay=1.0ms
[  85.3070]  PACKET_ARRIVAL         pkt=1056  node=dst  hop=2
[  85.3070]  PACKET_DELIVER         pkt=1056  flow=1  latency=1907.0ms
[  85.3077]  PACKET_ARRIVAL         pkt=1086  node=router  hop=1
[  85.3077]  QUEUE_ENQUEUE          pkt=1086  node=router  queue=19/20 (95%)  state=INCREMENTAL_COMPRESSION
[  85.4000]  PACKET_GENERATE        pkt=1087  flow=1  size=100B  pri=0
[  85.4000]  QUEUE_ENQUEUE          pkt=1087  node=src1  queue=1/1000 (0%)  state=NORMAL
[  85.4010]  QUEUE_DEQUEUE          pkt=1087  node=src1  wait=1.0ms  queue=0/1000  state=NORMAL
[  85.4010]  PACKET_TRANSMIT        pkt=1087  link=src1→router  delay=1.0ms
[  85.4020]  QUEUE_DEQUEUE          pkt=1057  node=router  wait=1941.7ms  queue=18/20  state=INCREMENTAL_COMPRESSION
[  85.4020]  PACKET_TRANSMIT        pkt=1057  link=router→dst  delay=5.0ms
[  85.4020]  PACKET_ARRIVAL         pkt=1087  node=router  hop=1
[  85.4020]  QUEUE_ENQUEUE          pkt=1087  node=router  queue=19/20 (95%)  state=INCREMENTAL_COMPRESSION
[  85.4059]  PACKET_GENERATE        pkt=1088  flow=0  size=1427B  pri=1
[  85.4059]  QUEUE_ENQUEUE          pkt=1088  node=src0  queue=1/1000 (0%)  state=NORMAL
[  85.4069]  QUEUE_DEQUEUE          pkt=1088  node=src0  wait=1.0ms  queue=0/1000  state=NORMAL
[  85.4069]  PACKET_TRANSMIT        pkt=1088  link=src0→router  delay=1.0ms
[  85.4070]  PACKET_ARRIVAL         pkt=1057  node=dst  hop=2
[  85.4070]  PACKET_DELIVER         pkt=1057  flow=0  latency=1948.7ms
[  85.4079]  PACKET_ARRIVAL         pkt=1088  node=router  hop=1
[  85.4079]  QUEUE_ENQUEUE          pkt=1088  node=router  queue=20/20 (100%)  state=INCREMENTAL_COMPRESSION
[  85.4762]  PACKET_GENERATE        pkt=1089  flow=0  size=1429B  pri=1
[  85.4762]  QUEUE_ENQUEUE          pkt=1089  node=src0  queue=1/1000 (0%)  state=NORMAL
[  85.4772]  QUEUE_DEQUEUE          pkt=1089  node=src0  wait=1.0ms  queue=0/1000  state=NORMAL
[  85.4772]  PACKET_TRANSMIT        pkt=1089  link=src0→router  delay=1.0ms
[  85.4782]  PACKET_ARRIVAL         pkt=1089  node=router  hop=1
[  85.4782]  QUEUE_DROP(full)       pkt=1089  node=router  pri=1  queue=20/20 FULL
[  85.5020]  QUEUE_DEQUEUE          pkt=1060  node=router  wait=1900.0ms  queue=19/20  state=INCREMENTAL_COMPRESSION
[  85.5020]  STATE_UPDATE           node=router  INCREMENTAL_COMPRESSION → DROP_LOW_PRIORITY
[  85.5020]  PACKET_TRANSMIT        pkt=1060  link=router→dst  delay=5.0ms
[  85.5070]  PACKET_ARRIVAL         pkt=1060  node=dst  hop=2
[  85.5070]  PACKET_DELIVER         pkt=1060  flow=1  latency=1907.0ms
[  85.5429]  PACKET_GENERATE        pkt=1090  flow=0  size=1458B  pri=1
[  85.5429]  QUEUE_ENQUEUE          pkt=1090  node=src0  queue=1/1000 (0%)  state=NORMAL
[  85.5439]  QUEUE_DEQUEUE          pkt=1090  node=src0  wait=1.0ms  queue=0/1000  state=NORMAL
[  85.5439]  PACKET_TRANSMIT        pkt=1090  link=src0→router  delay=1.0ms
[  85.5449]  PACKET_ARRIVAL         pkt=1090  node=router  hop=1
[  85.5449]  QUEUE_DROP(congestion) pkt=1090  node=router  pri=1  state=DROP_LOW_PRIORITY
[  85.6000]  PACKET_GENERATE        pkt=1091  flow=1  size=100B  pri=0
[  85.6000]  QUEUE_ENQUEUE          pkt=1091  node=src1  queue=1/1000 (0%)  state=NORMAL
[  85.6010]  QUEUE_DEQUEUE          pkt=1091  node=src1  wait=1.0ms  queue=0/1000  state=NORMAL
[  85.6010]  PACKET_TRANSMIT        pkt=1091  link=src1→router  delay=1.0ms
[  85.6020]  QUEUE_DEQUEUE          pkt=1061  node=router  wait=1800.0ms  queue=18/20  state=DROP_LOW_PRIORITY
[  85.6020]  STATE_UPDATE           node=router  DROP_LOW_PRIORITY → INCREMENTAL_COMPRESSION
[  85.6020]  PACKET_TRANSMIT        pkt=1061  link=router→dst  delay=5.0ms
[  85.6020]  PACKET_ARRIVAL         pkt=1091  node=router  hop=1
[  85.6020]  QUEUE_ENQUEUE          pkt=1091  node=router  queue=19/20 (95%)  state=INCREMENTAL_COMPRESSION
[  85.6065]  PACKET_GENERATE        pkt=1092  flow=0  size=1493B  pri=1
[  85.6065]  QUEUE_ENQUEUE          pkt=1092  node=src0  queue=1/1000 (0%)  state=NORMAL
[  85.6070]  PACKET_ARRIVAL         pkt=1061  node=dst  hop=2
[  85.6070]  PACKET_DELIVER         pkt=1061  flow=1  latency=1807.0ms
[  85.6075]  QUEUE_DEQUEUE          pkt=1092  node=src0  wait=1.0ms  queue=0/1000  state=NORMAL
[  85.6075]  PACKET_TRANSMIT        pkt=1092  link=src0→router  delay=1.0ms
[  85.6085]  PACKET_ARRIVAL         pkt=1092  node=router  hop=1
[  85.6085]  QUEUE_ENQUEUE          pkt=1092  node=router  queue=20/20 (100%)  state=INCREMENTAL_COMPRESSION
[  85.6190]  PACKET_GENERATE        pkt=1093  flow=0  size=1454B  pri=1
[  85.6190]  QUEUE_ENQUEUE          pkt=1093  node=src0  queue=1/1000 (0%)  state=NORMAL
[  85.6200]  QUEUE_DEQUEUE          pkt=1093  node=src0  wait=1.0ms  queue=0/1000  state=NORMAL
[  85.6200]  PACKET_TRANSMIT        pkt=1093  link=src0→router  delay=1.0ms
[  85.6210]  PACKET_ARRIVAL         pkt=1093  node=router  hop=1
[  85.6210]  QUEUE_DROP(full)       pkt=1093  node=router  pri=1  queue=20/20 FULL
[  85.6659]  PACKET_GENERATE        pkt=1094  flow=0  size=1432B  pri=1
[  85.6659]  QUEUE_ENQUEUE          pkt=1094  node=src0  queue=1/1000 (0%)  state=NORMAL
[  85.6669]  QUEUE_DEQUEUE          pkt=1094  node=src0  wait=1.0ms  queue=0/1000  state=NORMAL
[  85.6669]  PACKET_TRANSMIT        pkt=1094  link=src0→router  delay=1.0ms
[  85.6679]  PACKET_ARRIVAL         pkt=1094  node=router  hop=1
[  85.6679]  QUEUE_DROP(full)       pkt=1094  node=router  pri=1  queue=20/20 FULL
[  85.7020]  QUEUE_DEQUEUE          pkt=1062  node=router  wait=1849.3ms  queue=19/20  state=INCREMENTAL_COMPRESSION
[  85.7020]  STATE_UPDATE           node=router  INCREMENTAL_COMPRESSION → DROP_LOW_PRIORITY
[  85.7020]  PACKET_TRANSMIT        pkt=1062  link=router→dst  delay=5.0ms
[  85.7070]  PACKET_ARRIVAL         pkt=1062  node=dst  hop=2
[  85.7070]  PACKET_DELIVER         pkt=1062  flow=0  latency=1856.3ms
[  85.7245]  PACKET_GENERATE        pkt=1095  flow=0  size=1419B  pri=1
[  85.7245]  QUEUE_ENQUEUE          pkt=1095  node=src0  queue=1/1000 (0%)  state=NORMAL
[  85.7255]  QUEUE_DEQUEUE          pkt=1095  node=src0  wait=1.0ms  queue=0/1000  state=NORMAL
[  85.7255]  PACKET_TRANSMIT        pkt=1095  link=src0→router  delay=1.0ms
[  85.7265]  PACKET_ARRIVAL         pkt=1095  node=router  hop=1
[  85.7265]  QUEUE_DROP(congestion) pkt=1095  node=router  pri=1  state=DROP_LOW_PRIORITY
[  85.8000]  PACKET_GENERATE        pkt=1096  flow=1  size=100B  pri=0
[  85.8000]  QUEUE_ENQUEUE          pkt=1096  node=src1  queue=1/1000 (0%)  state=NORMAL
[  85.8010]  QUEUE_DEQUEUE          pkt=1096  node=src1  wait=1.0ms  queue=0/1000  state=NORMAL
[  85.8010]  PACKET_TRANSMIT        pkt=1096  link=src1→router  delay=1.0ms
[  85.8020]  QUEUE_DEQUEUE          pkt=1063  node=router  wait=1857.2ms  queue=18/20  state=DROP_LOW_PRIORITY
[  85.8020]  STATE_UPDATE           node=router  DROP_LOW_PRIORITY → INCREMENTAL_COMPRESSION
[  85.8020]  PACKET_TRANSMIT        pkt=1063  link=router→dst  delay=5.0ms
[  85.8020]  PACKET_ARRIVAL         pkt=1096  node=router  hop=1
[  85.8020]  QUEUE_ENQUEUE          pkt=1096  node=router  queue=19/20 (95%)  state=INCREMENTAL_COMPRESSION
[  85.8070]  PACKET_ARRIVAL         pkt=1063  node=dst  hop=2
[  85.8070]  PACKET_DELIVER         pkt=1063  flow=0  latency=1864.2ms
[  85.8696]  PACKET_GENERATE        pkt=1097  flow=0  size=1460B  pri=1
[  85.8696]  QUEUE_ENQUEUE          pkt=1097  node=src0  queue=1/1000 (0%)  state=NORMAL
[  85.8706]  QUEUE_DEQUEUE          pkt=1097  node=src0  wait=1.0ms  queue=0/1000  state=NORMAL
[  85.8706]  PACKET_TRANSMIT        pkt=1097  link=src0→router  delay=1.0ms
[  85.8716]  PACKET_ARRIVAL         pkt=1097  node=router  hop=1
[  85.8716]  QUEUE_ENQUEUE          pkt=1097  node=router  queue=20/20 (100%)  state=INCREMENTAL_COMPRESSION
[  85.8783]  PACKET_GENERATE        pkt=1098  flow=0  size=1410B  pri=1
[  85.8783]  QUEUE_ENQUEUE          pkt=1098  node=src0  queue=1/1000 (0%)  state=NORMAL
[  85.8793]  QUEUE_DEQUEUE          pkt=1098  node=src0  wait=1.0ms  queue=0/1000  state=NORMAL
[  85.8793]  PACKET_TRANSMIT        pkt=1098  link=src0→router  delay=1.0ms
[  85.8803]  PACKET_ARRIVAL         pkt=1098  node=router  hop=1
[  85.8803]  QUEUE_DROP(full)       pkt=1098  node=router  pri=1  queue=20/20 FULL
[  85.8905]  PACKET_GENERATE        pkt=1099  flow=0  size=1412B  pri=1
[  85.8905]  QUEUE_ENQUEUE          pkt=1099  node=src0  queue=1/1000 (0%)  state=NORMAL
[  85.8915]  QUEUE_DEQUEUE          pkt=1099  node=src0  wait=1.0ms  queue=0/1000  state=NORMAL
[  85.8915]  PACKET_TRANSMIT        pkt=1099  link=src0→router  delay=1.0ms
[  85.8925]  PACKET_ARRIVAL         pkt=1099  node=router  hop=1
[  85.8925]  QUEUE_DROP(full)       pkt=1099  node=router  pri=1  queue=20/20 FULL
[  85.9020]  QUEUE_DEQUEUE          pkt=1064  node=router  wait=1900.0ms  queue=19/20  state=INCREMENTAL_COMPRESSION
[  85.9020]  STATE_UPDATE           node=router  INCREMENTAL_COMPRESSION → DROP_LOW_PRIORITY
[  85.9020]  PACKET_TRANSMIT        pkt=1064  link=router→dst  delay=5.0ms
[  85.9070]  PACKET_ARRIVAL         pkt=1064  node=dst  hop=2
[  85.9070]  PACKET_DELIVER         pkt=1064  flow=1  latency=1907.0ms
[  86.0000]  PACKET_GENERATE        pkt=1100  flow=1  size=100B  pri=0
[  86.0000]  QUEUE_ENQUEUE          pkt=1100  node=src1  queue=1/1000 (0%)  state=NORMAL
[  86.0010]  QUEUE_DEQUEUE          pkt=1100  node=src1  wait=1.0ms  queue=0/1000  state=NORMAL
[  86.0010]  PACKET_TRANSMIT        pkt=1100  link=src1→router  delay=1.0ms
[  86.0020]  QUEUE_DEQUEUE          pkt=1065  node=router  wait=1928.3ms  queue=18/20  state=DROP_LOW_PRIORITY
[  86.0020]  STATE_UPDATE           node=router  DROP_LOW_PRIORITY → INCREMENTAL_COMPRESSION
[  86.0020]  PACKET_TRANSMIT        pkt=1065  link=router→dst  delay=5.0ms
[  86.0020]  PACKET_ARRIVAL         pkt=1100  node=router  hop=1
[  86.0020]  QUEUE_ENQUEUE          pkt=1100  node=router  queue=19/20 (95%)  state=INCREMENTAL_COMPRESSION
[  86.0070]  PACKET_ARRIVAL         pkt=1065  node=dst  hop=2
[  86.0070]  PACKET_DELIVER         pkt=1065  flow=0  latency=1935.3ms
[  86.0611]  PACKET_GENERATE        pkt=1101  flow=0  size=1447B  pri=1
[  86.0611]  QUEUE_ENQUEUE          pkt=1101  node=src0  queue=1/1000 (0%)  state=NORMAL
[  86.0621]  QUEUE_DEQUEUE          pkt=1101  node=src0  wait=1.0ms  queue=0/1000  state=NORMAL
[  86.0621]  PACKET_TRANSMIT        pkt=1101  link=src0→router  delay=1.0ms
[  86.0631]  PACKET_ARRIVAL         pkt=1101  node=router  hop=1
[  86.0631]  QUEUE_ENQUEUE          pkt=1101  node=router  queue=20/20 (100%)  state=INCREMENTAL_COMPRESSION
[  86.1020]  QUEUE_DEQUEUE          pkt=1067  node=router  wait=1900.0ms  queue=19/20  state=INCREMENTAL_COMPRESSION
[  86.1020]  STATE_UPDATE           node=router  INCREMENTAL_COMPRESSION → DROP_LOW_PRIORITY
[  86.1020]  PACKET_TRANSMIT        pkt=1067  link=router→dst  delay=5.0ms
[  86.1070]  PACKET_ARRIVAL         pkt=1067  node=dst  hop=2
[  86.1070]  PACKET_DELIVER         pkt=1067  flow=1  latency=1907.0ms
[  86.2000]  PACKET_GENERATE        pkt=1102  flow=1  size=100B  pri=0
[  86.2000]  QUEUE_ENQUEUE          pkt=1102  node=src1  queue=1/1000 (0%)  state=NORMAL
[  86.2010]  QUEUE_DEQUEUE          pkt=1102  node=src1  wait=1.0ms  queue=0/1000  state=NORMAL
[  86.2010]  PACKET_TRANSMIT        pkt=1102  link=src1→router  delay=1.0ms
[  86.2020]  QUEUE_DEQUEUE          pkt=1068  node=router  wait=1885.6ms  queue=18/20  state=DROP_LOW_PRIORITY
[  86.2020]  STATE_UPDATE           node=router  DROP_LOW_PRIORITY → INCREMENTAL_COMPRESSION
[  86.2020]  PACKET_TRANSMIT        pkt=1068  link=router→dst  delay=5.0ms
[  86.2020]  PACKET_ARRIVAL         pkt=1102  node=router  hop=1
[  86.2020]  QUEUE_ENQUEUE          pkt=1102  node=router  queue=19/20 (95%)  state=INCREMENTAL_COMPRESSION
[  86.2070]  PACKET_ARRIVAL         pkt=1068  node=dst  hop=2
[  86.2070]  PACKET_DELIVER         pkt=1068  flow=0  latency=1892.6ms
[  86.2699]  PACKET_GENERATE        pkt=1103  flow=0  size=1471B  pri=1
[  86.2699]  QUEUE_ENQUEUE          pkt=1103  node=src0  queue=1/1000 (0%)  state=NORMAL
[  86.2709]  QUEUE_DEQUEUE          pkt=1103  node=src0  wait=1.0ms  queue=0/1000  state=NORMAL
[  86.2709]  PACKET_TRANSMIT        pkt=1103  link=src0→router  delay=1.0ms
[  86.2719]  PACKET_ARRIVAL         pkt=1103  node=router  hop=1
[  86.2719]  QUEUE_ENQUEUE          pkt=1103  node=router  queue=20/20 (100%)  state=INCREMENTAL_COMPRESSION
[  86.2776]  PACKET_GENERATE        pkt=1104  flow=0  size=1471B  pri=1
[  86.2776]  QUEUE_ENQUEUE          pkt=1104  node=src0  queue=1/1000 (0%)  state=NORMAL
[  86.2786]  QUEUE_DEQUEUE          pkt=1104  node=src0  wait=1.0ms  queue=0/1000  state=NORMAL
[  86.2786]  PACKET_TRANSMIT        pkt=1104  link=src0→router  delay=1.0ms
[  86.2796]  PACKET_ARRIVAL         pkt=1104  node=router  hop=1
[  86.2796]  QUEUE_DROP(full)       pkt=1104  node=router  pri=1  queue=20/20 FULL
[  86.3020]  QUEUE_DEQUEUE          pkt=1069  node=router  wait=1900.0ms  queue=19/20  state=INCREMENTAL_COMPRESSION
[  86.3020]  STATE_UPDATE           node=router  INCREMENTAL_COMPRESSION → DROP_LOW_PRIORITY
[  86.3020]  PACKET_TRANSMIT        pkt=1069  link=router→dst  delay=5.0ms
[  86.3070]  PACKET_ARRIVAL         pkt=1069  node=dst  hop=2
[  86.3070]  PACKET_DELIVER         pkt=1069  flow=1  latency=1907.0ms
[  86.3807]  PACKET_GENERATE        pkt=1105  flow=0  size=1485B  pri=1
[  86.3807]  QUEUE_ENQUEUE          pkt=1105  node=src0  queue=1/1000 (0%)  state=NORMAL
[  86.3817]  QUEUE_DEQUEUE          pkt=1105  node=src0  wait=1.0ms  queue=0/1000  state=NORMAL
[  86.3817]  PACKET_TRANSMIT        pkt=1105  link=src0→router  delay=1.0ms
[  86.3827]  PACKET_ARRIVAL         pkt=1105  node=router  hop=1
[  86.3827]  QUEUE_DROP(congestion) pkt=1105  node=router  pri=1  state=DROP_LOW_PRIORITY
[  86.3970]  PACKET_GENERATE        pkt=1106  flow=0  size=1445B  pri=1
[  86.3970]  QUEUE_ENQUEUE          pkt=1106  node=src0  queue=1/1000 (0%)  state=NORMAL
[  86.3980]  QUEUE_DEQUEUE          pkt=1106  node=src0  wait=1.0ms  queue=0/1000  state=NORMAL
[  86.3980]  PACKET_TRANSMIT        pkt=1106  link=src0→router  delay=1.0ms
[  86.3990]  PACKET_ARRIVAL         pkt=1106  node=router  hop=1
[  86.3990]  QUEUE_DROP(congestion) pkt=1106  node=router  pri=1  state=DROP_LOW_PRIORITY
[  86.4000]  PACKET_GENERATE        pkt=1107  flow=1  size=100B  pri=0
[  86.4000]  QUEUE_ENQUEUE          pkt=1107  node=src1  queue=1/1000 (0%)  state=NORMAL
[  86.4010]  QUEUE_DEQUEUE          pkt=1107  node=src1  wait=1.0ms  queue=0/1000  state=NORMAL
[  86.4010]  PACKET_TRANSMIT        pkt=1107  link=src1→router  delay=1.0ms
[  86.4020]  QUEUE_DEQUEUE          pkt=1070  node=router  wait=1940.7ms  queue=18/20  state=DROP_LOW_PRIORITY
[  86.4020]  STATE_UPDATE           node=router  DROP_LOW_PRIORITY → INCREMENTAL_COMPRESSION
[  86.4020]  PACKET_TRANSMIT        pkt=1070  link=router→dst  delay=5.0ms
[  86.4020]  PACKET_ARRIVAL         pkt=1107  node=router  hop=1
[  86.4020]  QUEUE_ENQUEUE          pkt=1107  node=router  queue=19/20 (95%)  state=INCREMENTAL_COMPRESSION
[  86.4070]  PACKET_ARRIVAL         pkt=1070  node=dst  hop=2
[  86.4070]  PACKET_DELIVER         pkt=1070  flow=0  latency=1947.7ms
[  86.5020]  QUEUE_DEQUEUE          pkt=1071  node=router  wait=1900.0ms  queue=18/20  state=INCREMENTAL_COMPRESSION
[  86.5020]  PACKET_TRANSMIT        pkt=1071  link=router→dst  delay=5.0ms
[  86.5070]  PACKET_ARRIVAL         pkt=1071  node=dst  hop=2
[  86.5070]  PACKET_DELIVER         pkt=1071  flow=1  latency=1907.0ms
[  86.6000]  PACKET_GENERATE        pkt=1108  flow=1  size=100B  pri=0
[  86.6000]  QUEUE_ENQUEUE          pkt=1108  node=src1  queue=1/1000 (0%)  state=NORMAL
[  86.6010]  QUEUE_DEQUEUE          pkt=1108  node=src1  wait=1.0ms  queue=0/1000  state=NORMAL
[  86.6010]  PACKET_TRANSMIT        pkt=1108  link=src1→router  delay=1.0ms
[  86.6020]  QUEUE_DEQUEUE          pkt=1072  node=router  wait=1984.9ms  queue=17/20  state=INCREMENTAL_COMPRESSION
[  86.6020]  PACKET_TRANSMIT        pkt=1072  link=router→dst  delay=5.0ms
[  86.6020]  PACKET_ARRIVAL         pkt=1108  node=router  hop=1
[  86.6020]  QUEUE_ENQUEUE          pkt=1108  node=router  queue=18/20 (90%)  state=INCREMENTAL_COMPRESSION
[  86.6070]  PACKET_ARRIVAL         pkt=1072  node=dst  hop=2
[  86.6070]  PACKET_DELIVER         pkt=1072  flow=0  latency=1991.9ms
[  86.6556]  PACKET_GENERATE        pkt=1109  flow=0  size=1496B  pri=1
[  86.6556]  QUEUE_ENQUEUE          pkt=1109  node=src0  queue=1/1000 (0%)  state=NORMAL
[  86.6566]  QUEUE_DEQUEUE          pkt=1109  node=src0  wait=1.0ms  queue=0/1000  state=NORMAL
[  86.6566]  PACKET_TRANSMIT        pkt=1109  link=src0→router  delay=1.0ms
[  86.6576]  PACKET_ARRIVAL         pkt=1109  node=router  hop=1
[  86.6576]  QUEUE_ENQUEUE          pkt=1109  node=router  queue=19/20 (95%)  state=INCREMENTAL_COMPRESSION
[  86.7020]  QUEUE_DEQUEUE          pkt=1076  node=router  wait=1900.0ms  queue=18/20  state=INCREMENTAL_COMPRESSION
[  86.7020]  PACKET_TRANSMIT        pkt=1076  link=router→dst  delay=5.0ms
[  86.7070]  PACKET_ARRIVAL         pkt=1076  node=dst  hop=2
[  86.7070]  PACKET_DELIVER         pkt=1076  flow=1  latency=1907.0ms
[  86.7243]  PACKET_GENERATE        pkt=1110  flow=0  size=1492B  pri=1
[  86.7243]  QUEUE_ENQUEUE          pkt=1110  node=src0  queue=1/1000 (0%)  state=NORMAL
[  86.7253]  QUEUE_DEQUEUE          pkt=1110  node=src0  wait=1.0ms  queue=0/1000  state=NORMAL
[  86.7253]  PACKET_TRANSMIT        pkt=1110  link=src0→router  delay=1.0ms
[  86.7263]  PACKET_ARRIVAL         pkt=1110  node=router  hop=1
[  86.7263]  QUEUE_ENQUEUE          pkt=1110  node=router  queue=19/20 (95%)  state=INCREMENTAL_COMPRESSION
[  86.7309]  PACKET_GENERATE        pkt=1111  flow=0  size=1436B  pri=1
[  86.7309]  QUEUE_ENQUEUE          pkt=1111  node=src0  queue=1/1000 (0%)  state=NORMAL
[  86.7319]  QUEUE_DEQUEUE          pkt=1111  node=src0  wait=1.0ms  queue=0/1000  state=NORMAL
[  86.7319]  PACKET_TRANSMIT        pkt=1111  link=src0→router  delay=1.0ms
[  86.7329]  PACKET_ARRIVAL         pkt=1111  node=router  hop=1
[  86.7329]  QUEUE_ENQUEUE          pkt=1111  node=router  queue=20/20 (100%)  state=INCREMENTAL_COMPRESSION
[  86.8000]  PACKET_GENERATE        pkt=1112  flow=1  size=100B  pri=0
[  86.8000]  QUEUE_ENQUEUE          pkt=1112  node=src1  queue=1/1000 (0%)  state=NORMAL
[  86.8010]  QUEUE_DEQUEUE          pkt=1112  node=src1  wait=1.0ms  queue=0/1000  state=NORMAL
[  86.8010]  PACKET_TRANSMIT        pkt=1112  link=src1→router  delay=1.0ms
[  86.8020]  QUEUE_DEQUEUE          pkt=1077  node=router  wait=1995.9ms  queue=19/20  state=INCREMENTAL_COMPRESSION
[  86.8020]  STATE_UPDATE           node=router  INCREMENTAL_COMPRESSION → DROP_LOW_PRIORITY
[  86.8020]  PACKET_TRANSMIT        pkt=1077  link=router→dst  delay=5.0ms
[  86.8020]  PACKET_ARRIVAL         pkt=1112  node=router  hop=1
[  86.8020]  QUEUE_ENQUEUE          pkt=1112  node=router  queue=20/20 (100%)  state=DROP_LOW_PRIORITY
[  86.8070]  PACKET_ARRIVAL         pkt=1077  node=dst  hop=2
[  86.8070]  PACKET_DELIVER         pkt=1077  flow=0  latency=2002.9ms
[  86.8456]  PACKET_GENERATE        pkt=1113  flow=0  size=1445B  pri=1
[  86.8456]  QUEUE_ENQUEUE          pkt=1113  node=src0  queue=1/1000 (0%)  state=NORMAL
[  86.8466]  QUEUE_DEQUEUE          pkt=1113  node=src0  wait=1.0ms  queue=0/1000  state=NORMAL
[  86.8466]  PACKET_TRANSMIT        pkt=1113  link=src0→router  delay=1.0ms
[  86.8476]  PACKET_ARRIVAL         pkt=1113  node=router  hop=1
[  86.8476]  QUEUE_DROP(congestion) pkt=1113  node=router  pri=1  state=DROP_LOW_PRIORITY
[  86.8592]  PACKET_GENERATE        pkt=1114  flow=0  size=1464B  pri=1
[  86.8592]  QUEUE_ENQUEUE          pkt=1114  node=src0  queue=1/1000 (0%)  state=NORMAL
[  86.8602]  QUEUE_DEQUEUE          pkt=1114  node=src0  wait=1.0ms  queue=0/1000  state=NORMAL
[  86.8602]  PACKET_TRANSMIT        pkt=1114  link=src0→router  delay=1.0ms
[  86.8612]  PACKET_ARRIVAL         pkt=1114  node=router  hop=1
[  86.8612]  QUEUE_DROP(congestion) pkt=1114  node=router  pri=1  state=DROP_LOW_PRIORITY
[  86.8891]  PACKET_GENERATE        pkt=1115  flow=0  size=1484B  pri=1
[  86.8891]  QUEUE_ENQUEUE          pkt=1115  node=src0  queue=1/1000 (0%)  state=NORMAL
[  86.8901]  QUEUE_DEQUEUE          pkt=1115  node=src0  wait=1.0ms  queue=0/1000  state=NORMAL
[  86.8901]  PACKET_TRANSMIT        pkt=1115  link=src0→router  delay=1.0ms
[  86.8911]  PACKET_ARRIVAL         pkt=1115  node=router  hop=1
[  86.8911]  QUEUE_DROP(congestion) pkt=1115  node=router  pri=1  state=DROP_LOW_PRIORITY
[  86.9020]  QUEUE_DEQUEUE          pkt=1080  node=router  wait=1900.0ms  queue=19/20  state=DROP_LOW_PRIORITY
[  86.9020]  PACKET_TRANSMIT        pkt=1080  link=router→dst  delay=5.0ms
[  86.9070]  PACKET_ARRIVAL         pkt=1080  node=dst  hop=2
[  86.9070]  PACKET_DELIVER         pkt=1080  flow=1  latency=1907.0ms
[  86.9714]  PACKET_GENERATE        pkt=1116  flow=0  size=1413B  pri=1
[  86.9714]  QUEUE_ENQUEUE          pkt=1116  node=src0  queue=1/1000 (0%)  state=NORMAL
[  86.9724]  QUEUE_DEQUEUE          pkt=1116  node=src0  wait=1.0ms  queue=0/1000  state=NORMAL
[  86.9724]  PACKET_TRANSMIT        pkt=1116  link=src0→router  delay=1.0ms
[  86.9734]  PACKET_ARRIVAL         pkt=1116  node=router  hop=1
[  86.9734]  QUEUE_DROP(congestion) pkt=1116  node=router  pri=1  state=DROP_LOW_PRIORITY
[  87.0000]  PACKET_GENERATE        pkt=1117  flow=1  size=100B  pri=0
[  87.0000]  QUEUE_ENQUEUE          pkt=1117  node=src1  queue=1/1000 (0%)  state=NORMAL
[  87.0010]  QUEUE_DEQUEUE          pkt=1117  node=src1  wait=1.0ms  queue=0/1000  state=NORMAL
[  87.0010]  PACKET_TRANSMIT        pkt=1117  link=src1→router  delay=1.0ms
[  87.0020]  QUEUE_DEQUEUE          pkt=1081  node=router  wait=1942.1ms  queue=18/20  state=DROP_LOW_PRIORITY
[  87.0020]  STATE_UPDATE           node=router  DROP_LOW_PRIORITY → INCREMENTAL_COMPRESSION
[  87.0020]  PACKET_TRANSMIT        pkt=1081  link=router→dst  delay=5.0ms
[  87.0020]  PACKET_ARRIVAL         pkt=1117  node=router  hop=1
[  87.0020]  QUEUE_ENQUEUE          pkt=1117  node=router  queue=19/20 (95%)  state=INCREMENTAL_COMPRESSION
[  87.0070]  PACKET_ARRIVAL         pkt=1081  node=dst  hop=2
[  87.0070]  PACKET_DELIVER         pkt=1081  flow=0  latency=1949.1ms
[  87.0253]  PACKET_GENERATE        pkt=1118  flow=0  size=1471B  pri=1
[  87.0253]  QUEUE_ENQUEUE          pkt=1118  node=src0  queue=1/1000 (0%)  state=NORMAL
[  87.0263]  QUEUE_DEQUEUE          pkt=1118  node=src0  wait=1.0ms  queue=0/1000  state=NORMAL
[  87.0263]  PACKET_TRANSMIT        pkt=1118  link=src0→router  delay=1.0ms
[  87.0273]  PACKET_ARRIVAL         pkt=1118  node=router  hop=1
[  87.0273]  QUEUE_ENQUEUE          pkt=1118  node=router  queue=20/20 (100%)  state=INCREMENTAL_COMPRESSION
[  87.0825]  PACKET_GENERATE        pkt=1119  flow=0  size=1497B  pri=1
[  87.0825]  QUEUE_ENQUEUE          pkt=1119  node=src0  queue=1/1000 (0%)  state=NORMAL
[  87.0835]  QUEUE_DEQUEUE          pkt=1119  node=src0  wait=1.0ms  queue=0/1000  state=NORMAL
[  87.0835]  PACKET_TRANSMIT        pkt=1119  link=src0→router  delay=1.0ms
[  87.0845]  PACKET_ARRIVAL         pkt=1119  node=router  hop=1
[  87.0845]  QUEUE_DROP(full)       pkt=1119  node=router  pri=1  queue=20/20 FULL
[  87.1020]  QUEUE_DEQUEUE          pkt=1085  node=router  wait=1900.0ms  queue=19/20  state=INCREMENTAL_COMPRESSION
[  87.1020]  STATE_UPDATE           node=router  INCREMENTAL_COMPRESSION → DROP_LOW_PRIORITY
[  87.1020]  PACKET_TRANSMIT        pkt=1085  link=router→dst  delay=5.0ms
[  87.1070]  PACKET_ARRIVAL         pkt=1085  node=dst  hop=2
[  87.1070]  PACKET_DELIVER         pkt=1085  flow=1  latency=1907.0ms
[  87.1234]  PACKET_GENERATE        pkt=1120  flow=0  size=1428B  pri=1
[  87.1234]  QUEUE_ENQUEUE          pkt=1120  node=src0  queue=1/1000 (0%)  state=NORMAL
[  87.1244]  QUEUE_DEQUEUE          pkt=1120  node=src0  wait=1.0ms  queue=0/1000  state=NORMAL
[  87.1244]  PACKET_TRANSMIT        pkt=1120  link=src0→router  delay=1.0ms
[  87.1254]  PACKET_ARRIVAL         pkt=1120  node=router  hop=1
[  87.1254]  QUEUE_DROP(congestion) pkt=1120  node=router  pri=1  state=DROP_LOW_PRIORITY
[  87.2000]  PACKET_GENERATE        pkt=1121  flow=1  size=100B  pri=0
[  87.2000]  QUEUE_ENQUEUE          pkt=1121  node=src1  queue=1/1000 (0%)  state=NORMAL
[  87.2010]  QUEUE_DEQUEUE          pkt=1121  node=src1  wait=1.0ms  queue=0/1000  state=NORMAL
[  87.2010]  PACKET_TRANSMIT        pkt=1121  link=src1→router  delay=1.0ms
[  87.2020]  QUEUE_DEQUEUE          pkt=1086  node=router  wait=1894.3ms  queue=18/20  state=DROP_LOW_PRIORITY
[  87.2020]  STATE_UPDATE           node=router  DROP_LOW_PRIORITY → INCREMENTAL_COMPRESSION
[  87.2020]  PACKET_TRANSMIT        pkt=1086  link=router→dst  delay=5.0ms
[  87.2020]  PACKET_ARRIVAL         pkt=1121  node=router  hop=1
[  87.2020]  QUEUE_ENQUEUE          pkt=1121  node=router  queue=19/20 (95%)  state=INCREMENTAL_COMPRESSION
[  87.2070]  PACKET_ARRIVAL         pkt=1086  node=dst  hop=2
[  87.2070]  PACKET_DELIVER         pkt=1086  flow=0  latency=1901.3ms
[  87.3020]  QUEUE_DEQUEUE          pkt=1087  node=router  wait=1900.0ms  queue=18/20  state=INCREMENTAL_COMPRESSION
[  87.3020]  PACKET_TRANSMIT        pkt=1087  link=router→dst  delay=5.0ms
[  87.3070]  PACKET_ARRIVAL         pkt=1087  node=dst  hop=2
[  87.3070]  PACKET_DELIVER         pkt=1087  flow=1  latency=1907.0ms
[  87.3291]  PACKET_GENERATE        pkt=1122  flow=0  size=1471B  pri=1
[  87.3291]  QUEUE_ENQUEUE          pkt=1122  node=src0  queue=1/1000 (0%)  state=NORMAL
[  87.3301]  QUEUE_DEQUEUE          pkt=1122  node=src0  wait=1.0ms  queue=0/1000  state=NORMAL
[  87.3301]  PACKET_TRANSMIT        pkt=1122  link=src0→router  delay=1.0ms
[  87.3311]  PACKET_ARRIVAL         pkt=1122  node=router  hop=1
[  87.3311]  QUEUE_ENQUEUE          pkt=1122  node=router  queue=19/20 (95%)  state=INCREMENTAL_COMPRESSION
[  87.4000]  PACKET_GENERATE        pkt=1123  flow=1  size=100B  pri=0
[  87.4000]  QUEUE_ENQUEUE          pkt=1123  node=src1  queue=1/1000 (0%)  state=NORMAL
[  87.4010]  QUEUE_DEQUEUE          pkt=1123  node=src1  wait=1.0ms  queue=0/1000  state=NORMAL
[  87.4010]  PACKET_TRANSMIT        pkt=1123  link=src1→router  delay=1.0ms
[  87.4020]  QUEUE_DEQUEUE          pkt=1088  node=router  wait=1994.1ms  queue=18/20  state=INCREMENTAL_COMPRESSION
[  87.4020]  PACKET_TRANSMIT        pkt=1088  link=router→dst  delay=5.0ms
[  87.4020]  PACKET_ARRIVAL         pkt=1123  node=router  hop=1
[  87.4020]  QUEUE_ENQUEUE          pkt=1123  node=router  queue=19/20 (95%)  state=INCREMENTAL_COMPRESSION
[  87.4070]  PACKET_ARRIVAL         pkt=1088  node=dst  hop=2
[  87.4070]  PACKET_DELIVER         pkt=1088  flow=0  latency=2001.1ms
[  87.5020]  QUEUE_DEQUEUE          pkt=1091  node=router  wait=1900.0ms  queue=18/20  state=INCREMENTAL_COMPRESSION
[  87.5020]  PACKET_TRANSMIT        pkt=1091  link=router→dst  delay=5.0ms
[  87.5070]  PACKET_ARRIVAL         pkt=1091  node=dst  hop=2
[  87.5070]  PACKET_DELIVER         pkt=1091  flow=1  latency=1907.0ms
[  87.6000]  PACKET_GENERATE        pkt=1124  flow=1  size=100B  pri=0
[  87.6000]  QUEUE_ENQUEUE          pkt=1124  node=src1  queue=1/1000 (0%)  state=NORMAL
[  87.6010]  QUEUE_DEQUEUE          pkt=1124  node=src1  wait=1.0ms  queue=0/1000  state=NORMAL
[  87.6010]  PACKET_TRANSMIT        pkt=1124  link=src1→router  delay=1.0ms
[  87.6020]  QUEUE_DEQUEUE          pkt=1092  node=router  wait=1993.5ms  queue=17/20  state=INCREMENTAL_COMPRESSION
[  87.6020]  PACKET_TRANSMIT        pkt=1092  link=router→dst  delay=5.0ms
[  87.6020]  PACKET_ARRIVAL         pkt=1124  node=router  hop=1
[  87.6020]  QUEUE_ENQUEUE          pkt=1124  node=router  queue=18/20 (90%)  state=INCREMENTAL_COMPRESSION
[  87.6070]  PACKET_ARRIVAL         pkt=1092  node=dst  hop=2
[  87.6070]  PACKET_DELIVER         pkt=1092  flow=0  latency=2000.5ms
[  87.7020]  QUEUE_DEQUEUE          pkt=1096  node=router  wait=1900.0ms  queue=17/20  state=INCREMENTAL_COMPRESSION
[  87.7020]  PACKET_TRANSMIT        pkt=1096  link=router→dst  delay=5.0ms
[  87.7070]  PACKET_ARRIVAL         pkt=1096  node=dst  hop=2
[  87.7070]  PACKET_DELIVER         pkt=1096  flow=1  latency=1907.0ms
[  87.7880]  PACKET_GENERATE        pkt=1125  flow=0  size=1479B  pri=1
[  87.7880]  QUEUE_ENQUEUE          pkt=1125  node=src0  queue=1/1000 (0%)  state=NORMAL
[  87.7890]  QUEUE_DEQUEUE          pkt=1125  node=src0  wait=1.0ms  queue=0/1000  state=NORMAL
[  87.7890]  PACKET_TRANSMIT        pkt=1125  link=src0→router  delay=1.0ms
[  87.7900]  PACKET_ARRIVAL         pkt=1125  node=router  hop=1
[  87.7900]  QUEUE_ENQUEUE          pkt=1125  node=router  queue=18/20 (90%)  state=INCREMENTAL_COMPRESSION
[  87.8000]  PACKET_GENERATE        pkt=1126  flow=1  size=100B  pri=0
[  87.8000]  QUEUE_ENQUEUE          pkt=1126  node=src1  queue=1/1000 (0%)  state=NORMAL
[  87.8010]  QUEUE_DEQUEUE          pkt=1126  node=src1  wait=1.0ms  queue=0/1000  state=NORMAL
[  87.8010]  PACKET_TRANSMIT        pkt=1126  link=src1→router  delay=1.0ms
[  87.8020]  QUEUE_DEQUEUE          pkt=1097  node=router  wait=1930.4ms  queue=17/20  state=INCREMENTAL_COMPRESSION
[  87.8020]  PACKET_TRANSMIT        pkt=1097  link=router→dst  delay=5.0ms
[  87.8020]  PACKET_ARRIVAL         pkt=1126  node=router  hop=1
[  87.8020]  QUEUE_ENQUEUE          pkt=1126  node=router  queue=18/20 (90%)  state=INCREMENTAL_COMPRESSION
[  87.8070]  PACKET_ARRIVAL         pkt=1097  node=dst  hop=2
[  87.8070]  PACKET_DELIVER         pkt=1097  flow=0  latency=1937.4ms
[  87.9020]  QUEUE_DEQUEUE          pkt=1100  node=router  wait=1900.0ms  queue=17/20  state=INCREMENTAL_COMPRESSION
[  87.9020]  PACKET_TRANSMIT        pkt=1100  link=router→dst  delay=5.0ms
[  87.9068]  PACKET_GENERATE        pkt=1127  flow=0  size=1482B  pri=1
[  87.9068]  QUEUE_ENQUEUE          pkt=1127  node=src0  queue=1/1000 (0%)  state=NORMAL
[  87.9070]  PACKET_ARRIVAL         pkt=1100  node=dst  hop=2
[  87.9070]  PACKET_DELIVER         pkt=1100  flow=1  latency=1907.0ms
[  87.9078]  QUEUE_DEQUEUE          pkt=1127  node=src0  wait=1.0ms  queue=0/1000  state=NORMAL
[  87.9078]  PACKET_TRANSMIT        pkt=1127  link=src0→router  delay=1.0ms
[  87.9088]  PACKET_ARRIVAL         pkt=1127  node=router  hop=1
[  87.9088]  QUEUE_ENQUEUE          pkt=1127  node=router  queue=18/20 (90%)  state=INCREMENTAL_COMPRESSION
[  88.0000]  PACKET_GENERATE        pkt=1128  flow=1  size=100B  pri=0
[  88.0000]  QUEUE_ENQUEUE          pkt=1128  node=src1  queue=1/1000 (0%)  state=NORMAL
[  88.0010]  QUEUE_DEQUEUE          pkt=1128  node=src1  wait=1.0ms  queue=0/1000  state=NORMAL
[  88.0010]  PACKET_TRANSMIT        pkt=1128  link=src1→router  delay=1.0ms
[  88.0020]  QUEUE_DEQUEUE          pkt=1101  node=router  wait=1938.9ms  queue=17/20  state=INCREMENTAL_COMPRESSION
[  88.0020]  PACKET_TRANSMIT        pkt=1101  link=router→dst  delay=5.0ms
[  88.0020]  PACKET_ARRIVAL         pkt=1128  node=router  hop=1
[  88.0020]  QUEUE_ENQUEUE          pkt=1128  node=router  queue=18/20 (90%)  state=INCREMENTAL_COMPRESSION
[  88.0070]  PACKET_ARRIVAL         pkt=1101  node=dst  hop=2
[  88.0070]  PACKET_DELIVER         pkt=1101  flow=0  latency=1945.9ms
[  88.0085]  PACKET_GENERATE        pkt=1129  flow=0  size=1477B  pri=1
[  88.0085]  QUEUE_ENQUEUE          pkt=1129  node=src0  queue=1/1000 (0%)  state=NORMAL
[  88.0095]  QUEUE_DEQUEUE          pkt=1129  node=src0  wait=1.0ms  queue=0/1000  state=NORMAL
[  88.0095]  PACKET_TRANSMIT        pkt=1129  link=src0→router  delay=1.0ms
[  88.0105]  PACKET_ARRIVAL         pkt=1129  node=router  hop=1
[  88.0105]  QUEUE_ENQUEUE          pkt=1129  node=router  queue=19/20 (95%)  state=INCREMENTAL_COMPRESSION
[  88.1020]  QUEUE_DEQUEUE          pkt=1102  node=router  wait=1900.0ms  queue=18/20  state=INCREMENTAL_COMPRESSION
[  88.1020]  PACKET_TRANSMIT        pkt=1102  link=router→dst  delay=5.0ms
[  88.1070]  PACKET_ARRIVAL         pkt=1102  node=dst  hop=2
[  88.1070]  PACKET_DELIVER         pkt=1102  flow=1  latency=1907.0ms
[  88.2000]  PACKET_GENERATE        pkt=1130  flow=1  size=100B  pri=0
[  88.2000]  QUEUE_ENQUEUE          pkt=1130  node=src1  queue=1/1000 (0%)  state=NORMAL
[  88.2010]  QUEUE_DEQUEUE          pkt=1130  node=src1  wait=1.0ms  queue=0/1000  state=NORMAL
[  88.2010]  PACKET_TRANSMIT        pkt=1130  link=src1→router  delay=1.0ms
[  88.2020]  QUEUE_DEQUEUE          pkt=1103  node=router  wait=1930.1ms  queue=17/20  state=INCREMENTAL_COMPRESSION
[  88.2020]  PACKET_TRANSMIT        pkt=1103  link=router→dst  delay=5.0ms
[  88.2020]  PACKET_ARRIVAL         pkt=1130  node=router  hop=1
[  88.2020]  QUEUE_ENQUEUE          pkt=1130  node=router  queue=18/20 (90%)  state=INCREMENTAL_COMPRESSION
[  88.2070]  PACKET_ARRIVAL         pkt=1103  node=dst  hop=2
[  88.2070]  PACKET_DELIVER         pkt=1103  flow=0  latency=1937.1ms
[  88.3020]  QUEUE_DEQUEUE          pkt=1107  node=router  wait=1900.0ms  queue=17/20  state=INCREMENTAL_COMPRESSION
[  88.3020]  PACKET_TRANSMIT        pkt=1107  link=router→dst  delay=5.0ms
[  88.3070]  PACKET_ARRIVAL         pkt=1107  node=dst  hop=2
[  88.3070]  PACKET_DELIVER         pkt=1107  flow=1  latency=1907.0ms
[  88.3393]  PACKET_GENERATE        pkt=1131  flow=0  size=1488B  pri=1
[  88.3393]  QUEUE_ENQUEUE          pkt=1131  node=src0  queue=1/1000 (0%)  state=NORMAL
[  88.3403]  QUEUE_DEQUEUE          pkt=1131  node=src0  wait=1.0ms  queue=0/1000  state=NORMAL
[  88.3403]  PACKET_TRANSMIT        pkt=1131  link=src0→router  delay=1.0ms
[  88.3413]  PACKET_ARRIVAL         pkt=1131  node=router  hop=1
[  88.3413]  QUEUE_ENQUEUE          pkt=1131  node=router  queue=18/20 (90%)  state=INCREMENTAL_COMPRESSION
[  88.3782]  PACKET_GENERATE        pkt=1132  flow=0  size=1423B  pri=1
[  88.3782]  QUEUE_ENQUEUE          pkt=1132  node=src0  queue=1/1000 (0%)  state=NORMAL
[  88.3792]  QUEUE_DEQUEUE          pkt=1132  node=src0  wait=1.0ms  queue=0/1000  state=NORMAL
[  88.3792]  PACKET_TRANSMIT        pkt=1132  link=src0→router  delay=1.0ms
[  88.3802]  PACKET_ARRIVAL         pkt=1132  node=router  hop=1
[  88.3802]  QUEUE_ENQUEUE          pkt=1132  node=router  queue=19/20 (95%)  state=INCREMENTAL_COMPRESSION
[  88.4000]  PACKET_GENERATE        pkt=1133  flow=1  size=100B  pri=0
[  88.4000]  QUEUE_ENQUEUE          pkt=1133  node=src1  queue=1/1000 (0%)  state=NORMAL
[  88.4010]  QUEUE_DEQUEUE          pkt=1133  node=src1  wait=1.0ms  queue=0/1000  state=NORMAL
[  88.4010]  PACKET_TRANSMIT        pkt=1133  link=src1→router  delay=1.0ms
[  88.4020]  QUEUE_DEQUEUE          pkt=1108  node=router  wait=1800.0ms  queue=18/20  state=INCREMENTAL_COMPRESSION
[  88.4020]  PACKET_TRANSMIT        pkt=1108  link=router→dst  delay=5.0ms
[  88.4020]  PACKET_ARRIVAL         pkt=1133  node=router  hop=1
[  88.4020]  QUEUE_ENQUEUE          pkt=1133  node=router  queue=19/20 (95%)  state=INCREMENTAL_COMPRESSION
[  88.4070]  PACKET_ARRIVAL         pkt=1108  node=dst  hop=2
[  88.4070]  PACKET_DELIVER         pkt=1108  flow=1  latency=1807.0ms
[  88.4181]  PACKET_GENERATE        pkt=1134  flow=0  size=1497B  pri=1
[  88.4181]  QUEUE_ENQUEUE          pkt=1134  node=src0  queue=1/1000 (0%)  state=NORMAL
[  88.4191]  QUEUE_DEQUEUE          pkt=1134  node=src0  wait=1.0ms  queue=0/1000  state=NORMAL
[  88.4191]  PACKET_TRANSMIT        pkt=1134  link=src0→router  delay=1.0ms
[  88.4201]  PACKET_ARRIVAL         pkt=1134  node=router  hop=1
[  88.4201]  QUEUE_ENQUEUE          pkt=1134  node=router  queue=20/20 (100%)  state=INCREMENTAL_COMPRESSION
[  88.4643]  PACKET_GENERATE        pkt=1135  flow=0  size=1443B  pri=1
[  88.4643]  QUEUE_ENQUEUE          pkt=1135  node=src0  queue=1/1000 (0%)  state=NORMAL
[  88.4653]  QUEUE_DEQUEUE          pkt=1135  node=src0  wait=1.0ms  queue=0/1000  state=NORMAL
[  88.4653]  PACKET_TRANSMIT        pkt=1135  link=src0→router  delay=1.0ms
[  88.4663]  PACKET_ARRIVAL         pkt=1135  node=router  hop=1
[  88.4663]  QUEUE_DROP(full)       pkt=1135  node=router  pri=1  queue=20/20 FULL
[  88.5020]  QUEUE_DEQUEUE          pkt=1109  node=router  wait=1844.4ms  queue=19/20  state=INCREMENTAL_COMPRESSION
[  88.5020]  STATE_UPDATE           node=router  INCREMENTAL_COMPRESSION → DROP_LOW_PRIORITY
[  88.5020]  PACKET_TRANSMIT        pkt=1109  link=router→dst  delay=5.0ms
[  88.5070]  PACKET_ARRIVAL         pkt=1109  node=dst  hop=2
[  88.5070]  PACKET_DELIVER         pkt=1109  flow=0  latency=1851.4ms
[  88.5184]  PACKET_GENERATE        pkt=1136  flow=0  size=1423B  pri=1
[  88.5184]  QUEUE_ENQUEUE          pkt=1136  node=src0  queue=1/1000 (0%)  state=NORMAL
[  88.5194]  QUEUE_DEQUEUE          pkt=1136  node=src0  wait=1.0ms  queue=0/1000  state=NORMAL
[  88.5194]  PACKET_TRANSMIT        pkt=1136  link=src0→router  delay=1.0ms
[  88.5204]  PACKET_ARRIVAL         pkt=1136  node=router  hop=1
[  88.5204]  QUEUE_DROP(congestion) pkt=1136  node=router  pri=1  state=DROP_LOW_PRIORITY
[  88.6000]  PACKET_GENERATE        pkt=1137  flow=1  size=100B  pri=0
[  88.6000]  QUEUE_ENQUEUE          pkt=1137  node=src1  queue=1/1000 (0%)  state=NORMAL
[  88.6010]  QUEUE_DEQUEUE          pkt=1137  node=src1  wait=1.0ms  queue=0/1000  state=NORMAL
[  88.6010]  PACKET_TRANSMIT        pkt=1137  link=src1→router  delay=1.0ms
[  88.6020]  QUEUE_DEQUEUE          pkt=1110  node=router  wait=1875.7ms  queue=18/20  state=DROP_LOW_PRIORITY
[  88.6020]  STATE_UPDATE           node=router  DROP_LOW_PRIORITY → INCREMENTAL_COMPRESSION
[  88.6020]  PACKET_TRANSMIT        pkt=1110  link=router→dst  delay=5.0ms
[  88.6020]  PACKET_ARRIVAL         pkt=1137  node=router  hop=1
[  88.6020]  QUEUE_ENQUEUE          pkt=1137  node=router  queue=19/20 (95%)  state=INCREMENTAL_COMPRESSION
[  88.6070]  PACKET_ARRIVAL         pkt=1110  node=dst  hop=2
[  88.6070]  PACKET_DELIVER         pkt=1110  flow=0  latency=1882.7ms
[  88.7020]  QUEUE_DEQUEUE          pkt=1111  node=router  wait=1969.1ms  queue=18/20  state=INCREMENTAL_COMPRESSION
[  88.7020]  PACKET_TRANSMIT        pkt=1111  link=router→dst  delay=5.0ms
[  88.7070]  PACKET_ARRIVAL         pkt=1111  node=dst  hop=2
[  88.7070]  PACKET_DELIVER         pkt=1111  flow=0  latency=1976.1ms
[  88.7733]  PACKET_GENERATE        pkt=1138  flow=0  size=1472B  pri=1
[  88.7733]  QUEUE_ENQUEUE          pkt=1138  node=src0  queue=1/1000 (0%)  state=NORMAL
[  88.7743]  QUEUE_DEQUEUE          pkt=1138  node=src0  wait=1.0ms  queue=0/1000  state=NORMAL
[  88.7743]  PACKET_TRANSMIT        pkt=1138  link=src0→router  delay=1.0ms
[  88.7753]  PACKET_ARRIVAL         pkt=1138  node=router  hop=1
[  88.7753]  QUEUE_ENQUEUE          pkt=1138  node=router  queue=19/20 (95%)  state=INCREMENTAL_COMPRESSION
[  88.8000]  PACKET_GENERATE        pkt=1139  flow=1  size=100B  pri=0
[  88.8000]  QUEUE_ENQUEUE          pkt=1139  node=src1  queue=1/1000 (0%)  state=NORMAL
[  88.8010]  QUEUE_DEQUEUE          pkt=1139  node=src1  wait=1.0ms  queue=0/1000  state=NORMAL
[  88.8010]  PACKET_TRANSMIT        pkt=1139  link=src1→router  delay=1.0ms
[  88.8020]  QUEUE_DEQUEUE          pkt=1112  node=router  wait=2000.0ms  queue=18/20  state=INCREMENTAL_COMPRESSION
[  88.8020]  PACKET_TRANSMIT        pkt=1112  link=router→dst  delay=5.0ms
[  88.8020]  PACKET_ARRIVAL         pkt=1139  node=router  hop=1
[  88.8020]  QUEUE_ENQUEUE          pkt=1139  node=router  queue=19/20 (95%)  state=INCREMENTAL_COMPRESSION
[  88.8070]  PACKET_ARRIVAL         pkt=1112  node=dst  hop=2
[  88.8070]  PACKET_DELIVER         pkt=1112  flow=1  latency=2007.0ms
[  88.9020]  QUEUE_DEQUEUE          pkt=1117  node=router  wait=1900.0ms  queue=18/20  state=INCREMENTAL_COMPRESSION
[  88.9020]  PACKET_TRANSMIT        pkt=1117  link=router→dst  delay=5.0ms
[  88.9070]  PACKET_ARRIVAL         pkt=1117  node=dst  hop=2
[  88.9070]  PACKET_DELIVER         pkt=1117  flow=1  latency=1907.0ms
[  88.9072]  PACKET_GENERATE        pkt=1140  flow=0  size=1408B  pri=1
[  88.9072]  QUEUE_ENQUEUE          pkt=1140  node=src0  queue=1/1000 (0%)  state=NORMAL
[  88.9082]  QUEUE_DEQUEUE          pkt=1140  node=src0  wait=1.0ms  queue=0/1000  state=NORMAL
[  88.9082]  PACKET_TRANSMIT        pkt=1140  link=src0→router  delay=1.0ms
[  88.9092]  PACKET_ARRIVAL         pkt=1140  node=router  hop=1
[  88.9092]  QUEUE_ENQUEUE          pkt=1140  node=router  queue=19/20 (95%)  state=INCREMENTAL_COMPRESSION
[  88.9263]  PACKET_GENERATE        pkt=1141  flow=0  size=1481B  pri=1
[  88.9263]  QUEUE_ENQUEUE          pkt=1141  node=src0  queue=1/1000 (0%)  state=NORMAL
[  88.9273]  QUEUE_DEQUEUE          pkt=1141  node=src0  wait=1.0ms  queue=0/1000  state=NORMAL
[  88.9273]  PACKET_TRANSMIT        pkt=1141  link=src0→router  delay=1.0ms
[  88.9283]  PACKET_ARRIVAL         pkt=1141  node=router  hop=1
[  88.9283]  QUEUE_ENQUEUE          pkt=1141  node=router  queue=20/20 (100%)  state=INCREMENTAL_COMPRESSION
[  89.0000]  PACKET_GENERATE        pkt=1142  flow=1  size=100B  pri=0
[  89.0000]  QUEUE_ENQUEUE          pkt=1142  node=src1  queue=1/1000 (0%)  state=NORMAL
[  89.0010]  QUEUE_DEQUEUE          pkt=1142  node=src1  wait=1.0ms  queue=0/1000  state=NORMAL
[  89.0010]  PACKET_TRANSMIT        pkt=1142  link=src1→router  delay=1.0ms
[  89.0020]  QUEUE_DEQUEUE          pkt=1118  node=router  wait=1974.7ms  queue=19/20  state=INCREMENTAL_COMPRESSION
[  89.0020]  STATE_UPDATE           node=router  INCREMENTAL_COMPRESSION → DROP_LOW_PRIORITY
[  89.0020]  PACKET_TRANSMIT        pkt=1118  link=router→dst  delay=5.0ms
[  89.0020]  PACKET_ARRIVAL         pkt=1142  node=router  hop=1
[  89.0020]  QUEUE_ENQUEUE          pkt=1142  node=router  queue=20/20 (100%)  state=DROP_LOW_PRIORITY
[  89.0070]  PACKET_ARRIVAL         pkt=1118  node=dst  hop=2
[  89.0070]  PACKET_DELIVER         pkt=1118  flow=0  latency=1981.7ms
[  89.1020]  QUEUE_DEQUEUE          pkt=1121  node=router  wait=1900.0ms  queue=19/20  state=DROP_LOW_PRIORITY
[  89.1020]  PACKET_TRANSMIT        pkt=1121  link=router→dst  delay=5.0ms
[  89.1070]  PACKET_ARRIVAL         pkt=1121  node=dst  hop=2
[  89.1070]  PACKET_DELIVER         pkt=1121  flow=1  latency=1907.0ms
[  89.2000]  PACKET_GENERATE        pkt=1143  flow=1  size=100B  pri=0
[  89.2000]  QUEUE_ENQUEUE          pkt=1143  node=src1  queue=1/1000 (0%)  state=NORMAL
[  89.2010]  QUEUE_DEQUEUE          pkt=1143  node=src1  wait=1.0ms  queue=0/1000  state=NORMAL
[  89.2010]  PACKET_TRANSMIT        pkt=1143  link=src1→router  delay=1.0ms
[  89.2020]  QUEUE_DEQUEUE          pkt=1122  node=router  wait=1870.9ms  queue=18/20  state=DROP_LOW_PRIORITY
[  89.2020]  STATE_UPDATE           node=router  DROP_LOW_PRIORITY → INCREMENTAL_COMPRESSION
[  89.2020]  PACKET_TRANSMIT        pkt=1122  link=router→dst  delay=5.0ms
[  89.2020]  PACKET_ARRIVAL         pkt=1143  node=router  hop=1
[  89.2020]  QUEUE_ENQUEUE          pkt=1143  node=router  queue=19/20 (95%)  state=INCREMENTAL_COMPRESSION
[  89.2070]  PACKET_ARRIVAL         pkt=1122  node=dst  hop=2
[  89.2070]  PACKET_DELIVER         pkt=1122  flow=0  latency=1877.9ms
[  89.3020]  QUEUE_DEQUEUE          pkt=1123  node=router  wait=1900.0ms  queue=18/20  state=INCREMENTAL_COMPRESSION
[  89.3020]  PACKET_TRANSMIT        pkt=1123  link=router→dst  delay=5.0ms
[  89.3070]  PACKET_ARRIVAL         pkt=1123  node=dst  hop=2
[  89.3070]  PACKET_DELIVER         pkt=1123  flow=1  latency=1907.0ms
[  89.3724]  PACKET_GENERATE        pkt=1144  flow=0  size=1411B  pri=1
[  89.3724]  QUEUE_ENQUEUE          pkt=1144  node=src0  queue=1/1000 (0%)  state=NORMAL
[  89.3734]  QUEUE_DEQUEUE          pkt=1144  node=src0  wait=1.0ms  queue=0/1000  state=NORMAL
[  89.3734]  PACKET_TRANSMIT        pkt=1144  link=src0→router  delay=1.0ms
[  89.3744]  PACKET_ARRIVAL         pkt=1144  node=router  hop=1
[  89.3744]  QUEUE_ENQUEUE          pkt=1144  node=router  queue=19/20 (95%)  state=INCREMENTAL_COMPRESSION
[  89.4000]  PACKET_GENERATE        pkt=1145  flow=1  size=100B  pri=0
[  89.4000]  QUEUE_ENQUEUE          pkt=1145  node=src1  queue=1/1000 (0%)  state=NORMAL
[  89.4010]  QUEUE_DEQUEUE          pkt=1145  node=src1  wait=1.0ms  queue=0/1000  state=NORMAL
[  89.4010]  PACKET_TRANSMIT        pkt=1145  link=src1→router  delay=1.0ms
[  89.4020]  QUEUE_DEQUEUE          pkt=1124  node=router  wait=1800.0ms  queue=18/20  state=INCREMENTAL_COMPRESSION
[  89.4020]  PACKET_TRANSMIT        pkt=1124  link=router→dst  delay=5.0ms
[  89.4020]  PACKET_ARRIVAL         pkt=1145  node=router  hop=1
[  89.4020]  QUEUE_ENQUEUE          pkt=1145  node=router  queue=19/20 (95%)  state=INCREMENTAL_COMPRESSION
[  89.4070]  PACKET_ARRIVAL         pkt=1124  node=dst  hop=2
[  89.4070]  PACKET_DELIVER         pkt=1124  flow=1  latency=1807.0ms
[  89.5020]  QUEUE_DEQUEUE          pkt=1125  node=router  wait=1712.0ms  queue=18/20  state=INCREMENTAL_COMPRESSION
[  89.5020]  PACKET_TRANSMIT        pkt=1125  link=router→dst  delay=5.0ms
[  89.5070]  PACKET_ARRIVAL         pkt=1125  node=dst  hop=2
[  89.5070]  PACKET_DELIVER         pkt=1125  flow=0  latency=1719.0ms
[  89.5437]  PACKET_GENERATE        pkt=1146  flow=0  size=1427B  pri=1
[  89.5437]  QUEUE_ENQUEUE          pkt=1146  node=src0  queue=1/1000 (0%)  state=NORMAL
[  89.5447]  QUEUE_DEQUEUE          pkt=1146  node=src0  wait=1.0ms  queue=0/1000  state=NORMAL
[  89.5447]  PACKET_TRANSMIT        pkt=1146  link=src0→router  delay=1.0ms
[  89.5457]  PACKET_ARRIVAL         pkt=1146  node=router  hop=1
[  89.5457]  QUEUE_ENQUEUE          pkt=1146  node=router  queue=19/20 (95%)  state=INCREMENTAL_COMPRESSION
[  89.6000]  PACKET_GENERATE        pkt=1147  flow=1  size=100B  pri=0
[  89.6000]  QUEUE_ENQUEUE          pkt=1147  node=src1  queue=1/1000 (0%)  state=NORMAL
[  89.6010]  QUEUE_DEQUEUE          pkt=1147  node=src1  wait=1.0ms  queue=0/1000  state=NORMAL
[  89.6010]  PACKET_TRANSMIT        pkt=1147  link=src1→router  delay=1.0ms
[  89.6020]  QUEUE_DEQUEUE          pkt=1126  node=router  wait=1800.0ms  queue=18/20  state=INCREMENTAL_COMPRESSION
[  89.6020]  PACKET_TRANSMIT        pkt=1126  link=router→dst  delay=5.0ms
[  89.6020]  PACKET_ARRIVAL         pkt=1147  node=router  hop=1
[  89.6020]  QUEUE_ENQUEUE          pkt=1147  node=router  queue=19/20 (95%)  state=INCREMENTAL_COMPRESSION
[  89.6027]  PACKET_GENERATE        pkt=1148  flow=0  size=1458B  pri=1
[  89.6027]  QUEUE_ENQUEUE          pkt=1148  node=src0  queue=1/1000 (0%)  state=NORMAL
[  89.6037]  QUEUE_DEQUEUE          pkt=1148  node=src0  wait=1.0ms  queue=0/1000  state=NORMAL
[  89.6037]  PACKET_TRANSMIT        pkt=1148  link=src0→router  delay=1.0ms
[  89.6047]  PACKET_ARRIVAL         pkt=1148  node=router  hop=1
[  89.6047]  QUEUE_ENQUEUE          pkt=1148  node=router  queue=20/20 (100%)  state=INCREMENTAL_COMPRESSION
[  89.6070]  PACKET_ARRIVAL         pkt=1126  node=dst  hop=2
[  89.6070]  PACKET_DELIVER         pkt=1126  flow=1  latency=1807.0ms
[  89.6548]  PACKET_GENERATE        pkt=1149  flow=0  size=1447B  pri=1
[  89.6548]  QUEUE_ENQUEUE          pkt=1149  node=src0  queue=1/1000 (0%)  state=NORMAL
[  89.6558]  QUEUE_DEQUEUE          pkt=1149  node=src0  wait=1.0ms  queue=0/1000  state=NORMAL
[  89.6558]  PACKET_TRANSMIT        pkt=1149  link=src0→router  delay=1.0ms
[  89.6568]  PACKET_ARRIVAL         pkt=1149  node=router  hop=1
[  89.6568]  QUEUE_DROP(full)       pkt=1149  node=router  pri=1  queue=20/20 FULL
[  89.7015]  PACKET_GENERATE        pkt=1150  flow=0  size=1441B  pri=1
[  89.7015]  QUEUE_ENQUEUE          pkt=1150  node=src0  queue=1/1000 (0%)  state=NORMAL
[  89.7020]  QUEUE_DEQUEUE          pkt=1127  node=router  wait=1793.2ms  queue=19/20  state=INCREMENTAL_COMPRESSION
[  89.7020]  STATE_UPDATE           node=router  INCREMENTAL_COMPRESSION → DROP_LOW_PRIORITY
[  89.7020]  PACKET_TRANSMIT        pkt=1127  link=router→dst  delay=5.0ms
[  89.7025]  QUEUE_DEQUEUE          pkt=1150  node=src0  wait=1.0ms  queue=0/1000  state=NORMAL
[  89.7025]  PACKET_TRANSMIT        pkt=1150  link=src0→router  delay=1.0ms
[  89.7035]  PACKET_ARRIVAL         pkt=1150  node=router  hop=1
[  89.7035]  QUEUE_DROP(congestion) pkt=1150  node=router  pri=1  state=DROP_LOW_PRIORITY
[  89.7070]  PACKET_ARRIVAL         pkt=1127  node=dst  hop=2
[  89.7070]  PACKET_DELIVER         pkt=1127  flow=0  latency=1800.2ms
[  89.8000]  PACKET_GENERATE        pkt=1151  flow=1  size=100B  pri=0
[  89.8000]  QUEUE_ENQUEUE          pkt=1151  node=src1  queue=1/1000 (0%)  state=NORMAL
[  89.8010]  QUEUE_DEQUEUE          pkt=1151  node=src1  wait=1.0ms  queue=0/1000  state=NORMAL
[  89.8010]  PACKET_TRANSMIT        pkt=1151  link=src1→router  delay=1.0ms
[  89.8020]  QUEUE_DEQUEUE          pkt=1128  node=router  wait=1800.0ms  queue=18/20  state=DROP_LOW_PRIORITY
[  89.8020]  STATE_UPDATE           node=router  DROP_LOW_PRIORITY → INCREMENTAL_COMPRESSION
[  89.8020]  PACKET_TRANSMIT        pkt=1128  link=router→dst  delay=5.0ms
[  89.8020]  PACKET_ARRIVAL         pkt=1151  node=router  hop=1
[  89.8020]  QUEUE_ENQUEUE          pkt=1151  node=router  queue=19/20 (95%)  state=INCREMENTAL_COMPRESSION
[  89.8070]  PACKET_ARRIVAL         pkt=1128  node=dst  hop=2
[  89.8070]  PACKET_DELIVER         pkt=1128  flow=1  latency=1807.0ms
[  89.8890]  PACKET_GENERATE        pkt=1152  flow=0  size=1472B  pri=1
[  89.8890]  QUEUE_ENQUEUE          pkt=1152  node=src0  queue=1/1000 (0%)  state=NORMAL
[  89.8900]  QUEUE_DEQUEUE          pkt=1152  node=src0  wait=1.0ms  queue=0/1000  state=NORMAL
[  89.8900]  PACKET_TRANSMIT        pkt=1152  link=src0→router  delay=1.0ms
[  89.8910]  PACKET_ARRIVAL         pkt=1152  node=router  hop=1
[  89.8910]  QUEUE_ENQUEUE          pkt=1152  node=router  queue=20/20 (100%)  state=INCREMENTAL_COMPRESSION
[  89.9020]  QUEUE_DEQUEUE          pkt=1129  node=router  wait=1891.5ms  queue=19/20  state=INCREMENTAL_COMPRESSION
[  89.9020]  STATE_UPDATE           node=router  INCREMENTAL_COMPRESSION → DROP_LOW_PRIORITY
[  89.9020]  PACKET_TRANSMIT        pkt=1129  link=router→dst  delay=5.0ms
[  89.9070]  PACKET_ARRIVAL         pkt=1129  node=dst  hop=2
[  89.9070]  PACKET_DELIVER         pkt=1129  flow=0  latency=1898.5ms
[  90.0000]  METRIC_SAMPLE          tput=10.00 pkt/s  PDR=0.650  lat=1766.72ms  q_occ=0.237  drops= 385  state=DROP_LOW_PRIORITY
[  90.0000]  PACKET_GENERATE        pkt=1153  flow=1  size=100B  pri=0
[  90.0000]  QUEUE_ENQUEUE          pkt=1153  node=src1  queue=1/1000 (0%)  state=NORMAL
[  90.0010]  QUEUE_DEQUEUE          pkt=1153  node=src1  wait=1.0ms  queue=0/1000  state=NORMAL
[  90.0010]  PACKET_TRANSMIT        pkt=1153  link=src1→router  delay=1.0ms
[  90.0020]  QUEUE_DEQUEUE          pkt=1130  node=router  wait=1800.0ms  queue=18/20  state=DROP_LOW_PRIORITY
[  90.0020]  STATE_UPDATE           node=router  DROP_LOW_PRIORITY → INCREMENTAL_COMPRESSION
[  90.0020]  PACKET_TRANSMIT        pkt=1130  link=router→dst  delay=5.0ms
[  90.0020]  PACKET_ARRIVAL         pkt=1153  node=router  hop=1
[  90.0020]  QUEUE_ENQUEUE          pkt=1153  node=router  queue=19/20 (95%)  state=INCREMENTAL_COMPRESSION
[  90.0024]  PACKET_GENERATE        pkt=1154  flow=0  size=1406B  pri=1
[  90.0024]  QUEUE_ENQUEUE          pkt=1154  node=src0  queue=1/1000 (0%)  state=NORMAL
[  90.0034]  QUEUE_DEQUEUE          pkt=1154  node=src0  wait=1.0ms  queue=0/1000  state=NORMAL
[  90.0034]  PACKET_TRANSMIT        pkt=1154  link=src0→router  delay=1.0ms
[  90.0044]  PACKET_ARRIVAL         pkt=1154  node=router  hop=1
[  90.0044]  QUEUE_ENQUEUE          pkt=1154  node=router  queue=20/20 (100%)  state=INCREMENTAL_COMPRESSION
[  90.0070]  PACKET_ARRIVAL         pkt=1130  node=dst  hop=2
[  90.0070]  PACKET_DELIVER         pkt=1130  flow=1  latency=1807.0ms
[  90.0235]  PACKET_GENERATE        pkt=1155  flow=0  size=1496B  pri=1
[  90.0235]  QUEUE_ENQUEUE          pkt=1155  node=src0  queue=1/1000 (0%)  state=NORMAL
[  90.0245]  QUEUE_DEQUEUE          pkt=1155  node=src0  wait=1.0ms  queue=0/1000  state=NORMAL
[  90.0245]  PACKET_TRANSMIT        pkt=1155  link=src0→router  delay=1.0ms
[  90.0255]  PACKET_ARRIVAL         pkt=1155  node=router  hop=1
[  90.0255]  QUEUE_DROP(full)       pkt=1155  node=router  pri=1  queue=20/20 FULL
[  90.1020]  QUEUE_DEQUEUE          pkt=1131  node=router  wait=1760.7ms  queue=19/20  state=INCREMENTAL_COMPRESSION
[  90.1020]  STATE_UPDATE           node=router  INCREMENTAL_COMPRESSION → DROP_LOW_PRIORITY
[  90.1020]  PACKET_TRANSMIT        pkt=1131  link=router→dst  delay=5.0ms
[  90.1070]  PACKET_ARRIVAL         pkt=1131  node=dst  hop=2
[  90.1070]  PACKET_DELIVER         pkt=1131  flow=0  latency=1767.7ms
[  90.1437]  PACKET_GENERATE        pkt=1156  flow=0  size=1486B  pri=1
[  90.1437]  QUEUE_ENQUEUE          pkt=1156  node=src0  queue=1/1000 (0%)  state=NORMAL
[  90.1447]  QUEUE_DEQUEUE          pkt=1156  node=src0  wait=1.0ms  queue=0/1000  state=NORMAL
[  90.1447]  PACKET_TRANSMIT        pkt=1156  link=src0→router  delay=1.0ms
[  90.1457]  PACKET_ARRIVAL         pkt=1156  node=router  hop=1
[  90.1457]  QUEUE_DROP(congestion) pkt=1156  node=router  pri=1  state=DROP_LOW_PRIORITY
[  90.1544]  PACKET_GENERATE        pkt=1157  flow=0  size=1456B  pri=1
[  90.1544]  QUEUE_ENQUEUE          pkt=1157  node=src0  queue=1/1000 (0%)  state=NORMAL
[  90.1554]  QUEUE_DEQUEUE          pkt=1157  node=src0  wait=1.0ms  queue=0/1000  state=NORMAL
[  90.1554]  PACKET_TRANSMIT        pkt=1157  link=src0→router  delay=1.0ms
[  90.1564]  PACKET_ARRIVAL         pkt=1157  node=router  hop=1
[  90.1564]  QUEUE_DROP(congestion) pkt=1157  node=router  pri=1  state=DROP_LOW_PRIORITY
[  90.2000]  PACKET_GENERATE        pkt=1158  flow=1  size=100B  pri=0
[  90.2000]  QUEUE_ENQUEUE          pkt=1158  node=src1  queue=1/1000 (0%)  state=NORMAL
[  90.2010]  QUEUE_DEQUEUE          pkt=1158  node=src1  wait=1.0ms  queue=0/1000  state=NORMAL
[  90.2010]  PACKET_TRANSMIT        pkt=1158  link=src1→router  delay=1.0ms
[  90.2020]  QUEUE_DEQUEUE          pkt=1132  node=router  wait=1821.8ms  queue=18/20  state=DROP_LOW_PRIORITY
[  90.2020]  STATE_UPDATE           node=router  DROP_LOW_PRIORITY → INCREMENTAL_COMPRESSION
[  90.2020]  PACKET_TRANSMIT        pkt=1132  link=router→dst  delay=5.0ms
[  90.2020]  PACKET_ARRIVAL         pkt=1158  node=router  hop=1
[  90.2020]  QUEUE_ENQUEUE          pkt=1158  node=router  queue=19/20 (95%)  state=INCREMENTAL_COMPRESSION
[  90.2070]  PACKET_ARRIVAL         pkt=1132  node=dst  hop=2
[  90.2070]  PACKET_DELIVER         pkt=1132  flow=0  latency=1828.8ms
[  90.2899]  PACKET_GENERATE        pkt=1159  flow=0  size=1462B  pri=1
[  90.2899]  QUEUE_ENQUEUE          pkt=1159  node=src0  queue=1/1000 (0%)  state=NORMAL
[  90.2909]  QUEUE_DEQUEUE          pkt=1159  node=src0  wait=1.0ms  queue=0/1000  state=NORMAL
[  90.2909]  PACKET_TRANSMIT        pkt=1159  link=src0→router  delay=1.0ms
[  90.2919]  PACKET_ARRIVAL         pkt=1159  node=router  hop=1
[  90.2919]  QUEUE_ENQUEUE          pkt=1159  node=router  queue=20/20 (100%)  state=INCREMENTAL_COMPRESSION
[  90.3020]  QUEUE_DEQUEUE          pkt=1133  node=router  wait=1900.0ms  queue=19/20  state=INCREMENTAL_COMPRESSION
[  90.3020]  STATE_UPDATE           node=router  INCREMENTAL_COMPRESSION → DROP_LOW_PRIORITY
[  90.3020]  PACKET_TRANSMIT        pkt=1133  link=router→dst  delay=5.0ms
[  90.3070]  PACKET_ARRIVAL         pkt=1133  node=dst  hop=2
[  90.3070]  PACKET_DELIVER         pkt=1133  flow=1  latency=1907.0ms
[  90.4000]  PACKET_GENERATE        pkt=1160  flow=1  size=100B  pri=0
[  90.4000]  QUEUE_ENQUEUE          pkt=1160  node=src1  queue=1/1000 (0%)  state=NORMAL
[  90.4010]  QUEUE_DEQUEUE          pkt=1160  node=src1  wait=1.0ms  queue=0/1000  state=NORMAL
[  90.4010]  PACKET_TRANSMIT        pkt=1160  link=src1→router  delay=1.0ms
[  90.4020]  QUEUE_DEQUEUE          pkt=1134  node=router  wait=1981.9ms  queue=18/20  state=DROP_LOW_PRIORITY
[  90.4020]  STATE_UPDATE           node=router  DROP_LOW_PRIORITY → INCREMENTAL_COMPRESSION
[  90.4020]  PACKET_TRANSMIT        pkt=1134  link=router→dst  delay=5.0ms
[  90.4020]  PACKET_ARRIVAL         pkt=1160  node=router  hop=1
[  90.4020]  QUEUE_ENQUEUE          pkt=1160  node=router  queue=19/20 (95%)  state=INCREMENTAL_COMPRESSION
[  90.4067]  PACKET_GENERATE        pkt=1161  flow=0  size=1453B  pri=1
[  90.4067]  QUEUE_ENQUEUE          pkt=1161  node=src0  queue=1/1000 (0%)  state=NORMAL
[  90.4070]  PACKET_ARRIVAL         pkt=1134  node=dst  hop=2
[  90.4070]  PACKET_DELIVER         pkt=1134  flow=0  latency=1988.9ms
[  90.4077]  QUEUE_DEQUEUE          pkt=1161  node=src0  wait=1.0ms  queue=0/1000  state=NORMAL
[  90.4077]  PACKET_TRANSMIT        pkt=1161  link=src0→router  delay=1.0ms
[  90.4087]  PACKET_ARRIVAL         pkt=1161  node=router  hop=1
[  90.4087]  QUEUE_ENQUEUE          pkt=1161  node=router  queue=20/20 (100%)  state=INCREMENTAL_COMPRESSION
[  90.4466]  PACKET_GENERATE        pkt=1162  flow=0  size=1496B  pri=1
[  90.4466]  QUEUE_ENQUEUE          pkt=1162  node=src0  queue=1/1000 (0%)  state=NORMAL
[  90.4476]  QUEUE_DEQUEUE          pkt=1162  node=src0  wait=1.0ms  queue=0/1000  state=NORMAL
[  90.4476]  PACKET_TRANSMIT        pkt=1162  link=src0→router  delay=1.0ms
[  90.4486]  PACKET_ARRIVAL         pkt=1162  node=router  hop=1
[  90.4486]  QUEUE_DROP(full)       pkt=1162  node=router  pri=1  queue=20/20 FULL
[  90.5020]  QUEUE_DEQUEUE          pkt=1137  node=router  wait=1900.0ms  queue=19/20  state=INCREMENTAL_COMPRESSION
[  90.5020]  STATE_UPDATE           node=router  INCREMENTAL_COMPRESSION → DROP_LOW_PRIORITY
[  90.5020]  PACKET_TRANSMIT        pkt=1137  link=router→dst  delay=5.0ms
[  90.5070]  PACKET_ARRIVAL         pkt=1137  node=dst  hop=2
[  90.5070]  PACKET_DELIVER         pkt=1137  flow=1  latency=1907.0ms
[  90.5364]  PACKET_GENERATE        pkt=1163  flow=0  size=1444B  pri=1
[  90.5364]  QUEUE_ENQUEUE          pkt=1163  node=src0  queue=1/1000 (0%)  state=NORMAL
[  90.5374]  QUEUE_DEQUEUE          pkt=1163  node=src0  wait=1.0ms  queue=0/1000  state=NORMAL
[  90.5374]  PACKET_TRANSMIT        pkt=1163  link=src0→router  delay=1.0ms
[  90.5384]  PACKET_ARRIVAL         pkt=1163  node=router  hop=1
[  90.5384]  QUEUE_DROP(congestion) pkt=1163  node=router  pri=1  state=DROP_LOW_PRIORITY
[  90.6000]  PACKET_GENERATE        pkt=1164  flow=1  size=100B  pri=0
[  90.6000]  QUEUE_ENQUEUE          pkt=1164  node=src1  queue=1/1000 (0%)  state=NORMAL
[  90.6010]  QUEUE_DEQUEUE          pkt=1164  node=src1  wait=1.0ms  queue=0/1000  state=NORMAL
[  90.6010]  PACKET_TRANSMIT        pkt=1164  link=src1→router  delay=1.0ms
[  90.6020]  QUEUE_DEQUEUE          pkt=1138  node=router  wait=1826.7ms  queue=18/20  state=DROP_LOW_PRIORITY
[  90.6020]  STATE_UPDATE           node=router  DROP_LOW_PRIORITY → INCREMENTAL_COMPRESSION
[  90.6020]  PACKET_TRANSMIT        pkt=1138  link=router→dst  delay=5.0ms
[  90.6020]  PACKET_ARRIVAL         pkt=1164  node=router  hop=1
[  90.6020]  QUEUE_ENQUEUE          pkt=1164  node=router  queue=19/20 (95%)  state=INCREMENTAL_COMPRESSION
[  90.6066]  PACKET_GENERATE        pkt=1165  flow=0  size=1436B  pri=1
[  90.6066]  QUEUE_ENQUEUE          pkt=1165  node=src0  queue=1/1000 (0%)  state=NORMAL
[  90.6070]  PACKET_ARRIVAL         pkt=1138  node=dst  hop=2
[  90.6070]  PACKET_DELIVER         pkt=1138  flow=0  latency=1833.7ms
[  90.6076]  QUEUE_DEQUEUE          pkt=1165  node=src0  wait=1.0ms  queue=0/1000  state=NORMAL
[  90.6076]  PACKET_TRANSMIT        pkt=1165  link=src0→router  delay=1.0ms
[  90.6086]  PACKET_ARRIVAL         pkt=1165  node=router  hop=1
[  90.6086]  QUEUE_ENQUEUE          pkt=1165  node=router  queue=20/20 (100%)  state=INCREMENTAL_COMPRESSION
[  90.7020]  QUEUE_DEQUEUE          pkt=1139  node=router  wait=1900.0ms  queue=19/20  state=INCREMENTAL_COMPRESSION
[  90.7020]  STATE_UPDATE           node=router  INCREMENTAL_COMPRESSION → DROP_LOW_PRIORITY
[  90.7020]  PACKET_TRANSMIT        pkt=1139  link=router→dst  delay=5.0ms
[  90.7070]  PACKET_ARRIVAL         pkt=1139  node=dst  hop=2
[  90.7070]  PACKET_DELIVER         pkt=1139  flow=1  latency=1907.0ms
[  90.7483]  PACKET_GENERATE        pkt=1166  flow=0  size=1475B  pri=1
[  90.7483]  QUEUE_ENQUEUE          pkt=1166  node=src0  queue=1/1000 (0%)  state=NORMAL
[  90.7493]  QUEUE_DEQUEUE          pkt=1166  node=src0  wait=1.0ms  queue=0/1000  state=NORMAL
[  90.7493]  PACKET_TRANSMIT        pkt=1166  link=src0→router  delay=1.0ms
[  90.7503]  PACKET_ARRIVAL         pkt=1166  node=router  hop=1
[  90.7503]  QUEUE_DROP(congestion) pkt=1166  node=router  pri=1  state=DROP_LOW_PRIORITY
[  90.8000]  PACKET_GENERATE        pkt=1167  flow=1  size=100B  pri=0
[  90.8000]  QUEUE_ENQUEUE          pkt=1167  node=src1  queue=1/1000 (0%)  state=NORMAL
[  90.8010]  QUEUE_DEQUEUE          pkt=1167  node=src1  wait=1.0ms  queue=0/1000  state=NORMAL
[  90.8010]  PACKET_TRANSMIT        pkt=1167  link=src1→router  delay=1.0ms
[  90.8020]  QUEUE_DEQUEUE          pkt=1140  node=router  wait=1892.8ms  queue=18/20  state=DROP_LOW_PRIORITY
[  90.8020]  STATE_UPDATE           node=router  DROP_LOW_PRIORITY → INCREMENTAL_COMPRESSION
[  90.8020]  PACKET_TRANSMIT        pkt=1140  link=router→dst  delay=5.0ms
[  90.8020]  PACKET_ARRIVAL         pkt=1167  node=router  hop=1
[  90.8020]  QUEUE_ENQUEUE          pkt=1167  node=router  queue=19/20 (95%)  state=INCREMENTAL_COMPRESSION
[  90.8070]  PACKET_ARRIVAL         pkt=1140  node=dst  hop=2
[  90.8070]  PACKET_DELIVER         pkt=1140  flow=0  latency=1899.8ms
[  90.8317]  PACKET_GENERATE        pkt=1168  flow=0  size=1485B  pri=1
[  90.8317]  QUEUE_ENQUEUE          pkt=1168  node=src0  queue=1/1000 (0%)  state=NORMAL
[  90.8327]  QUEUE_DEQUEUE          pkt=1168  node=src0  wait=1.0ms  queue=0/1000  state=NORMAL
[  90.8327]  PACKET_TRANSMIT        pkt=1168  link=src0→router  delay=1.0ms
[  90.8337]  PACKET_ARRIVAL         pkt=1168  node=router  hop=1
[  90.8337]  QUEUE_ENQUEUE          pkt=1168  node=router  queue=20/20 (100%)  state=INCREMENTAL_COMPRESSION
[  90.8778]  PACKET_GENERATE        pkt=1169  flow=0  size=1428B  pri=1
[  90.8778]  QUEUE_ENQUEUE          pkt=1169  node=src0  queue=1/1000 (0%)  state=NORMAL
[  90.8788]  QUEUE_DEQUEUE          pkt=1169  node=src0  wait=1.0ms  queue=0/1000  state=NORMAL
[  90.8788]  PACKET_TRANSMIT        pkt=1169  link=src0→router  delay=1.0ms
[  90.8798]  PACKET_ARRIVAL         pkt=1169  node=router  hop=1
[  90.8798]  QUEUE_DROP(full)       pkt=1169  node=router  pri=1  queue=20/20 FULL
[  90.9020]  QUEUE_DEQUEUE          pkt=1141  node=router  wait=1973.7ms  queue=19/20  state=INCREMENTAL_COMPRESSION
[  90.9020]  STATE_UPDATE           node=router  INCREMENTAL_COMPRESSION → DROP_LOW_PRIORITY
[  90.9020]  PACKET_TRANSMIT        pkt=1141  link=router→dst  delay=5.0ms
[  90.9070]  PACKET_ARRIVAL         pkt=1141  node=dst  hop=2
[  90.9070]  PACKET_DELIVER         pkt=1141  flow=0  latency=1980.7ms
[  90.9406]  PACKET_GENERATE        pkt=1170  flow=0  size=1476B  pri=1
[  90.9406]  QUEUE_ENQUEUE          pkt=1170  node=src0  queue=1/1000 (0%)  state=NORMAL
[  90.9416]  QUEUE_DEQUEUE          pkt=1170  node=src0  wait=1.0ms  queue=0/1000  state=NORMAL
[  90.9416]  PACKET_TRANSMIT        pkt=1170  link=src0→router  delay=1.0ms
[  90.9426]  PACKET_ARRIVAL         pkt=1170  node=router  hop=1
[  90.9426]  QUEUE_DROP(congestion) pkt=1170  node=router  pri=1  state=DROP_LOW_PRIORITY
[  90.9477]  PACKET_GENERATE        pkt=1171  flow=0  size=1426B  pri=1
[  90.9477]  QUEUE_ENQUEUE          pkt=1171  node=src0  queue=1/1000 (0%)  state=NORMAL
[  90.9487]  QUEUE_DEQUEUE          pkt=1171  node=src0  wait=1.0ms  queue=0/1000  state=NORMAL
[  90.9487]  PACKET_TRANSMIT        pkt=1171  link=src0→router  delay=1.0ms
[  90.9497]  PACKET_ARRIVAL         pkt=1171  node=router  hop=1
[  90.9497]  QUEUE_DROP(congestion) pkt=1171  node=router  pri=1  state=DROP_LOW_PRIORITY
[  90.9925]  PACKET_GENERATE        pkt=1172  flow=0  size=1427B  pri=1
[  90.9925]  QUEUE_ENQUEUE          pkt=1172  node=src0  queue=1/1000 (0%)  state=NORMAL
[  90.9935]  QUEUE_DEQUEUE          pkt=1172  node=src0  wait=1.0ms  queue=0/1000  state=NORMAL
[  90.9935]  PACKET_TRANSMIT        pkt=1172  link=src0→router  delay=1.0ms
[  90.9945]  PACKET_ARRIVAL         pkt=1172  node=router  hop=1
[  90.9945]  QUEUE_DROP(congestion) pkt=1172  node=router  pri=1  state=DROP_LOW_PRIORITY
[  91.0000]  PACKET_GENERATE        pkt=1173  flow=1  size=100B  pri=0
[  91.0000]  QUEUE_ENQUEUE          pkt=1173  node=src1  queue=1/1000 (0%)  state=NORMAL
[  91.0010]  QUEUE_DEQUEUE          pkt=1173  node=src1  wait=1.0ms  queue=0/1000  state=NORMAL
[  91.0010]  PACKET_TRANSMIT        pkt=1173  link=src1→router  delay=1.0ms
[  91.0020]  QUEUE_DEQUEUE          pkt=1142  node=router  wait=2000.0ms  queue=18/20  state=DROP_LOW_PRIORITY
[  91.0020]  STATE_UPDATE           node=router  DROP_LOW_PRIORITY → INCREMENTAL_COMPRESSION
[  91.0020]  PACKET_TRANSMIT        pkt=1142  link=router→dst  delay=5.0ms
[  91.0020]  PACKET_ARRIVAL         pkt=1173  node=router  hop=1
[  91.0020]  QUEUE_ENQUEUE          pkt=1173  node=router  queue=19/20 (95%)  state=INCREMENTAL_COMPRESSION
[  91.0070]  PACKET_ARRIVAL         pkt=1142  node=dst  hop=2
[  91.0070]  PACKET_DELIVER         pkt=1142  flow=1  latency=2007.0ms
[  91.1020]  QUEUE_DEQUEUE          pkt=1143  node=router  wait=1900.0ms  queue=18/20  state=INCREMENTAL_COMPRESSION
[  91.1020]  PACKET_TRANSMIT        pkt=1143  link=router→dst  delay=5.0ms
[  91.1070]  PACKET_ARRIVAL         pkt=1143  node=dst  hop=2
[  91.1070]  PACKET_DELIVER         pkt=1143  flow=1  latency=1907.0ms
[  91.1748]  PACKET_GENERATE        pkt=1174  flow=0  size=1497B  pri=1
[  91.1748]  QUEUE_ENQUEUE          pkt=1174  node=src0  queue=1/1000 (0%)  state=NORMAL
[  91.1758]  QUEUE_DEQUEUE          pkt=1174  node=src0  wait=1.0ms  queue=0/1000  state=NORMAL
[  91.1758]  PACKET_TRANSMIT        pkt=1174  link=src0→router  delay=1.0ms
[  91.1768]  PACKET_ARRIVAL         pkt=1174  node=router  hop=1
[  91.1768]  QUEUE_ENQUEUE          pkt=1174  node=router  queue=19/20 (95%)  state=INCREMENTAL_COMPRESSION
[  91.2000]  PACKET_GENERATE        pkt=1175  flow=1  size=100B  pri=0
[  91.2000]  QUEUE_ENQUEUE          pkt=1175  node=src1  queue=1/1000 (0%)  state=NORMAL
[  91.2010]  QUEUE_DEQUEUE          pkt=1175  node=src1  wait=1.0ms  queue=0/1000  state=NORMAL
[  91.2010]  PACKET_TRANSMIT        pkt=1175  link=src1→router  delay=1.0ms
[  91.2020]  QUEUE_DEQUEUE          pkt=1144  node=router  wait=1827.6ms  queue=18/20  state=INCREMENTAL_COMPRESSION
[  91.2020]  PACKET_TRANSMIT        pkt=1144  link=router→dst  delay=5.0ms
[  91.2020]  PACKET_ARRIVAL         pkt=1175  node=router  hop=1
[  91.2020]  QUEUE_ENQUEUE          pkt=1175  node=router  queue=19/20 (95%)  state=INCREMENTAL_COMPRESSION
[  91.2070]  PACKET_ARRIVAL         pkt=1144  node=dst  hop=2
[  91.2070]  PACKET_DELIVER         pkt=1144  flow=0  latency=1834.6ms
[  91.2117]  PACKET_GENERATE        pkt=1176  flow=0  size=1441B  pri=1
[  91.2117]  QUEUE_ENQUEUE          pkt=1176  node=src0  queue=1/1000 (0%)  state=NORMAL
[  91.2127]  QUEUE_DEQUEUE          pkt=1176  node=src0  wait=1.0ms  queue=0/1000  state=NORMAL
[  91.2127]  PACKET_TRANSMIT        pkt=1176  link=src0→router  delay=1.0ms
[  91.2137]  PACKET_ARRIVAL         pkt=1176  node=router  hop=1
[  91.2137]  QUEUE_ENQUEUE          pkt=1176  node=router  queue=20/20 (100%)  state=INCREMENTAL_COMPRESSION
[  91.2277]  PACKET_GENERATE        pkt=1177  flow=0  size=1463B  pri=1
[  91.2277]  QUEUE_ENQUEUE          pkt=1177  node=src0  queue=1/1000 (0%)  state=NORMAL
[  91.2287]  QUEUE_DEQUEUE          pkt=1177  node=src0  wait=1.0ms  queue=0/1000  state=NORMAL
[  91.2287]  PACKET_TRANSMIT        pkt=1177  link=src0→router  delay=1.0ms
[  91.2297]  PACKET_ARRIVAL         pkt=1177  node=router  hop=1
[  91.2297]  QUEUE_DROP(full)       pkt=1177  node=router  pri=1  queue=20/20 FULL
[  91.3020]  QUEUE_DEQUEUE          pkt=1145  node=router  wait=1900.0ms  queue=19/20  state=INCREMENTAL_COMPRESSION
[  91.3020]  STATE_UPDATE           node=router  INCREMENTAL_COMPRESSION → DROP_LOW_PRIORITY
[  91.3020]  PACKET_TRANSMIT        pkt=1145  link=router→dst  delay=5.0ms
[  91.3070]  PACKET_ARRIVAL         pkt=1145  node=dst  hop=2
[  91.3070]  PACKET_DELIVER         pkt=1145  flow=1  latency=1907.0ms
[  91.3995]  PACKET_GENERATE        pkt=1178  flow=0  size=1422B  pri=1
[  91.3995]  QUEUE_ENQUEUE          pkt=1178  node=src0  queue=1/1000 (0%)  state=NORMAL
[  91.4000]  PACKET_GENERATE        pkt=1179  flow=1  size=100B  pri=0
[  91.4000]  QUEUE_ENQUEUE          pkt=1179  node=src1  queue=1/1000 (0%)  state=NORMAL
[  91.4005]  QUEUE_DEQUEUE          pkt=1178  node=src0  wait=1.0ms  queue=0/1000  state=NORMAL
[  91.4005]  PACKET_TRANSMIT        pkt=1178  link=src0→router  delay=1.0ms
[  91.4010]  QUEUE_DEQUEUE          pkt=1179  node=src1  wait=1.0ms  queue=0/1000  state=NORMAL
[  91.4010]  PACKET_TRANSMIT        pkt=1179  link=src1→router  delay=1.0ms
[  91.4015]  PACKET_ARRIVAL         pkt=1178  node=router  hop=1
[  91.4015]  QUEUE_DROP(congestion) pkt=1178  node=router  pri=1  state=DROP_LOW_PRIORITY
[  91.4020]  QUEUE_DEQUEUE          pkt=1146  node=router  wait=1856.3ms  queue=18/20  state=DROP_LOW_PRIORITY
[  91.4020]  STATE_UPDATE           node=router  DROP_LOW_PRIORITY → INCREMENTAL_COMPRESSION
[  91.4020]  PACKET_TRANSMIT        pkt=1146  link=router→dst  delay=5.0ms
[  91.4020]  PACKET_ARRIVAL         pkt=1179  node=router  hop=1
[  91.4020]  QUEUE_ENQUEUE          pkt=1179  node=router  queue=19/20 (95%)  state=INCREMENTAL_COMPRESSION
[  91.4070]  PACKET_ARRIVAL         pkt=1146  node=dst  hop=2
[  91.4070]  PACKET_DELIVER         pkt=1146  flow=0  latency=1863.3ms
[  91.4168]  PACKET_GENERATE        pkt=1180  flow=0  size=1468B  pri=1
[  91.4168]  QUEUE_ENQUEUE          pkt=1180  node=src0  queue=1/1000 (0%)  state=NORMAL
[  91.4178]  QUEUE_DEQUEUE          pkt=1180  node=src0  wait=1.0ms  queue=0/1000  state=NORMAL
[  91.4178]  PACKET_TRANSMIT        pkt=1180  link=src0→router  delay=1.0ms
[  91.4188]  PACKET_ARRIVAL         pkt=1180  node=router  hop=1
[  91.4188]  QUEUE_ENQUEUE          pkt=1180  node=router  queue=20/20 (100%)  state=INCREMENTAL_COMPRESSION
[  91.5020]  QUEUE_DEQUEUE          pkt=1147  node=router  wait=1900.0ms  queue=19/20  state=INCREMENTAL_COMPRESSION
[  91.5020]  STATE_UPDATE           node=router  INCREMENTAL_COMPRESSION → DROP_LOW_PRIORITY
[  91.5020]  PACKET_TRANSMIT        pkt=1147  link=router→dst  delay=5.0ms
[  91.5070]  PACKET_ARRIVAL         pkt=1147  node=dst  hop=2
[  91.5070]  PACKET_DELIVER         pkt=1147  flow=1  latency=1907.0ms
[  91.5688]  PACKET_GENERATE        pkt=1181  flow=0  size=1464B  pri=1
[  91.5688]  QUEUE_ENQUEUE          pkt=1181  node=src0  queue=1/1000 (0%)  state=NORMAL
[  91.5698]  QUEUE_DEQUEUE          pkt=1181  node=src0  wait=1.0ms  queue=0/1000  state=NORMAL
[  91.5698]  PACKET_TRANSMIT        pkt=1181  link=src0→router  delay=1.0ms
[  91.5708]  PACKET_ARRIVAL         pkt=1181  node=router  hop=1
[  91.5708]  QUEUE_DROP(congestion) pkt=1181  node=router  pri=1  state=DROP_LOW_PRIORITY
[  91.6000]  PACKET_GENERATE        pkt=1182  flow=1  size=100B  pri=0
[  91.6000]  QUEUE_ENQUEUE          pkt=1182  node=src1  queue=1/1000 (0%)  state=NORMAL
[  91.6010]  QUEUE_DEQUEUE          pkt=1182  node=src1  wait=1.0ms  queue=0/1000  state=NORMAL
[  91.6010]  PACKET_TRANSMIT        pkt=1182  link=src1→router  delay=1.0ms
[  91.6020]  QUEUE_DEQUEUE          pkt=1148  node=router  wait=1997.3ms  queue=18/20  state=DROP_LOW_PRIORITY
[  91.6020]  STATE_UPDATE           node=router  DROP_LOW_PRIORITY → INCREMENTAL_COMPRESSION
[  91.6020]  PACKET_TRANSMIT        pkt=1148  link=router→dst  delay=5.0ms
[  91.6020]  PACKET_ARRIVAL         pkt=1182  node=router  hop=1
[  91.6020]  QUEUE_ENQUEUE          pkt=1182  node=router  queue=19/20 (95%)  state=INCREMENTAL_COMPRESSION
[  91.6070]  PACKET_ARRIVAL         pkt=1148  node=dst  hop=2
[  91.6070]  PACKET_DELIVER         pkt=1148  flow=0  latency=2004.3ms
[  91.6711]  PACKET_GENERATE        pkt=1183  flow=0  size=1485B  pri=1
[  91.6711]  QUEUE_ENQUEUE          pkt=1183  node=src0  queue=1/1000 (0%)  state=NORMAL
[  91.6721]  QUEUE_DEQUEUE          pkt=1183  node=src0  wait=1.0ms  queue=0/1000  state=NORMAL
[  91.6721]  PACKET_TRANSMIT        pkt=1183  link=src0→router  delay=1.0ms
[  91.6731]  PACKET_ARRIVAL         pkt=1183  node=router  hop=1
[  91.6731]  QUEUE_ENQUEUE          pkt=1183  node=router  queue=20/20 (100%)  state=INCREMENTAL_COMPRESSION
[  91.7020]  QUEUE_DEQUEUE          pkt=1151  node=router  wait=1900.0ms  queue=19/20  state=INCREMENTAL_COMPRESSION
[  91.7020]  STATE_UPDATE           node=router  INCREMENTAL_COMPRESSION → DROP_LOW_PRIORITY
[  91.7020]  PACKET_TRANSMIT        pkt=1151  link=router→dst  delay=5.0ms
[  91.7070]  PACKET_ARRIVAL         pkt=1151  node=dst  hop=2
[  91.7070]  PACKET_DELIVER         pkt=1151  flow=1  latency=1907.0ms
[  91.8000]  PACKET_GENERATE        pkt=1184  flow=1  size=100B  pri=0
[  91.8000]  QUEUE_ENQUEUE          pkt=1184  node=src1  queue=1/1000 (0%)  state=NORMAL
[  91.8010]  QUEUE_DEQUEUE          pkt=1184  node=src1  wait=1.0ms  queue=0/1000  state=NORMAL
[  91.8010]  PACKET_TRANSMIT        pkt=1184  link=src1→router  delay=1.0ms
[  91.8020]  QUEUE_DEQUEUE          pkt=1152  node=router  wait=1911.0ms  queue=18/20  state=DROP_LOW_PRIORITY
[  91.8020]  STATE_UPDATE           node=router  DROP_LOW_PRIORITY → INCREMENTAL_COMPRESSION
[  91.8020]  PACKET_TRANSMIT        pkt=1152  link=router→dst  delay=5.0ms
[  91.8020]  PACKET_ARRIVAL         pkt=1184  node=router  hop=1
[  91.8020]  QUEUE_ENQUEUE          pkt=1184  node=router  queue=19/20 (95%)  state=INCREMENTAL_COMPRESSION
[  91.8070]  PACKET_ARRIVAL         pkt=1152  node=dst  hop=2
[  91.8070]  PACKET_DELIVER         pkt=1152  flow=0  latency=1918.0ms
[  91.8762]  PACKET_GENERATE        pkt=1185  flow=0  size=1409B  pri=1
[  91.8762]  QUEUE_ENQUEUE          pkt=1185  node=src0  queue=1/1000 (0%)  state=NORMAL
[  91.8772]  QUEUE_DEQUEUE          pkt=1185  node=src0  wait=1.0ms  queue=0/1000  state=NORMAL
[  91.8772]  PACKET_TRANSMIT        pkt=1185  link=src0→router  delay=1.0ms
[  91.8782]  PACKET_ARRIVAL         pkt=1185  node=router  hop=1
[  91.8782]  QUEUE_ENQUEUE          pkt=1185  node=router  queue=20/20 (100%)  state=INCREMENTAL_COMPRESSION
[  91.9020]  QUEUE_DEQUEUE          pkt=1153  node=router  wait=1900.0ms  queue=19/20  state=INCREMENTAL_COMPRESSION
[  91.9020]  STATE_UPDATE           node=router  INCREMENTAL_COMPRESSION → DROP_LOW_PRIORITY
[  91.9020]  PACKET_TRANSMIT        pkt=1153  link=router→dst  delay=5.0ms
[  91.9070]  PACKET_ARRIVAL         pkt=1153  node=dst  hop=2
[  91.9070]  PACKET_DELIVER         pkt=1153  flow=1  latency=1907.0ms
[  91.9394]  PACKET_GENERATE        pkt=1186  flow=0  size=1494B  pri=1
[  91.9394]  QUEUE_ENQUEUE          pkt=1186  node=src0  queue=1/1000 (0%)  state=NORMAL
[  91.9404]  QUEUE_DEQUEUE          pkt=1186  node=src0  wait=1.0ms  queue=0/1000  state=NORMAL
[  91.9404]  PACKET_TRANSMIT        pkt=1186  link=src0→router  delay=1.0ms
[  91.9414]  PACKET_ARRIVAL         pkt=1186  node=router  hop=1
[  91.9414]  QUEUE_DROP(congestion) pkt=1186  node=router  pri=1  state=DROP_LOW_PRIORITY
[  91.9448]  PACKET_GENERATE        pkt=1187  flow=0  size=1402B  pri=1
[  91.9448]  QUEUE_ENQUEUE          pkt=1187  node=src0  queue=1/1000 (0%)  state=NORMAL
[  91.9458]  QUEUE_DEQUEUE          pkt=1187  node=src0  wait=1.0ms  queue=0/1000  state=NORMAL
[  91.9458]  PACKET_TRANSMIT        pkt=1187  link=src0→router  delay=1.0ms
[  91.9468]  PACKET_ARRIVAL         pkt=1187  node=router  hop=1
[  91.9468]  QUEUE_DROP(congestion) pkt=1187  node=router  pri=1  state=DROP_LOW_PRIORITY
[  92.0000]  PACKET_GENERATE        pkt=1188  flow=1  size=100B  pri=0
[  92.0000]  QUEUE_ENQUEUE          pkt=1188  node=src1  queue=1/1000 (0%)  state=NORMAL
[  92.0010]  QUEUE_DEQUEUE          pkt=1188  node=src1  wait=1.0ms  queue=0/1000  state=NORMAL
[  92.0010]  PACKET_TRANSMIT        pkt=1188  link=src1→router  delay=1.0ms
[  92.0020]  QUEUE_DEQUEUE          pkt=1154  node=router  wait=1997.6ms  queue=18/20  state=DROP_LOW_PRIORITY
[  92.0020]  STATE_UPDATE           node=router  DROP_LOW_PRIORITY → INCREMENTAL_COMPRESSION
[  92.0020]  PACKET_TRANSMIT        pkt=1154  link=router→dst  delay=5.0ms
[  92.0020]  PACKET_ARRIVAL         pkt=1188  node=router  hop=1
[  92.0020]  QUEUE_ENQUEUE          pkt=1188  node=router  queue=19/20 (95%)  state=INCREMENTAL_COMPRESSION
[  92.0070]  PACKET_ARRIVAL         pkt=1154  node=dst  hop=2
[  92.0070]  PACKET_DELIVER         pkt=1154  flow=0  latency=2004.6ms
[  92.0218]  PACKET_GENERATE        pkt=1189  flow=0  size=1409B  pri=1
[  92.0218]  QUEUE_ENQUEUE          pkt=1189  node=src0  queue=1/1000 (0%)  state=NORMAL
[  92.0228]  QUEUE_DEQUEUE          pkt=1189  node=src0  wait=1.0ms  queue=0/1000  state=NORMAL
[  92.0228]  PACKET_TRANSMIT        pkt=1189  link=src0→router  delay=1.0ms
[  92.0238]  PACKET_ARRIVAL         pkt=1189  node=router  hop=1
[  92.0238]  QUEUE_ENQUEUE          pkt=1189  node=router  queue=20/20 (100%)  state=INCREMENTAL_COMPRESSION
[  92.1020]  QUEUE_DEQUEUE          pkt=1158  node=router  wait=1900.0ms  queue=19/20  state=INCREMENTAL_COMPRESSION
[  92.1020]  STATE_UPDATE           node=router  INCREMENTAL_COMPRESSION → DROP_LOW_PRIORITY
[  92.1020]  PACKET_TRANSMIT        pkt=1158  link=router→dst  delay=5.0ms
[  92.1070]  PACKET_ARRIVAL         pkt=1158  node=dst  hop=2
[  92.1070]  PACKET_DELIVER         pkt=1158  flow=1  latency=1907.0ms
[  92.2000]  PACKET_GENERATE        pkt=1190  flow=1  size=100B  pri=0
[  92.2000]  QUEUE_ENQUEUE          pkt=1190  node=src1  queue=1/1000 (0%)  state=NORMAL
[  92.2010]  QUEUE_DEQUEUE          pkt=1190  node=src1  wait=1.0ms  queue=0/1000  state=NORMAL
[  92.2010]  PACKET_TRANSMIT        pkt=1190  link=src1→router  delay=1.0ms
[  92.2020]  QUEUE_DEQUEUE          pkt=1159  node=router  wait=1910.1ms  queue=18/20  state=DROP_LOW_PRIORITY
[  92.2020]  STATE_UPDATE           node=router  DROP_LOW_PRIORITY → INCREMENTAL_COMPRESSION
[  92.2020]  PACKET_TRANSMIT        pkt=1159  link=router→dst  delay=5.0ms
[  92.2020]  PACKET_ARRIVAL         pkt=1190  node=router  hop=1
[  92.2020]  QUEUE_ENQUEUE          pkt=1190  node=router  queue=19/20 (95%)  state=INCREMENTAL_COMPRESSION
[  92.2070]  PACKET_ARRIVAL         pkt=1159  node=dst  hop=2
[  92.2070]  PACKET_DELIVER         pkt=1159  flow=0  latency=1917.1ms
[  92.2694]  PACKET_GENERATE        pkt=1191  flow=0  size=1473B  pri=1
[  92.2694]  QUEUE_ENQUEUE          pkt=1191  node=src0  queue=1/1000 (0%)  state=NORMAL
[  92.2704]  QUEUE_DEQUEUE          pkt=1191  node=src0  wait=1.0ms  queue=0/1000  state=NORMAL
[  92.2704]  PACKET_TRANSMIT        pkt=1191  link=src0→router  delay=1.0ms
[  92.2714]  PACKET_ARRIVAL         pkt=1191  node=router  hop=1
[  92.2714]  QUEUE_ENQUEUE          pkt=1191  node=router  queue=20/20 (100%)  state=INCREMENTAL_COMPRESSION
[  92.3020]  QUEUE_DEQUEUE          pkt=1160  node=router  wait=1900.0ms  queue=19/20  state=INCREMENTAL_COMPRESSION
[  92.3020]  STATE_UPDATE           node=router  INCREMENTAL_COMPRESSION → DROP_LOW_PRIORITY
[  92.3020]  PACKET_TRANSMIT        pkt=1160  link=router→dst  delay=5.0ms
[  92.3070]  PACKET_ARRIVAL         pkt=1160  node=dst  hop=2
[  92.3070]  PACKET_DELIVER         pkt=1160  flow=1  latency=1907.0ms
[  92.3396]  PACKET_GENERATE        pkt=1192  flow=0  size=1451B  pri=1
[  92.3396]  QUEUE_ENQUEUE          pkt=1192  node=src0  queue=1/1000 (0%)  state=NORMAL
[  92.3406]  QUEUE_DEQUEUE          pkt=1192  node=src0  wait=1.0ms  queue=0/1000  state=NORMAL
[  92.3406]  PACKET_TRANSMIT        pkt=1192  link=src0→router  delay=1.0ms
[  92.3416]  PACKET_ARRIVAL         pkt=1192  node=router  hop=1
[  92.3416]  QUEUE_DROP(congestion) pkt=1192  node=router  pri=1  state=DROP_LOW_PRIORITY
[  92.4000]  PACKET_GENERATE        pkt=1193  flow=1  size=100B  pri=0
[  92.4000]  QUEUE_ENQUEUE          pkt=1193  node=src1  queue=1/1000 (0%)  state=NORMAL
[  92.4010]  QUEUE_DEQUEUE          pkt=1193  node=src1  wait=1.0ms  queue=0/1000  state=NORMAL
[  92.4010]  PACKET_TRANSMIT        pkt=1193  link=src1→router  delay=1.0ms
[  92.4020]  QUEUE_DEQUEUE          pkt=1161  node=router  wait=1993.3ms  queue=18/20  state=DROP_LOW_PRIORITY
[  92.4020]  STATE_UPDATE           node=router  DROP_LOW_PRIORITY → INCREMENTAL_COMPRESSION
[  92.4020]  PACKET_TRANSMIT        pkt=1161  link=router→dst  delay=5.0ms
[  92.4020]  PACKET_ARRIVAL         pkt=1193  node=router  hop=1
[  92.4020]  QUEUE_ENQUEUE          pkt=1193  node=router  queue=19/20 (95%)  state=INCREMENTAL_COMPRESSION
[  92.4070]  PACKET_ARRIVAL         pkt=1161  node=dst  hop=2
[  92.4070]  PACKET_DELIVER         pkt=1161  flow=0  latency=2000.3ms
[  92.4941]  PACKET_GENERATE        pkt=1194  flow=0  size=1453B  pri=1
[  92.4941]  QUEUE_ENQUEUE          pkt=1194  node=src0  queue=1/1000 (0%)  state=NORMAL
[  92.4951]  QUEUE_DEQUEUE          pkt=1194  node=src0  wait=1.0ms  queue=0/1000  state=NORMAL
[  92.4951]  PACKET_TRANSMIT        pkt=1194  link=src0→router  delay=1.0ms
[  92.4961]  PACKET_ARRIVAL         pkt=1194  node=router  hop=1
[  92.4961]  QUEUE_ENQUEUE          pkt=1194  node=router  queue=20/20 (100%)  state=INCREMENTAL_COMPRESSION
[  92.5020]  QUEUE_DEQUEUE          pkt=1164  node=router  wait=1900.0ms  queue=19/20  state=INCREMENTAL_COMPRESSION
[  92.5020]  STATE_UPDATE           node=router  INCREMENTAL_COMPRESSION → DROP_LOW_PRIORITY
[  92.5020]  PACKET_TRANSMIT        pkt=1164  link=router→dst  delay=5.0ms
[  92.5070]  PACKET_ARRIVAL         pkt=1164  node=dst  hop=2
[  92.5070]  PACKET_DELIVER         pkt=1164  flow=1  latency=1907.0ms
[  92.5368]  PACKET_GENERATE        pkt=1195  flow=0  size=1451B  pri=1
[  92.5368]  QUEUE_ENQUEUE          pkt=1195  node=src0  queue=1/1000 (0%)  state=NORMAL
[  92.5378]  QUEUE_DEQUEUE          pkt=1195  node=src0  wait=1.0ms  queue=0/1000  state=NORMAL
[  92.5378]  PACKET_TRANSMIT        pkt=1195  link=src0→router  delay=1.0ms
[  92.5388]  PACKET_ARRIVAL         pkt=1195  node=router  hop=1
[  92.5388]  QUEUE_DROP(congestion) pkt=1195  node=router  pri=1  state=DROP_LOW_PRIORITY
[  92.5394]  PACKET_GENERATE        pkt=1196  flow=0  size=1441B  pri=1
[  92.5394]  QUEUE_ENQUEUE          pkt=1196  node=src0  queue=1/1000 (0%)  state=NORMAL
[  92.5404]  QUEUE_DEQUEUE          pkt=1196  node=src0  wait=1.0ms  queue=0/1000  state=NORMAL
[  92.5404]  PACKET_TRANSMIT        pkt=1196  link=src0→router  delay=1.0ms
[  92.5414]  PACKET_ARRIVAL         pkt=1196  node=router  hop=1
[  92.5414]  QUEUE_DROP(congestion) pkt=1196  node=router  pri=1  state=DROP_LOW_PRIORITY
[  92.5630]  PACKET_GENERATE        pkt=1197  flow=0  size=1479B  pri=1
[  92.5630]  QUEUE_ENQUEUE          pkt=1197  node=src0  queue=1/1000 (0%)  state=NORMAL
[  92.5640]  QUEUE_DEQUEUE          pkt=1197  node=src0  wait=1.0ms  queue=0/1000  state=NORMAL
[  92.5640]  PACKET_TRANSMIT        pkt=1197  link=src0→router  delay=1.0ms
[  92.5650]  PACKET_ARRIVAL         pkt=1197  node=router  hop=1
[  92.5650]  QUEUE_DROP(congestion) pkt=1197  node=router  pri=1  state=DROP_LOW_PRIORITY
[  92.6000]  PACKET_GENERATE        pkt=1198  flow=1  size=100B  pri=0
[  92.6000]  QUEUE_ENQUEUE          pkt=1198  node=src1  queue=1/1000 (0%)  state=NORMAL
[  92.6010]  QUEUE_DEQUEUE          pkt=1198  node=src1  wait=1.0ms  queue=0/1000  state=NORMAL
[  92.6010]  PACKET_TRANSMIT        pkt=1198  link=src1→router  delay=1.0ms
[  92.6020]  QUEUE_DEQUEUE          pkt=1165  node=router  wait=1993.4ms  queue=18/20  state=DROP_LOW_PRIORITY
[  92.6020]  STATE_UPDATE           node=router  DROP_LOW_PRIORITY → INCREMENTAL_COMPRESSION
[  92.6020]  PACKET_TRANSMIT        pkt=1165  link=router→dst  delay=5.0ms
[  92.6020]  PACKET_ARRIVAL         pkt=1198  node=router  hop=1
[  92.6020]  QUEUE_ENQUEUE          pkt=1198  node=router  queue=19/20 (95%)  state=INCREMENTAL_COMPRESSION
[  92.6070]  PACKET_ARRIVAL         pkt=1165  node=dst  hop=2
[  92.6070]  PACKET_DELIVER         pkt=1165  flow=0  latency=2000.4ms
[  92.6401]  PACKET_GENERATE        pkt=1199  flow=0  size=1488B  pri=1
[  92.6401]  QUEUE_ENQUEUE          pkt=1199  node=src0  queue=1/1000 (0%)  state=NORMAL
[  92.6411]  QUEUE_DEQUEUE          pkt=1199  node=src0  wait=1.0ms  queue=0/1000  state=NORMAL
[  92.6411]  PACKET_TRANSMIT        pkt=1199  link=src0→router  delay=1.0ms
[  92.6421]  PACKET_ARRIVAL         pkt=1199  node=router  hop=1
[  92.6421]  QUEUE_ENQUEUE          pkt=1199  node=router  queue=20/20 (100%)  state=INCREMENTAL_COMPRESSION
[  92.7020]  QUEUE_DEQUEUE          pkt=1167  node=router  wait=1900.0ms  queue=19/20  state=INCREMENTAL_COMPRESSION
[  92.7020]  STATE_UPDATE           node=router  INCREMENTAL_COMPRESSION → DROP_LOW_PRIORITY
[  92.7020]  PACKET_TRANSMIT        pkt=1167  link=router→dst  delay=5.0ms
[  92.7070]  PACKET_ARRIVAL         pkt=1167  node=dst  hop=2
[  92.7070]  PACKET_DELIVER         pkt=1167  flow=1  latency=1907.0ms
[  92.8000]  PACKET_GENERATE        pkt=1200  flow=1  size=100B  pri=0
[  92.8000]  QUEUE_ENQUEUE          pkt=1200  node=src1  queue=1/1000 (0%)  state=NORMAL
[  92.8010]  QUEUE_DEQUEUE          pkt=1200  node=src1  wait=1.0ms  queue=0/1000  state=NORMAL
[  92.8010]  PACKET_TRANSMIT        pkt=1200  link=src1→router  delay=1.0ms
[  92.8020]  QUEUE_DEQUEUE          pkt=1168  node=router  wait=1968.3ms  queue=18/20  state=DROP_LOW_PRIORITY
[  92.8020]  STATE_UPDATE           node=router  DROP_LOW_PRIORITY → INCREMENTAL_COMPRESSION
[  92.8020]  PACKET_TRANSMIT        pkt=1168  link=router→dst  delay=5.0ms
[  92.8020]  PACKET_ARRIVAL         pkt=1200  node=router  hop=1
[  92.8020]  QUEUE_ENQUEUE          pkt=1200  node=router  queue=19/20 (95%)  state=INCREMENTAL_COMPRESSION
[  92.8070]  PACKET_ARRIVAL         pkt=1168  node=dst  hop=2
[  92.8070]  PACKET_DELIVER         pkt=1168  flow=0  latency=1975.3ms
[  92.9020]  QUEUE_DEQUEUE          pkt=1173  node=router  wait=1900.0ms  queue=18/20  state=INCREMENTAL_COMPRESSION
[  92.9020]  PACKET_TRANSMIT        pkt=1173  link=router→dst  delay=5.0ms
[  92.9070]  PACKET_ARRIVAL         pkt=1173  node=dst  hop=2
[  92.9070]  PACKET_DELIVER         pkt=1173  flow=1  latency=1907.0ms
[  92.9554]  PACKET_GENERATE        pkt=1201  flow=0  size=1411B  pri=1
[  92.9554]  QUEUE_ENQUEUE          pkt=1201  node=src0  queue=1/1000 (0%)  state=NORMAL
[  92.9564]  QUEUE_DEQUEUE          pkt=1201  node=src0  wait=1.0ms  queue=0/1000  state=NORMAL
[  92.9564]  PACKET_TRANSMIT        pkt=1201  link=src0→router  delay=1.0ms
[  92.9574]  PACKET_ARRIVAL         pkt=1201  node=router  hop=1
[  92.9574]  QUEUE_ENQUEUE          pkt=1201  node=router  queue=19/20 (95%)  state=INCREMENTAL_COMPRESSION
[  93.0000]  PACKET_GENERATE        pkt=1202  flow=1  size=100B  pri=0
[  93.0000]  QUEUE_ENQUEUE          pkt=1202  node=src1  queue=1/1000 (0%)  state=NORMAL
[  93.0010]  QUEUE_DEQUEUE          pkt=1202  node=src1  wait=1.0ms  queue=0/1000  state=NORMAL
[  93.0010]  PACKET_TRANSMIT        pkt=1202  link=src1→router  delay=1.0ms
[  93.0020]  QUEUE_DEQUEUE          pkt=1174  node=router  wait=1825.2ms  queue=18/20  state=INCREMENTAL_COMPRESSION
[  93.0020]  PACKET_TRANSMIT        pkt=1174  link=router→dst  delay=5.0ms
[  93.0020]  PACKET_ARRIVAL         pkt=1202  node=router  hop=1
[  93.0020]  QUEUE_ENQUEUE          pkt=1202  node=router  queue=19/20 (95%)  state=INCREMENTAL_COMPRESSION
[  93.0070]  PACKET_ARRIVAL         pkt=1174  node=dst  hop=2
[  93.0070]  PACKET_DELIVER         pkt=1174  flow=0  latency=1832.2ms
[  93.0272]  PACKET_GENERATE        pkt=1203  flow=0  size=1413B  pri=1
[  93.0272]  QUEUE_ENQUEUE          pkt=1203  node=src0  queue=1/1000 (0%)  state=NORMAL
[  93.0282]  QUEUE_DEQUEUE          pkt=1203  node=src0  wait=1.0ms  queue=0/1000  state=NORMAL
[  93.0282]  PACKET_TRANSMIT        pkt=1203  link=src0→router  delay=1.0ms
[  93.0292]  PACKET_ARRIVAL         pkt=1203  node=router  hop=1
[  93.0292]  QUEUE_ENQUEUE          pkt=1203  node=router  queue=20/20 (100%)  state=INCREMENTAL_COMPRESSION
[  93.0620]  PACKET_GENERATE        pkt=1204  flow=0  size=1475B  pri=1
[  93.0620]  QUEUE_ENQUEUE          pkt=1204  node=src0  queue=1/1000 (0%)  state=NORMAL
[  93.0630]  QUEUE_DEQUEUE          pkt=1204  node=src0  wait=1.0ms  queue=0/1000  state=NORMAL
[  93.0630]  PACKET_TRANSMIT        pkt=1204  link=src0→router  delay=1.0ms
[  93.0640]  PACKET_ARRIVAL         pkt=1204  node=router  hop=1
[  93.0640]  QUEUE_DROP(full)       pkt=1204  node=router  pri=1  queue=20/20 FULL
[  93.1020]  QUEUE_DEQUEUE          pkt=1175  node=router  wait=1900.0ms  queue=19/20  state=INCREMENTAL_COMPRESSION
[  93.1020]  STATE_UPDATE           node=router  INCREMENTAL_COMPRESSION → DROP_LOW_PRIORITY
[  93.1020]  PACKET_TRANSMIT        pkt=1175  link=router→dst  delay=5.0ms
[  93.1070]  PACKET_ARRIVAL         pkt=1175  node=dst  hop=2
[  93.1070]  PACKET_DELIVER         pkt=1175  flow=1  latency=1907.0ms
[  93.1260]  PACKET_GENERATE        pkt=1205  flow=0  size=1410B  pri=1
[  93.1260]  QUEUE_ENQUEUE          pkt=1205  node=src0  queue=1/1000 (0%)  state=NORMAL
[  93.1270]  QUEUE_DEQUEUE          pkt=1205  node=src0  wait=1.0ms  queue=0/1000  state=NORMAL
[  93.1270]  PACKET_TRANSMIT        pkt=1205  link=src0→router  delay=1.0ms
[  93.1280]  PACKET_ARRIVAL         pkt=1205  node=router  hop=1
[  93.1280]  QUEUE_DROP(congestion) pkt=1205  node=router  pri=1  state=DROP_LOW_PRIORITY
[  93.1889]  PACKET_GENERATE        pkt=1206  flow=0  size=1439B  pri=1
[  93.1889]  QUEUE_ENQUEUE          pkt=1206  node=src0  queue=1/1000 (0%)  state=NORMAL
[  93.1899]  QUEUE_DEQUEUE          pkt=1206  node=src0  wait=1.0ms  queue=0/1000  state=NORMAL
[  93.1899]  PACKET_TRANSMIT        pkt=1206  link=src0→router  delay=1.0ms
[  93.1909]  PACKET_ARRIVAL         pkt=1206  node=router  hop=1
[  93.1909]  QUEUE_DROP(congestion) pkt=1206  node=router  pri=1  state=DROP_LOW_PRIORITY
[  93.2000]  PACKET_GENERATE        pkt=1207  flow=1  size=100B  pri=0
[  93.2000]  QUEUE_ENQUEUE          pkt=1207  node=src1  queue=1/1000 (0%)  state=NORMAL
[  93.2010]  QUEUE_DEQUEUE          pkt=1207  node=src1  wait=1.0ms  queue=0/1000  state=NORMAL
[  93.2010]  PACKET_TRANSMIT        pkt=1207  link=src1→router  delay=1.0ms
[  93.2020]  QUEUE_DEQUEUE          pkt=1176  node=router  wait=1988.3ms  queue=18/20  state=DROP_LOW_PRIORITY
[  93.2020]  STATE_UPDATE           node=router  DROP_LOW_PRIORITY → INCREMENTAL_COMPRESSION
[  93.2020]  PACKET_TRANSMIT        pkt=1176  link=router→dst  delay=5.0ms
[  93.2020]  PACKET_ARRIVAL         pkt=1207  node=router  hop=1
[  93.2020]  QUEUE_ENQUEUE          pkt=1207  node=router  queue=19/20 (95%)  state=INCREMENTAL_COMPRESSION
[  93.2070]  PACKET_ARRIVAL         pkt=1176  node=dst  hop=2
[  93.2070]  PACKET_DELIVER         pkt=1176  flow=0  latency=1995.3ms
[  93.3020]  QUEUE_DEQUEUE          pkt=1179  node=router  wait=1900.0ms  queue=18/20  state=INCREMENTAL_COMPRESSION
[  93.3020]  PACKET_TRANSMIT        pkt=1179  link=router→dst  delay=5.0ms
[  93.3070]  PACKET_ARRIVAL         pkt=1179  node=dst  hop=2
[  93.3070]  PACKET_DELIVER         pkt=1179  flow=1  latency=1907.0ms
[  93.3601]  PACKET_GENERATE        pkt=1208  flow=0  size=1428B  pri=1
[  93.3601]  QUEUE_ENQUEUE          pkt=1208  node=src0  queue=1/1000 (0%)  state=NORMAL
[  93.3611]  QUEUE_DEQUEUE          pkt=1208  node=src0  wait=1.0ms  queue=0/1000  state=NORMAL
[  93.3611]  PACKET_TRANSMIT        pkt=1208  link=src0→router  delay=1.0ms
[  93.3621]  PACKET_ARRIVAL         pkt=1208  node=router  hop=1
[  93.3621]  QUEUE_ENQUEUE          pkt=1208  node=router  queue=19/20 (95%)  state=INCREMENTAL_COMPRESSION
[  93.4000]  PACKET_GENERATE        pkt=1209  flow=1  size=100B  pri=0
[  93.4000]  QUEUE_ENQUEUE          pkt=1209  node=src1  queue=1/1000 (0%)  state=NORMAL
[  93.4010]  QUEUE_DEQUEUE          pkt=1209  node=src1  wait=1.0ms  queue=0/1000  state=NORMAL
[  93.4010]  PACKET_TRANSMIT        pkt=1209  link=src1→router  delay=1.0ms
[  93.4020]  QUEUE_DEQUEUE          pkt=1180  node=router  wait=1983.2ms  queue=18/20  state=INCREMENTAL_COMPRESSION
[  93.4020]  PACKET_TRANSMIT        pkt=1180  link=router→dst  delay=5.0ms
[  93.4020]  PACKET_ARRIVAL         pkt=1209  node=router  hop=1
[  93.4020]  QUEUE_ENQUEUE          pkt=1209  node=router  queue=19/20 (95%)  state=INCREMENTAL_COMPRESSION
[  93.4070]  PACKET_ARRIVAL         pkt=1180  node=dst  hop=2
[  93.4070]  PACKET_DELIVER         pkt=1180  flow=0  latency=1990.2ms
[  93.4108]  PACKET_GENERATE        pkt=1210  flow=0  size=1421B  pri=1
[  93.4108]  QUEUE_ENQUEUE          pkt=1210  node=src0  queue=1/1000 (0%)  state=NORMAL
[  93.4118]  QUEUE_DEQUEUE          pkt=1210  node=src0  wait=1.0ms  queue=0/1000  state=NORMAL
[  93.4118]  PACKET_TRANSMIT        pkt=1210  link=src0→router  delay=1.0ms
[  93.4128]  PACKET_ARRIVAL         pkt=1210  node=router  hop=1
[  93.4128]  QUEUE_ENQUEUE          pkt=1210  node=router  queue=20/20 (100%)  state=INCREMENTAL_COMPRESSION
[  93.4207]  PACKET_GENERATE        pkt=1211  flow=0  size=1481B  pri=1
[  93.4207]  QUEUE_ENQUEUE          pkt=1211  node=src0  queue=1/1000 (0%)  state=NORMAL
[  93.4217]  QUEUE_DEQUEUE          pkt=1211  node=src0  wait=1.0ms  queue=0/1000  state=NORMAL
[  93.4217]  PACKET_TRANSMIT        pkt=1211  link=src0→router  delay=1.0ms
[  93.4227]  PACKET_ARRIVAL         pkt=1211  node=router  hop=1
[  93.4227]  QUEUE_DROP(full)       pkt=1211  node=router  pri=1  queue=20/20 FULL
[  93.4358]  PACKET_GENERATE        pkt=1212  flow=0  size=1465B  pri=1
[  93.4358]  QUEUE_ENQUEUE          pkt=1212  node=src0  queue=1/1000 (0%)  state=NORMAL
[  93.4368]  QUEUE_DEQUEUE          pkt=1212  node=src0  wait=1.0ms  queue=0/1000  state=NORMAL
[  93.4368]  PACKET_TRANSMIT        pkt=1212  link=src0→router  delay=1.0ms
[  93.4378]  PACKET_ARRIVAL         pkt=1212  node=router  hop=1
[  93.4378]  QUEUE_DROP(full)       pkt=1212  node=router  pri=1  queue=20/20 FULL
[  93.4628]  PACKET_GENERATE        pkt=1213  flow=0  size=1499B  pri=1
[  93.4628]  QUEUE_ENQUEUE          pkt=1213  node=src0  queue=1/1000 (0%)  state=NORMAL
[  93.4638]  QUEUE_DEQUEUE          pkt=1213  node=src0  wait=1.0ms  queue=0/1000  state=NORMAL
[  93.4638]  PACKET_TRANSMIT        pkt=1213  link=src0→router  delay=1.0ms
[  93.4648]  PACKET_ARRIVAL         pkt=1213  node=router  hop=1
[  93.4648]  QUEUE_DROP(full)       pkt=1213  node=router  pri=1  queue=20/20 FULL
[  93.5020]  QUEUE_DEQUEUE          pkt=1182  node=router  wait=1900.0ms  queue=19/20  state=INCREMENTAL_COMPRESSION
[  93.5020]  STATE_UPDATE           node=router  INCREMENTAL_COMPRESSION → DROP_LOW_PRIORITY
[  93.5020]  PACKET_TRANSMIT        pkt=1182  link=router→dst  delay=5.0ms
[  93.5070]  PACKET_ARRIVAL         pkt=1182  node=dst  hop=2
[  93.5070]  PACKET_DELIVER         pkt=1182  flow=1  latency=1907.0ms
[  93.5165]  PACKET_GENERATE        pkt=1214  flow=0  size=1493B  pri=1
[  93.5165]  QUEUE_ENQUEUE          pkt=1214  node=src0  queue=1/1000 (0%)  state=NORMAL
[  93.5175]  QUEUE_DEQUEUE          pkt=1214  node=src0  wait=1.0ms  queue=0/1000  state=NORMAL
[  93.5175]  PACKET_TRANSMIT        pkt=1214  link=src0→router  delay=1.0ms
[  93.5185]  PACKET_ARRIVAL         pkt=1214  node=router  hop=1
[  93.5185]  QUEUE_DROP(congestion) pkt=1214  node=router  pri=1  state=DROP_LOW_PRIORITY
[  93.6000]  PACKET_GENERATE        pkt=1215  flow=1  size=100B  pri=0
[  93.6000]  QUEUE_ENQUEUE          pkt=1215  node=src1  queue=1/1000 (0%)  state=NORMAL
[  93.6010]  QUEUE_DEQUEUE          pkt=1215  node=src1  wait=1.0ms  queue=0/1000  state=NORMAL
[  93.6010]  PACKET_TRANSMIT        pkt=1215  link=src1→router  delay=1.0ms
[  93.6020]  QUEUE_DEQUEUE          pkt=1183  node=router  wait=1928.9ms  queue=18/20  state=DROP_LOW_PRIORITY
[  93.6020]  STATE_UPDATE           node=router  DROP_LOW_PRIORITY → INCREMENTAL_COMPRESSION
[  93.6020]  PACKET_TRANSMIT        pkt=1183  link=router→dst  delay=5.0ms
[  93.6020]  PACKET_ARRIVAL         pkt=1215  node=router  hop=1
[  93.6020]  QUEUE_ENQUEUE          pkt=1215  node=router  queue=19/20 (95%)  state=INCREMENTAL_COMPRESSION
[  93.6070]  PACKET_ARRIVAL         pkt=1183  node=dst  hop=2
[  93.6070]  PACKET_DELIVER         pkt=1183  flow=0  latency=1935.9ms
[  93.7020]  QUEUE_DEQUEUE          pkt=1184  node=router  wait=1900.0ms  queue=18/20  state=INCREMENTAL_COMPRESSION
[  93.7020]  PACKET_TRANSMIT        pkt=1184  link=router→dst  delay=5.0ms
[  93.7070]  PACKET_ARRIVAL         pkt=1184  node=dst  hop=2
[  93.7070]  PACKET_DELIVER         pkt=1184  flow=1  latency=1907.0ms
[  93.8000]  PACKET_GENERATE        pkt=1216  flow=1  size=100B  pri=0
[  93.8000]  QUEUE_ENQUEUE          pkt=1216  node=src1  queue=1/1000 (0%)  state=NORMAL
[  93.8010]  QUEUE_DEQUEUE          pkt=1216  node=src1  wait=1.0ms  queue=0/1000  state=NORMAL
[  93.8010]  PACKET_TRANSMIT        pkt=1216  link=src1→router  delay=1.0ms
[  93.8020]  QUEUE_DEQUEUE          pkt=1185  node=router  wait=1923.8ms  queue=17/20  state=INCREMENTAL_COMPRESSION
[  93.8020]  PACKET_TRANSMIT        pkt=1185  link=router→dst  delay=5.0ms
[  93.8020]  PACKET_ARRIVAL         pkt=1216  node=router  hop=1
[  93.8020]  QUEUE_ENQUEUE          pkt=1216  node=router  queue=18/20 (90%)  state=INCREMENTAL_COMPRESSION
[  93.8070]  PACKET_ARRIVAL         pkt=1185  node=dst  hop=2
[  93.8070]  PACKET_DELIVER         pkt=1185  flow=0  latency=1930.8ms
[  93.9020]  QUEUE_DEQUEUE          pkt=1188  node=router  wait=1900.0ms  queue=17/20  state=INCREMENTAL_COMPRESSION
[  93.9020]  PACKET_TRANSMIT        pkt=1188  link=router→dst  delay=5.0ms
[  93.9070]  PACKET_ARRIVAL         pkt=1188  node=dst  hop=2
[  93.9070]  PACKET_DELIVER         pkt=1188  flow=1  latency=1907.0ms
[  93.9134]  PACKET_GENERATE        pkt=1217  flow=0  size=1482B  pri=1
[  93.9134]  QUEUE_ENQUEUE          pkt=1217  node=src0  queue=1/1000 (0%)  state=NORMAL
[  93.9144]  QUEUE_DEQUEUE          pkt=1217  node=src0  wait=1.0ms  queue=0/1000  state=NORMAL
[  93.9144]  PACKET_TRANSMIT        pkt=1217  link=src0→router  delay=1.0ms
[  93.9154]  PACKET_ARRIVAL         pkt=1217  node=router  hop=1
[  93.9154]  QUEUE_ENQUEUE          pkt=1217  node=router  queue=18/20 (90%)  state=INCREMENTAL_COMPRESSION
[  94.0000]  PACKET_GENERATE        pkt=1218  flow=1  size=100B  pri=0
[  94.0000]  QUEUE_ENQUEUE          pkt=1218  node=src1  queue=1/1000 (0%)  state=NORMAL
[  94.0010]  QUEUE_DEQUEUE          pkt=1218  node=src1  wait=1.0ms  queue=0/1000  state=NORMAL
[  94.0010]  PACKET_TRANSMIT        pkt=1218  link=src1→router  delay=1.0ms
[  94.0020]  QUEUE_DEQUEUE          pkt=1189  node=router  wait=1978.2ms  queue=17/20  state=INCREMENTAL_COMPRESSION
[  94.0020]  PACKET_TRANSMIT        pkt=1189  link=router→dst  delay=5.0ms
[  94.0020]  PACKET_ARRIVAL         pkt=1218  node=router  hop=1
[  94.0020]  QUEUE_ENQUEUE          pkt=1218  node=router  queue=18/20 (90%)  state=INCREMENTAL_COMPRESSION
[  94.0070]  PACKET_ARRIVAL         pkt=1189  node=dst  hop=2
[  94.0070]  PACKET_DELIVER         pkt=1189  flow=0  latency=1985.2ms
[  94.1020]  QUEUE_DEQUEUE          pkt=1190  node=router  wait=1900.0ms  queue=17/20  state=INCREMENTAL_COMPRESSION
[  94.1020]  PACKET_TRANSMIT        pkt=1190  link=router→dst  delay=5.0ms
[  94.1070]  PACKET_ARRIVAL         pkt=1190  node=dst  hop=2
[  94.1070]  PACKET_DELIVER         pkt=1190  flow=1  latency=1907.0ms
[  94.1244]  PACKET_GENERATE        pkt=1219  flow=0  size=1430B  pri=1
[  94.1244]  QUEUE_ENQUEUE          pkt=1219  node=src0  queue=1/1000 (0%)  state=NORMAL
[  94.1254]  QUEUE_DEQUEUE          pkt=1219  node=src0  wait=1.0ms  queue=0/1000  state=NORMAL
[  94.1254]  PACKET_TRANSMIT        pkt=1219  link=src0→router  delay=1.0ms
[  94.1264]  PACKET_ARRIVAL         pkt=1219  node=router  hop=1
[  94.1264]  QUEUE_ENQUEUE          pkt=1219  node=router  queue=18/20 (90%)  state=INCREMENTAL_COMPRESSION
[  94.1379]  PACKET_GENERATE        pkt=1220  flow=0  size=1432B  pri=1
[  94.1379]  QUEUE_ENQUEUE          pkt=1220  node=src0  queue=1/1000 (0%)  state=NORMAL
[  94.1389]  QUEUE_DEQUEUE          pkt=1220  node=src0  wait=1.0ms  queue=0/1000  state=NORMAL
[  94.1389]  PACKET_TRANSMIT        pkt=1220  link=src0→router  delay=1.0ms
[  94.1399]  PACKET_ARRIVAL         pkt=1220  node=router  hop=1
[  94.1399]  QUEUE_ENQUEUE          pkt=1220  node=router  queue=19/20 (95%)  state=INCREMENTAL_COMPRESSION
[  94.1654]  PACKET_GENERATE        pkt=1221  flow=0  size=1477B  pri=1
[  94.1654]  QUEUE_ENQUEUE          pkt=1221  node=src0  queue=1/1000 (0%)  state=NORMAL
[  94.1664]  QUEUE_DEQUEUE          pkt=1221  node=src0  wait=1.0ms  queue=0/1000  state=NORMAL
[  94.1664]  PACKET_TRANSMIT        pkt=1221  link=src0→router  delay=1.0ms
[  94.1674]  PACKET_ARRIVAL         pkt=1221  node=router  hop=1
[  94.1674]  QUEUE_ENQUEUE          pkt=1221  node=router  queue=20/20 (100%)  state=INCREMENTAL_COMPRESSION
[  94.1861]  PACKET_GENERATE        pkt=1222  flow=0  size=1497B  pri=1
[  94.1861]  QUEUE_ENQUEUE          pkt=1222  node=src0  queue=1/1000 (0%)  state=NORMAL
[  94.1871]  QUEUE_DEQUEUE          pkt=1222  node=src0  wait=1.0ms  queue=0/1000  state=NORMAL
[  94.1871]  PACKET_TRANSMIT        pkt=1222  link=src0→router  delay=1.0ms
[  94.1881]  PACKET_ARRIVAL         pkt=1222  node=router  hop=1
[  94.1881]  QUEUE_DROP(full)       pkt=1222  node=router  pri=1  queue=20/20 FULL
[  94.2000]  PACKET_GENERATE        pkt=1223  flow=1  size=100B  pri=0
[  94.2000]  QUEUE_ENQUEUE          pkt=1223  node=src1  queue=1/1000 (0%)  state=NORMAL
[  94.2010]  QUEUE_DEQUEUE          pkt=1223  node=src1  wait=1.0ms  queue=0/1000  state=NORMAL
[  94.2010]  PACKET_TRANSMIT        pkt=1223  link=src1→router  delay=1.0ms
[  94.2020]  QUEUE_DEQUEUE          pkt=1191  node=router  wait=1930.6ms  queue=19/20  state=INCREMENTAL_COMPRESSION
[  94.2020]  STATE_UPDATE           node=router  INCREMENTAL_COMPRESSION → DROP_LOW_PRIORITY
[  94.2020]  PACKET_TRANSMIT        pkt=1191  link=router→dst  delay=5.0ms
[  94.2020]  PACKET_ARRIVAL         pkt=1223  node=router  hop=1
[  94.2020]  QUEUE_ENQUEUE          pkt=1223  node=router  queue=20/20 (100%)  state=DROP_LOW_PRIORITY
[  94.2070]  PACKET_ARRIVAL         pkt=1191  node=dst  hop=2
[  94.2070]  PACKET_DELIVER         pkt=1191  flow=0  latency=1937.6ms
[  94.3020]  QUEUE_DEQUEUE          pkt=1193  node=router  wait=1900.0ms  queue=19/20  state=DROP_LOW_PRIORITY
[  94.3020]  PACKET_TRANSMIT        pkt=1193  link=router→dst  delay=5.0ms
[  94.3070]  PACKET_ARRIVAL         pkt=1193  node=dst  hop=2
[  94.3070]  PACKET_DELIVER         pkt=1193  flow=1  latency=1907.0ms
[  94.3194]  PACKET_GENERATE        pkt=1224  flow=0  size=1422B  pri=1
[  94.3194]  QUEUE_ENQUEUE          pkt=1224  node=src0  queue=1/1000 (0%)  state=NORMAL
[  94.3204]  QUEUE_DEQUEUE          pkt=1224  node=src0  wait=1.0ms  queue=0/1000  state=NORMAL
[  94.3204]  PACKET_TRANSMIT        pkt=1224  link=src0→router  delay=1.0ms
[  94.3214]  PACKET_ARRIVAL         pkt=1224  node=router  hop=1
[  94.3214]  QUEUE_DROP(congestion) pkt=1224  node=router  pri=1  state=DROP_LOW_PRIORITY
[  94.4000]  PACKET_GENERATE        pkt=1225  flow=1  size=100B  pri=0
[  94.4000]  QUEUE_ENQUEUE          pkt=1225  node=src1  queue=1/1000 (0%)  state=NORMAL
[  94.4010]  QUEUE_DEQUEUE          pkt=1225  node=src1  wait=1.0ms  queue=0/1000  state=NORMAL
[  94.4010]  PACKET_TRANSMIT        pkt=1225  link=src1→router  delay=1.0ms
[  94.4020]  QUEUE_DEQUEUE          pkt=1194  node=router  wait=1905.9ms  queue=18/20  state=DROP_LOW_PRIORITY
[  94.4020]  STATE_UPDATE           node=router  DROP_LOW_PRIORITY → INCREMENTAL_COMPRESSION
[  94.4020]  PACKET_TRANSMIT        pkt=1194  link=router→dst  delay=5.0ms
[  94.4020]  PACKET_ARRIVAL         pkt=1225  node=router  hop=1
[  94.4020]  QUEUE_ENQUEUE          pkt=1225  node=router  queue=19/20 (95%)  state=INCREMENTAL_COMPRESSION
[  94.4070]  PACKET_ARRIVAL         pkt=1194  node=dst  hop=2
[  94.4070]  PACKET_DELIVER         pkt=1194  flow=0  latency=1912.9ms
[  94.5020]  QUEUE_DEQUEUE          pkt=1198  node=router  wait=1900.0ms  queue=18/20  state=INCREMENTAL_COMPRESSION
[  94.5020]  PACKET_TRANSMIT        pkt=1198  link=router→dst  delay=5.0ms
[  94.5070]  PACKET_ARRIVAL         pkt=1198  node=dst  hop=2
[  94.5070]  PACKET_DELIVER         pkt=1198  flow=1  latency=1907.0ms
[  94.6000]  PACKET_GENERATE        pkt=1226  flow=1  size=100B  pri=0
[  94.6000]  QUEUE_ENQUEUE          pkt=1226  node=src1  queue=1/1000 (0%)  state=NORMAL
[  94.6010]  QUEUE_DEQUEUE          pkt=1226  node=src1  wait=1.0ms  queue=0/1000  state=NORMAL
[  94.6010]  PACKET_TRANSMIT        pkt=1226  link=src1→router  delay=1.0ms
[  94.6020]  QUEUE_DEQUEUE          pkt=1199  node=router  wait=1959.9ms  queue=17/20  state=INCREMENTAL_COMPRESSION
[  94.6020]  PACKET_TRANSMIT        pkt=1199  link=router→dst  delay=5.0ms
[  94.6020]  PACKET_ARRIVAL         pkt=1226  node=router  hop=1
[  94.6020]  QUEUE_ENQUEUE          pkt=1226  node=router  queue=18/20 (90%)  state=INCREMENTAL_COMPRESSION
[  94.6070]  PACKET_ARRIVAL         pkt=1199  node=dst  hop=2
[  94.6070]  PACKET_DELIVER         pkt=1199  flow=0  latency=1966.9ms
[  94.6971]  PACKET_GENERATE        pkt=1227  flow=0  size=1480B  pri=1
[  94.6971]  QUEUE_ENQUEUE          pkt=1227  node=src0  queue=1/1000 (0%)  state=NORMAL
[  94.6981]  QUEUE_DEQUEUE          pkt=1227  node=src0  wait=1.0ms  queue=0/1000  state=NORMAL
[  94.6981]  PACKET_TRANSMIT        pkt=1227  link=src0→router  delay=1.0ms
[  94.6991]  PACKET_ARRIVAL         pkt=1227  node=router  hop=1
[  94.6991]  QUEUE_ENQUEUE          pkt=1227  node=router  queue=19/20 (95%)  state=INCREMENTAL_COMPRESSION
[  94.7020]  QUEUE_DEQUEUE          pkt=1200  node=router  wait=1900.0ms  queue=18/20  state=INCREMENTAL_COMPRESSION
[  94.7020]  PACKET_TRANSMIT        pkt=1200  link=router→dst  delay=5.0ms
[  94.7070]  PACKET_ARRIVAL         pkt=1200  node=dst  hop=2
[  94.7070]  PACKET_DELIVER         pkt=1200  flow=1  latency=1907.0ms
[  94.7823]  PACKET_GENERATE        pkt=1228  flow=0  size=1496B  pri=1
[  94.7823]  QUEUE_ENQUEUE          pkt=1228  node=src0  queue=1/1000 (0%)  state=NORMAL
[  94.7833]  QUEUE_DEQUEUE          pkt=1228  node=src0  wait=1.0ms  queue=0/1000  state=NORMAL
[  94.7833]  PACKET_TRANSMIT        pkt=1228  link=src0→router  delay=1.0ms
[  94.7843]  PACKET_ARRIVAL         pkt=1228  node=router  hop=1
[  94.7843]  QUEUE_ENQUEUE          pkt=1228  node=router  queue=19/20 (95%)  state=INCREMENTAL_COMPRESSION
[  94.8000]  PACKET_GENERATE        pkt=1229  flow=1  size=100B  pri=0
[  94.8000]  QUEUE_ENQUEUE          pkt=1229  node=src1  queue=1/1000 (0%)  state=NORMAL
[  94.8010]  QUEUE_DEQUEUE          pkt=1229  node=src1  wait=1.0ms  queue=0/1000  state=NORMAL
[  94.8010]  PACKET_TRANSMIT        pkt=1229  link=src1→router  delay=1.0ms
[  94.8020]  QUEUE_DEQUEUE          pkt=1201  node=router  wait=1844.6ms  queue=18/20  state=INCREMENTAL_COMPRESSION
[  94.8020]  PACKET_TRANSMIT        pkt=1201  link=router→dst  delay=5.0ms
[  94.8020]  PACKET_ARRIVAL         pkt=1229  node=router  hop=1
[  94.8020]  QUEUE_ENQUEUE          pkt=1229  node=router  queue=19/20 (95%)  state=INCREMENTAL_COMPRESSION
[  94.8070]  PACKET_ARRIVAL         pkt=1201  node=dst  hop=2
[  94.8070]  PACKET_DELIVER         pkt=1201  flow=0  latency=1851.6ms
[  94.8860]  PACKET_GENERATE        pkt=1230  flow=0  size=1474B  pri=1
[  94.8860]  QUEUE_ENQUEUE          pkt=1230  node=src0  queue=1/1000 (0%)  state=NORMAL
[  94.8870]  QUEUE_DEQUEUE          pkt=1230  node=src0  wait=1.0ms  queue=0/1000  state=NORMAL
[  94.8870]  PACKET_TRANSMIT        pkt=1230  link=src0→router  delay=1.0ms
[  94.8880]  PACKET_ARRIVAL         pkt=1230  node=router  hop=1
[  94.8880]  QUEUE_ENQUEUE          pkt=1230  node=router  queue=20/20 (100%)  state=INCREMENTAL_COMPRESSION
[  94.9020]  QUEUE_DEQUEUE          pkt=1202  node=router  wait=1900.0ms  queue=19/20  state=INCREMENTAL_COMPRESSION
[  94.9020]  STATE_UPDATE           node=router  INCREMENTAL_COMPRESSION → DROP_LOW_PRIORITY
[  94.9020]  PACKET_TRANSMIT        pkt=1202  link=router→dst  delay=5.0ms
[  94.9070]  PACKET_ARRIVAL         pkt=1202  node=dst  hop=2
[  94.9070]  PACKET_DELIVER         pkt=1202  flow=1  latency=1907.0ms
[  94.9605]  PACKET_GENERATE        pkt=1231  flow=0  size=1472B  pri=1
[  94.9605]  QUEUE_ENQUEUE          pkt=1231  node=src0  queue=1/1000 (0%)  state=NORMAL
[  94.9615]  QUEUE_DEQUEUE          pkt=1231  node=src0  wait=1.0ms  queue=0/1000  state=NORMAL
[  94.9615]  PACKET_TRANSMIT        pkt=1231  link=src0→router  delay=1.0ms
[  94.9625]  PACKET_ARRIVAL         pkt=1231  node=router  hop=1
[  94.9625]  QUEUE_DROP(congestion) pkt=1231  node=router  pri=1  state=DROP_LOW_PRIORITY
[  95.0000]  PACKET_GENERATE        pkt=1232  flow=1  size=100B  pri=0
[  95.0000]  QUEUE_ENQUEUE          pkt=1232  node=src1  queue=1/1000 (0%)  state=NORMAL
[  95.0010]  QUEUE_DEQUEUE          pkt=1232  node=src1  wait=1.0ms  queue=0/1000  state=NORMAL
[  95.0010]  PACKET_TRANSMIT        pkt=1232  link=src1→router  delay=1.0ms
[  95.0020]  QUEUE_DEQUEUE          pkt=1203  node=router  wait=1972.8ms  queue=18/20  state=DROP_LOW_PRIORITY
[  95.0020]  STATE_UPDATE           node=router  DROP_LOW_PRIORITY → INCREMENTAL_COMPRESSION
[  95.0020]  PACKET_TRANSMIT        pkt=1203  link=router→dst  delay=5.0ms
[  95.0020]  PACKET_ARRIVAL         pkt=1232  node=router  hop=1
[  95.0020]  QUEUE_ENQUEUE          pkt=1232  node=router  queue=19/20 (95%)  state=INCREMENTAL_COMPRESSION
[  95.0070]  PACKET_ARRIVAL         pkt=1203  node=dst  hop=2
[  95.0070]  PACKET_DELIVER         pkt=1203  flow=0  latency=1979.8ms
[  95.0892]  PACKET_GENERATE        pkt=1233  flow=0  size=1479B  pri=1
[  95.0892]  QUEUE_ENQUEUE          pkt=1233  node=src0  queue=1/1000 (0%)  state=NORMAL
[  95.0902]  QUEUE_DEQUEUE          pkt=1233  node=src0  wait=1.0ms  queue=0/1000  state=NORMAL
[  95.0902]  PACKET_TRANSMIT        pkt=1233  link=src0→router  delay=1.0ms
[  95.0912]  PACKET_ARRIVAL         pkt=1233  node=router  hop=1
[  95.0912]  QUEUE_ENQUEUE          pkt=1233  node=router  queue=20/20 (100%)  state=INCREMENTAL_COMPRESSION
[  95.1020]  QUEUE_DEQUEUE          pkt=1207  node=router  wait=1900.0ms  queue=19/20  state=INCREMENTAL_COMPRESSION
[  95.1020]  STATE_UPDATE           node=router  INCREMENTAL_COMPRESSION → DROP_LOW_PRIORITY
[  95.1020]  PACKET_TRANSMIT        pkt=1207  link=router→dst  delay=5.0ms
[  95.1070]  PACKET_ARRIVAL         pkt=1207  node=dst  hop=2
[  95.1070]  PACKET_DELIVER         pkt=1207  flow=1  latency=1907.0ms
[  95.1380]  PACKET_GENERATE        pkt=1234  flow=0  size=1480B  pri=1
[  95.1380]  QUEUE_ENQUEUE          pkt=1234  node=src0  queue=1/1000 (0%)  state=NORMAL
[  95.1390]  QUEUE_DEQUEUE          pkt=1234  node=src0  wait=1.0ms  queue=0/1000  state=NORMAL
[  95.1390]  PACKET_TRANSMIT        pkt=1234  link=src0→router  delay=1.0ms
[  95.1400]  PACKET_ARRIVAL         pkt=1234  node=router  hop=1
[  95.1400]  QUEUE_DROP(congestion) pkt=1234  node=router  pri=1  state=DROP_LOW_PRIORITY
[  95.1855]  PACKET_GENERATE        pkt=1235  flow=0  size=1456B  pri=1
[  95.1855]  QUEUE_ENQUEUE          pkt=1235  node=src0  queue=1/1000 (0%)  state=NORMAL
[  95.1865]  QUEUE_DEQUEUE          pkt=1235  node=src0  wait=1.0ms  queue=0/1000  state=NORMAL
[  95.1865]  PACKET_TRANSMIT        pkt=1235  link=src0→router  delay=1.0ms
[  95.1875]  PACKET_ARRIVAL         pkt=1235  node=router  hop=1
[  95.1875]  QUEUE_DROP(congestion) pkt=1235  node=router  pri=1  state=DROP_LOW_PRIORITY
[  95.1943]  PACKET_GENERATE        pkt=1236  flow=0  size=1456B  pri=1
[  95.1943]  QUEUE_ENQUEUE          pkt=1236  node=src0  queue=1/1000 (0%)  state=NORMAL
[  95.1953]  QUEUE_DEQUEUE          pkt=1236  node=src0  wait=1.0ms  queue=0/1000  state=NORMAL
[  95.1953]  PACKET_TRANSMIT        pkt=1236  link=src0→router  delay=1.0ms
[  95.1963]  PACKET_ARRIVAL         pkt=1236  node=router  hop=1
[  95.1963]  QUEUE_DROP(congestion) pkt=1236  node=router  pri=1  state=DROP_LOW_PRIORITY
[  95.2000]  PACKET_GENERATE        pkt=1237  flow=1  size=100B  pri=0
[  95.2000]  QUEUE_ENQUEUE          pkt=1237  node=src1  queue=1/1000 (0%)  state=NORMAL
[  95.2010]  QUEUE_DEQUEUE          pkt=1237  node=src1  wait=1.0ms  queue=0/1000  state=NORMAL
[  95.2010]  PACKET_TRANSMIT        pkt=1237  link=src1→router  delay=1.0ms
[  95.2020]  QUEUE_DEQUEUE          pkt=1208  node=router  wait=1839.9ms  queue=18/20  state=DROP_LOW_PRIORITY
[  95.2020]  STATE_UPDATE           node=router  DROP_LOW_PRIORITY → INCREMENTAL_COMPRESSION
[  95.2020]  PACKET_TRANSMIT        pkt=1208  link=router→dst  delay=5.0ms
[  95.2020]  PACKET_ARRIVAL         pkt=1237  node=router  hop=1
[  95.2020]  QUEUE_ENQUEUE          pkt=1237  node=router  queue=19/20 (95%)  state=INCREMENTAL_COMPRESSION
[  95.2070]  PACKET_ARRIVAL         pkt=1208  node=dst  hop=2
[  95.2070]  PACKET_DELIVER         pkt=1208  flow=0  latency=1846.9ms
[  95.3020]  QUEUE_DEQUEUE          pkt=1209  node=router  wait=1900.0ms  queue=18/20  state=INCREMENTAL_COMPRESSION
[  95.3020]  PACKET_TRANSMIT        pkt=1209  link=router→dst  delay=5.0ms
[  95.3070]  PACKET_ARRIVAL         pkt=1209  node=dst  hop=2
[  95.3070]  PACKET_DELIVER         pkt=1209  flow=1  latency=1907.0ms
[  95.3191]  PACKET_GENERATE        pkt=1238  flow=0  size=1435B  pri=1
[  95.3191]  QUEUE_ENQUEUE          pkt=1238  node=src0  queue=1/1000 (0%)  state=NORMAL
[  95.3201]  QUEUE_DEQUEUE          pkt=1238  node=src0  wait=1.0ms  queue=0/1000  state=NORMAL
[  95.3201]  PACKET_TRANSMIT        pkt=1238  link=src0→router  delay=1.0ms
[  95.3211]  PACKET_ARRIVAL         pkt=1238  node=router  hop=1
[  95.3211]  QUEUE_ENQUEUE          pkt=1238  node=router  queue=19/20 (95%)  state=INCREMENTAL_COMPRESSION
[  95.4000]  PACKET_GENERATE        pkt=1239  flow=1  size=100B  pri=0
[  95.4000]  QUEUE_ENQUEUE          pkt=1239  node=src1  queue=1/1000 (0%)  state=NORMAL
[  95.4010]  QUEUE_DEQUEUE          pkt=1239  node=src1  wait=1.0ms  queue=0/1000  state=NORMAL
[  95.4010]  PACKET_TRANSMIT        pkt=1239  link=src1→router  delay=1.0ms
[  95.4020]  QUEUE_DEQUEUE          pkt=1210  node=router  wait=1989.2ms  queue=18/20  state=INCREMENTAL_COMPRESSION
[  95.4020]  PACKET_TRANSMIT        pkt=1210  link=router→dst  delay=5.0ms
[  95.4020]  PACKET_ARRIVAL         pkt=1239  node=router  hop=1
[  95.4020]  QUEUE_ENQUEUE          pkt=1239  node=router  queue=19/20 (95%)  state=INCREMENTAL_COMPRESSION
[  95.4070]  PACKET_ARRIVAL         pkt=1210  node=dst  hop=2
[  95.4070]  PACKET_DELIVER         pkt=1210  flow=0  latency=1996.2ms
[  95.4310]  PACKET_GENERATE        pkt=1240  flow=0  size=1445B  pri=1
[  95.4310]  QUEUE_ENQUEUE          pkt=1240  node=src0  queue=1/1000 (0%)  state=NORMAL
[  95.4320]  QUEUE_DEQUEUE          pkt=1240  node=src0  wait=1.0ms  queue=0/1000  state=NORMAL
[  95.4320]  PACKET_TRANSMIT        pkt=1240  link=src0→router  delay=1.0ms
[  95.4330]  PACKET_ARRIVAL         pkt=1240  node=router  hop=1
[  95.4330]  QUEUE_ENQUEUE          pkt=1240  node=router  queue=20/20 (100%)  state=INCREMENTAL_COMPRESSION
[  95.5020]  QUEUE_DEQUEUE          pkt=1215  node=router  wait=1900.0ms  queue=19/20  state=INCREMENTAL_COMPRESSION
[  95.5020]  STATE_UPDATE           node=router  INCREMENTAL_COMPRESSION → DROP_LOW_PRIORITY
[  95.5020]  PACKET_TRANSMIT        pkt=1215  link=router→dst  delay=5.0ms
[  95.5070]  PACKET_ARRIVAL         pkt=1215  node=dst  hop=2
[  95.5070]  PACKET_DELIVER         pkt=1215  flow=1  latency=1907.0ms
[  95.5195]  PACKET_GENERATE        pkt=1241  flow=0  size=1439B  pri=1
[  95.5195]  QUEUE_ENQUEUE          pkt=1241  node=src0  queue=1/1000 (0%)  state=NORMAL
[  95.5205]  QUEUE_DEQUEUE          pkt=1241  node=src0  wait=1.0ms  queue=0/1000  state=NORMAL
[  95.5205]  PACKET_TRANSMIT        pkt=1241  link=src0→router  delay=1.0ms
[  95.5215]  PACKET_ARRIVAL         pkt=1241  node=router  hop=1
[  95.5215]  QUEUE_DROP(congestion) pkt=1241  node=router  pri=1  state=DROP_LOW_PRIORITY
[  95.5969]  PACKET_GENERATE        pkt=1242  flow=0  size=1404B  pri=1
[  95.5969]  QUEUE_ENQUEUE          pkt=1242  node=src0  queue=1/1000 (0%)  state=NORMAL
[  95.5979]  QUEUE_DEQUEUE          pkt=1242  node=src0  wait=1.0ms  queue=0/1000  state=NORMAL
[  95.5979]  PACKET_TRANSMIT        pkt=1242  link=src0→router  delay=1.0ms
[  95.5989]  PACKET_ARRIVAL         pkt=1242  node=router  hop=1
[  95.5989]  QUEUE_DROP(congestion) pkt=1242  node=router  pri=1  state=DROP_LOW_PRIORITY
[  95.6000]  PACKET_GENERATE        pkt=1243  flow=1  size=100B  pri=0
[  95.6000]  QUEUE_ENQUEUE          pkt=1243  node=src1  queue=1/1000 (0%)  state=NORMAL
[  95.6010]  QUEUE_DEQUEUE          pkt=1243  node=src1  wait=1.0ms  queue=0/1000  state=NORMAL
[  95.6010]  PACKET_TRANSMIT        pkt=1243  link=src1→router  delay=1.0ms
[  95.6020]  QUEUE_DEQUEUE          pkt=1216  node=router  wait=1800.0ms  queue=18/20  state=DROP_LOW_PRIORITY
[  95.6020]  STATE_UPDATE           node=router  DROP_LOW_PRIORITY → INCREMENTAL_COMPRESSION
[  95.6020]  PACKET_TRANSMIT        pkt=1216  link=router→dst  delay=5.0ms
[  95.6020]  PACKET_ARRIVAL         pkt=1243  node=router  hop=1
[  95.6020]  QUEUE_ENQUEUE          pkt=1243  node=router  queue=19/20 (95%)  state=INCREMENTAL_COMPRESSION
[  95.6042]  PACKET_GENERATE        pkt=1244  flow=0  size=1436B  pri=1
[  95.6042]  QUEUE_ENQUEUE          pkt=1244  node=src0  queue=1/1000 (0%)  state=NORMAL
[  95.6052]  QUEUE_DEQUEUE          pkt=1244  node=src0  wait=1.0ms  queue=0/1000  state=NORMAL
[  95.6052]  PACKET_TRANSMIT        pkt=1244  link=src0→router  delay=1.0ms
[  95.6062]  PACKET_ARRIVAL         pkt=1244  node=router  hop=1
[  95.6062]  QUEUE_ENQUEUE          pkt=1244  node=router  queue=20/20 (100%)  state=INCREMENTAL_COMPRESSION
[  95.6070]  PACKET_ARRIVAL         pkt=1216  node=dst  hop=2
[  95.6070]  PACKET_DELIVER         pkt=1216  flow=1  latency=1807.0ms
[  95.6142]  PACKET_GENERATE        pkt=1245  flow=0  size=1411B  pri=1
[  95.6142]  QUEUE_ENQUEUE          pkt=1245  node=src0  queue=1/1000 (0%)  state=NORMAL
[  95.6152]  QUEUE_DEQUEUE          pkt=1245  node=src0  wait=1.0ms  queue=0/1000  state=NORMAL
[  95.6152]  PACKET_TRANSMIT        pkt=1245  link=src0→router  delay=1.0ms
[  95.6162]  PACKET_ARRIVAL         pkt=1245  node=router  hop=1
[  95.6162]  QUEUE_DROP(full)       pkt=1245  node=router  pri=1  queue=20/20 FULL
[  95.7020]  QUEUE_DEQUEUE          pkt=1217  node=router  wait=1786.6ms  queue=19/20  state=INCREMENTAL_COMPRESSION
[  95.7020]  STATE_UPDATE           node=router  INCREMENTAL_COMPRESSION → DROP_LOW_PRIORITY
[  95.7020]  PACKET_TRANSMIT        pkt=1217  link=router→dst  delay=5.0ms
[  95.7070]  PACKET_ARRIVAL         pkt=1217  node=dst  hop=2
[  95.7070]  PACKET_DELIVER         pkt=1217  flow=0  latency=1793.6ms
[  95.7335]  PACKET_GENERATE        pkt=1246  flow=0  size=1464B  pri=1
[  95.7335]  QUEUE_ENQUEUE          pkt=1246  node=src0  queue=1/1000 (0%)  state=NORMAL
[  95.7345]  QUEUE_DEQUEUE          pkt=1246  node=src0  wait=1.0ms  queue=0/1000  state=NORMAL
[  95.7345]  PACKET_TRANSMIT        pkt=1246  link=src0→router  delay=1.0ms
[  95.7355]  PACKET_ARRIVAL         pkt=1246  node=router  hop=1
[  95.7355]  QUEUE_DROP(congestion) pkt=1246  node=router  pri=1  state=DROP_LOW_PRIORITY
[  95.7942]  PACKET_GENERATE        pkt=1247  flow=0  size=1474B  pri=1
[  95.7942]  QUEUE_ENQUEUE          pkt=1247  node=src0  queue=1/1000 (0%)  state=NORMAL
[  95.7952]  QUEUE_DEQUEUE          pkt=1247  node=src0  wait=1.0ms  queue=0/1000  state=NORMAL
[  95.7952]  PACKET_TRANSMIT        pkt=1247  link=src0→router  delay=1.0ms
[  95.7962]  PACKET_ARRIVAL         pkt=1247  node=router  hop=1
[  95.7962]  QUEUE_DROP(congestion) pkt=1247  node=router  pri=1  state=DROP_LOW_PRIORITY
[  95.8000]  PACKET_GENERATE        pkt=1248  flow=1  size=100B  pri=0
[  95.8000]  QUEUE_ENQUEUE          pkt=1248  node=src1  queue=1/1000 (0%)  state=NORMAL
[  95.8010]  QUEUE_DEQUEUE          pkt=1248  node=src1  wait=1.0ms  queue=0/1000  state=NORMAL
[  95.8010]  PACKET_TRANSMIT        pkt=1248  link=src1→router  delay=1.0ms
[  95.8020]  QUEUE_DEQUEUE          pkt=1218  node=router  wait=1800.0ms  queue=18/20  state=DROP_LOW_PRIORITY
[  95.8020]  STATE_UPDATE           node=router  DROP_LOW_PRIORITY → INCREMENTAL_COMPRESSION
[  95.8020]  PACKET_TRANSMIT        pkt=1218  link=router→dst  delay=5.0ms
[  95.8020]  PACKET_ARRIVAL         pkt=1248  node=router  hop=1
[  95.8020]  QUEUE_ENQUEUE          pkt=1248  node=router  queue=19/20 (95%)  state=INCREMENTAL_COMPRESSION
[  95.8070]  PACKET_ARRIVAL         pkt=1218  node=dst  hop=2
[  95.8070]  PACKET_DELIVER         pkt=1218  flow=1  latency=1807.0ms
[  95.8952]  PACKET_GENERATE        pkt=1249  flow=0  size=1494B  pri=1
[  95.8952]  QUEUE_ENQUEUE          pkt=1249  node=src0  queue=1/1000 (0%)  state=NORMAL
[  95.8962]  QUEUE_DEQUEUE          pkt=1249  node=src0  wait=1.0ms  queue=0/1000  state=NORMAL
[  95.8962]  PACKET_TRANSMIT        pkt=1249  link=src0→router  delay=1.0ms
[  95.8972]  PACKET_ARRIVAL         pkt=1249  node=router  hop=1
[  95.8972]  QUEUE_ENQUEUE          pkt=1249  node=router  queue=20/20 (100%)  state=INCREMENTAL_COMPRESSION
[  95.9020]  QUEUE_DEQUEUE          pkt=1219  node=router  wait=1775.6ms  queue=19/20  state=INCREMENTAL_COMPRESSION
[  95.9020]  STATE_UPDATE           node=router  INCREMENTAL_COMPRESSION → DROP_LOW_PRIORITY
[  95.9020]  PACKET_TRANSMIT        pkt=1219  link=router→dst  delay=5.0ms
[  95.9070]  PACKET_ARRIVAL         pkt=1219  node=dst  hop=2
[  95.9070]  PACKET_DELIVER         pkt=1219  flow=0  latency=1782.6ms
[  96.0000]  PACKET_GENERATE        pkt=1250  flow=1  size=100B  pri=0
[  96.0000]  QUEUE_ENQUEUE          pkt=1250  node=src1  queue=1/1000 (0%)  state=NORMAL
[  96.0010]  QUEUE_DEQUEUE          pkt=1250  node=src1  wait=1.0ms  queue=0/1000  state=NORMAL
[  96.0010]  PACKET_TRANSMIT        pkt=1250  link=src1→router  delay=1.0ms
[  96.0020]  QUEUE_DEQUEUE          pkt=1220  node=router  wait=1862.1ms  queue=18/20  state=DROP_LOW_PRIORITY
[  96.0020]  STATE_UPDATE           node=router  DROP_LOW_PRIORITY → INCREMENTAL_COMPRESSION
[  96.0020]  PACKET_TRANSMIT        pkt=1220  link=router→dst  delay=5.0ms
[  96.0020]  PACKET_ARRIVAL         pkt=1250  node=router  hop=1
[  96.0020]  QUEUE_ENQUEUE          pkt=1250  node=router  queue=19/20 (95%)  state=INCREMENTAL_COMPRESSION
[  96.0070]  PACKET_ARRIVAL         pkt=1220  node=dst  hop=2
[  96.0070]  PACKET_DELIVER         pkt=1220  flow=0  latency=1869.1ms
[  96.1020]  QUEUE_DEQUEUE          pkt=1221  node=router  wait=1934.6ms  queue=18/20  state=INCREMENTAL_COMPRESSION
[  96.1020]  PACKET_TRANSMIT        pkt=1221  link=router→dst  delay=5.0ms
[  96.1070]  PACKET_ARRIVAL         pkt=1221  node=dst  hop=2
[  96.1070]  PACKET_DELIVER         pkt=1221  flow=0  latency=1941.6ms
[  96.1780]  PACKET_GENERATE        pkt=1251  flow=0  size=1457B  pri=1
[  96.1780]  QUEUE_ENQUEUE          pkt=1251  node=src0  queue=1/1000 (0%)  state=NORMAL
[  96.1790]  QUEUE_DEQUEUE          pkt=1251  node=src0  wait=1.0ms  queue=0/1000  state=NORMAL
[  96.1790]  PACKET_TRANSMIT        pkt=1251  link=src0→router  delay=1.0ms
[  96.1800]  PACKET_ARRIVAL         pkt=1251  node=router  hop=1
[  96.1800]  QUEUE_ENQUEUE          pkt=1251  node=router  queue=19/20 (95%)  state=INCREMENTAL_COMPRESSION
[  96.2000]  PACKET_GENERATE        pkt=1252  flow=1  size=100B  pri=0
[  96.2000]  QUEUE_ENQUEUE          pkt=1252  node=src1  queue=1/1000 (0%)  state=NORMAL
[  96.2010]  QUEUE_DEQUEUE          pkt=1252  node=src1  wait=1.0ms  queue=0/1000  state=NORMAL
[  96.2010]  PACKET_TRANSMIT        pkt=1252  link=src1→router  delay=1.0ms
[  96.2020]  QUEUE_DEQUEUE          pkt=1223  node=router  wait=2000.0ms  queue=18/20  state=INCREMENTAL_COMPRESSION
[  96.2020]  PACKET_TRANSMIT        pkt=1223  link=router→dst  delay=5.0ms
[  96.2020]  PACKET_ARRIVAL         pkt=1252  node=router  hop=1
[  96.2020]  QUEUE_ENQUEUE          pkt=1252  node=router  queue=19/20 (95%)  state=INCREMENTAL_COMPRESSION
[  96.2070]  PACKET_ARRIVAL         pkt=1223  node=dst  hop=2
[  96.2070]  PACKET_DELIVER         pkt=1223  flow=1  latency=2007.0ms
[  96.3020]  QUEUE_DEQUEUE          pkt=1225  node=router  wait=1900.0ms  queue=18/20  state=INCREMENTAL_COMPRESSION
[  96.3020]  PACKET_TRANSMIT        pkt=1225  link=router→dst  delay=5.0ms
[  96.3070]  PACKET_ARRIVAL         pkt=1225  node=dst  hop=2
[  96.3070]  PACKET_DELIVER         pkt=1225  flow=1  latency=1907.0ms
[  96.4000]  PACKET_GENERATE        pkt=1253  flow=1  size=100B  pri=0
[  96.4000]  QUEUE_ENQUEUE          pkt=1253  node=src1  queue=1/1000 (0%)  state=NORMAL
[  96.4010]  QUEUE_DEQUEUE          pkt=1253  node=src1  wait=1.0ms  queue=0/1000  state=NORMAL
[  96.4010]  PACKET_TRANSMIT        pkt=1253  link=src1→router  delay=1.0ms
[  96.4020]  QUEUE_DEQUEUE          pkt=1226  node=router  wait=1800.0ms  queue=17/20  state=INCREMENTAL_COMPRESSION
[  96.4020]  PACKET_TRANSMIT        pkt=1226  link=router→dst  delay=5.0ms
[  96.4020]  PACKET_ARRIVAL         pkt=1253  node=router  hop=1
[  96.4020]  QUEUE_ENQUEUE          pkt=1253  node=router  queue=18/20 (90%)  state=INCREMENTAL_COMPRESSION
[  96.4070]  PACKET_ARRIVAL         pkt=1226  node=dst  hop=2
[  96.4070]  PACKET_DELIVER         pkt=1226  flow=1  latency=1807.0ms
[  96.4776]  PACKET_GENERATE        pkt=1254  flow=0  size=1473B  pri=1
[  96.4776]  QUEUE_ENQUEUE          pkt=1254  node=src0  queue=1/1000 (0%)  state=NORMAL
[  96.4786]  QUEUE_DEQUEUE          pkt=1254  node=src0  wait=1.0ms  queue=0/1000  state=NORMAL
[  96.4786]  PACKET_TRANSMIT        pkt=1254  link=src0→router  delay=1.0ms
[  96.4796]  PACKET_ARRIVAL         pkt=1254  node=router  hop=1
[  96.4796]  QUEUE_ENQUEUE          pkt=1254  node=router  queue=19/20 (95%)  state=INCREMENTAL_COMPRESSION
[  96.5020]  QUEUE_DEQUEUE          pkt=1227  node=router  wait=1802.9ms  queue=18/20  state=INCREMENTAL_COMPRESSION
[  96.5020]  PACKET_TRANSMIT        pkt=1227  link=router→dst  delay=5.0ms
[  96.5070]  PACKET_ARRIVAL         pkt=1227  node=dst  hop=2
[  96.5070]  PACKET_DELIVER         pkt=1227  flow=0  latency=1809.9ms
[  96.6000]  PACKET_GENERATE        pkt=1255  flow=1  size=100B  pri=0
[  96.6000]  QUEUE_ENQUEUE          pkt=1255  node=src1  queue=1/1000 (0%)  state=NORMAL
[  96.6010]  QUEUE_DEQUEUE          pkt=1255  node=src1  wait=1.0ms  queue=0/1000  state=NORMAL
[  96.6010]  PACKET_TRANSMIT        pkt=1255  link=src1→router  delay=1.0ms
[  96.6020]  QUEUE_DEQUEUE          pkt=1228  node=router  wait=1817.7ms  queue=17/20  state=INCREMENTAL_COMPRESSION
[  96.6020]  PACKET_TRANSMIT        pkt=1228  link=router→dst  delay=5.0ms
[  96.6020]  PACKET_ARRIVAL         pkt=1255  node=router  hop=1
[  96.6020]  QUEUE_ENQUEUE          pkt=1255  node=router  queue=18/20 (90%)  state=INCREMENTAL_COMPRESSION
[  96.6070]  PACKET_ARRIVAL         pkt=1228  node=dst  hop=2
[  96.6070]  PACKET_DELIVER         pkt=1228  flow=0  latency=1824.7ms
[  96.6095]  PACKET_GENERATE        pkt=1256  flow=0  size=1441B  pri=1
[  96.6095]  QUEUE_ENQUEUE          pkt=1256  node=src0  queue=1/1000 (0%)  state=NORMAL
[  96.6105]  QUEUE_DEQUEUE          pkt=1256  node=src0  wait=1.0ms  queue=0/1000  state=NORMAL
[  96.6105]  PACKET_TRANSMIT        pkt=1256  link=src0→router  delay=1.0ms
[  96.6115]  PACKET_ARRIVAL         pkt=1256  node=router  hop=1
[  96.6115]  QUEUE_ENQUEUE          pkt=1256  node=router  queue=19/20 (95%)  state=INCREMENTAL_COMPRESSION
[  96.7020]  QUEUE_DEQUEUE          pkt=1229  node=router  wait=1900.0ms  queue=18/20  state=INCREMENTAL_COMPRESSION
[  96.7020]  PACKET_TRANSMIT        pkt=1229  link=router→dst  delay=5.0ms
[  96.7070]  PACKET_ARRIVAL         pkt=1229  node=dst  hop=2
[  96.7070]  PACKET_DELIVER         pkt=1229  flow=1  latency=1907.0ms
[  96.7256]  PACKET_GENERATE        pkt=1257  flow=0  size=1464B  pri=1
[  96.7256]  QUEUE_ENQUEUE          pkt=1257  node=src0  queue=1/1000 (0%)  state=NORMAL
[  96.7266]  QUEUE_DEQUEUE          pkt=1257  node=src0  wait=1.0ms  queue=0/1000  state=NORMAL
[  96.7266]  PACKET_TRANSMIT        pkt=1257  link=src0→router  delay=1.0ms
[  96.7276]  PACKET_ARRIVAL         pkt=1257  node=router  hop=1
[  96.7276]  QUEUE_ENQUEUE          pkt=1257  node=router  queue=19/20 (95%)  state=INCREMENTAL_COMPRESSION
[  96.7461]  PACKET_GENERATE        pkt=1258  flow=0  size=1407B  pri=1
[  96.7461]  QUEUE_ENQUEUE          pkt=1258  node=src0  queue=1/1000 (0%)  state=NORMAL
[  96.7471]  QUEUE_DEQUEUE          pkt=1258  node=src0  wait=1.0ms  queue=0/1000  state=NORMAL
[  96.7471]  PACKET_TRANSMIT        pkt=1258  link=src0→router  delay=1.0ms
[  96.7481]  PACKET_ARRIVAL         pkt=1258  node=router  hop=1
[  96.7481]  QUEUE_ENQUEUE          pkt=1258  node=router  queue=20/20 (100%)  state=INCREMENTAL_COMPRESSION
[  96.8000]  PACKET_GENERATE        pkt=1259  flow=1  size=100B  pri=0
[  96.8000]  QUEUE_ENQUEUE          pkt=1259  node=src1  queue=1/1000 (0%)  state=NORMAL
[  96.8010]  QUEUE_DEQUEUE          pkt=1259  node=src1  wait=1.0ms  queue=0/1000  state=NORMAL
[  96.8010]  PACKET_TRANSMIT        pkt=1259  link=src1→router  delay=1.0ms
[  96.8020]  QUEUE_DEQUEUE          pkt=1230  node=router  wait=1914.0ms  queue=19/20  state=INCREMENTAL_COMPRESSION
[  96.8020]  STATE_UPDATE           node=router  INCREMENTAL_COMPRESSION → DROP_LOW_PRIORITY
[  96.8020]  PACKET_TRANSMIT        pkt=1230  link=router→dst  delay=5.0ms
[  96.8020]  PACKET_ARRIVAL         pkt=1259  node=router  hop=1
[  96.8020]  QUEUE_ENQUEUE          pkt=1259  node=router  queue=20/20 (100%)  state=DROP_LOW_PRIORITY
[  96.8070]  PACKET_ARRIVAL         pkt=1230  node=dst  hop=2
[  96.8070]  PACKET_DELIVER         pkt=1230  flow=0  latency=1921.0ms
[  96.8209]  PACKET_GENERATE        pkt=1260  flow=0  size=1443B  pri=1
[  96.8209]  QUEUE_ENQUEUE          pkt=1260  node=src0  queue=1/1000 (0%)  state=NORMAL
[  96.8219]  QUEUE_DEQUEUE          pkt=1260  node=src0  wait=1.0ms  queue=0/1000  state=NORMAL
[  96.8219]  PACKET_TRANSMIT        pkt=1260  link=src0→router  delay=1.0ms
[  96.8229]  PACKET_ARRIVAL         pkt=1260  node=router  hop=1
[  96.8229]  QUEUE_DROP(congestion) pkt=1260  node=router  pri=1  state=DROP_LOW_PRIORITY
[  96.9020]  QUEUE_DEQUEUE          pkt=1232  node=router  wait=1900.0ms  queue=19/20  state=DROP_LOW_PRIORITY
[  96.9020]  PACKET_TRANSMIT        pkt=1232  link=router→dst  delay=5.0ms
[  96.9070]  PACKET_ARRIVAL         pkt=1232  node=dst  hop=2
[  96.9070]  PACKET_DELIVER         pkt=1232  flow=1  latency=1907.0ms
[  97.0000]  PACKET_GENERATE        pkt=1261  flow=1  size=100B  pri=0
[  97.0000]  QUEUE_ENQUEUE          pkt=1261  node=src1  queue=1/1000 (0%)  state=NORMAL
[  97.0010]  QUEUE_DEQUEUE          pkt=1261  node=src1  wait=1.0ms  queue=0/1000  state=NORMAL
[  97.0010]  PACKET_TRANSMIT        pkt=1261  link=src1→router  delay=1.0ms
[  97.0020]  QUEUE_DEQUEUE          pkt=1233  node=router  wait=1910.8ms  queue=18/20  state=DROP_LOW_PRIORITY
[  97.0020]  STATE_UPDATE           node=router  DROP_LOW_PRIORITY → INCREMENTAL_COMPRESSION
[  97.0020]  PACKET_TRANSMIT        pkt=1233  link=router→dst  delay=5.0ms
[  97.0020]  PACKET_ARRIVAL         pkt=1261  node=router  hop=1
[  97.0020]  QUEUE_ENQUEUE          pkt=1261  node=router  queue=19/20 (95%)  state=INCREMENTAL_COMPRESSION
[  97.0070]  PACKET_ARRIVAL         pkt=1233  node=dst  hop=2
[  97.0070]  PACKET_DELIVER         pkt=1233  flow=0  latency=1917.8ms
[  97.1020]  QUEUE_DEQUEUE          pkt=1237  node=router  wait=1900.0ms  queue=18/20  state=INCREMENTAL_COMPRESSION
[  97.1020]  PACKET_TRANSMIT        pkt=1237  link=router→dst  delay=5.0ms
[  97.1070]  PACKET_ARRIVAL         pkt=1237  node=dst  hop=2
[  97.1070]  PACKET_DELIVER         pkt=1237  flow=1  latency=1907.0ms
[  97.2000]  PACKET_GENERATE        pkt=1262  flow=1  size=100B  pri=0
[  97.2000]  QUEUE_ENQUEUE          pkt=1262  node=src1  queue=1/1000 (0%)  state=NORMAL
[  97.2010]  QUEUE_DEQUEUE          pkt=1262  node=src1  wait=1.0ms  queue=0/1000  state=NORMAL
[  97.2010]  PACKET_TRANSMIT        pkt=1262  link=src1→router  delay=1.0ms
[  97.2020]  QUEUE_DEQUEUE          pkt=1238  node=router  wait=1880.9ms  queue=17/20  state=INCREMENTAL_COMPRESSION
[  97.2020]  PACKET_TRANSMIT        pkt=1238  link=router→dst  delay=5.0ms
[  97.2020]  PACKET_ARRIVAL         pkt=1262  node=router  hop=1
[  97.2020]  QUEUE_ENQUEUE          pkt=1262  node=router  queue=18/20 (90%)  state=INCREMENTAL_COMPRESSION
[  97.2070]  PACKET_ARRIVAL         pkt=1238  node=dst  hop=2
[  97.2070]  PACKET_DELIVER         pkt=1238  flow=0  latency=1887.9ms
[  97.3020]  QUEUE_DEQUEUE          pkt=1239  node=router  wait=1900.0ms  queue=17/20  state=INCREMENTAL_COMPRESSION
[  97.3020]  PACKET_TRANSMIT        pkt=1239  link=router→dst  delay=5.0ms
[  97.3070]  PACKET_ARRIVAL         pkt=1239  node=dst  hop=2
[  97.3070]  PACKET_DELIVER         pkt=1239  flow=1  latency=1907.0ms
[  97.3258]  PACKET_GENERATE        pkt=1263  flow=0  size=1410B  pri=1
[  97.3258]  QUEUE_ENQUEUE          pkt=1263  node=src0  queue=1/1000 (0%)  state=NORMAL
[  97.3268]  QUEUE_DEQUEUE          pkt=1263  node=src0  wait=1.0ms  queue=0/1000  state=NORMAL
[  97.3268]  PACKET_TRANSMIT        pkt=1263  link=src0→router  delay=1.0ms
[  97.3278]  PACKET_ARRIVAL         pkt=1263  node=router  hop=1
[  97.3278]  QUEUE_ENQUEUE          pkt=1263  node=router  queue=18/20 (90%)  state=INCREMENTAL_COMPRESSION
[  97.4000]  PACKET_GENERATE        pkt=1264  flow=1  size=100B  pri=0
[  97.4000]  QUEUE_ENQUEUE          pkt=1264  node=src1  queue=1/1000 (0%)  state=NORMAL
[  97.4010]  QUEUE_DEQUEUE          pkt=1264  node=src1  wait=1.0ms  queue=0/1000  state=NORMAL
[  97.4010]  PACKET_TRANSMIT        pkt=1264  link=src1→router  delay=1.0ms
[  97.4020]  QUEUE_DEQUEUE          pkt=1240  node=router  wait=1969.0ms  queue=17/20  state=INCREMENTAL_COMPRESSION
[  97.4020]  PACKET_TRANSMIT        pkt=1240  link=router→dst  delay=5.0ms
[  97.4020]  PACKET_ARRIVAL         pkt=1264  node=router  hop=1
[  97.4020]  QUEUE_ENQUEUE          pkt=1264  node=router  queue=18/20 (90%)  state=INCREMENTAL_COMPRESSION
[  97.4070]  PACKET_ARRIVAL         pkt=1240  node=dst  hop=2
[  97.4070]  PACKET_DELIVER         pkt=1240  flow=0  latency=1976.0ms
[  97.4136]  PACKET_GENERATE        pkt=1265  flow=0  size=1422B  pri=1
[  97.4136]  QUEUE_ENQUEUE          pkt=1265  node=src0  queue=1/1000 (0%)  state=NORMAL
[  97.4146]  QUEUE_DEQUEUE          pkt=1265  node=src0  wait=1.0ms  queue=0/1000  state=NORMAL
[  97.4146]  PACKET_TRANSMIT        pkt=1265  link=src0→router  delay=1.0ms
[  97.4156]  PACKET_ARRIVAL         pkt=1265  node=router  hop=1
[  97.4156]  QUEUE_ENQUEUE          pkt=1265  node=router  queue=19/20 (95%)  state=INCREMENTAL_COMPRESSION
[  97.4186]  PACKET_GENERATE        pkt=1266  flow=0  size=1490B  pri=1
[  97.4186]  QUEUE_ENQUEUE          pkt=1266  node=src0  queue=1/1000 (0%)  state=NORMAL
[  97.4196]  QUEUE_DEQUEUE          pkt=1266  node=src0  wait=1.0ms  queue=0/1000  state=NORMAL
[  97.4196]  PACKET_TRANSMIT        pkt=1266  link=src0→router  delay=1.0ms
[  97.4206]  PACKET_ARRIVAL         pkt=1266  node=router  hop=1
[  97.4206]  QUEUE_ENQUEUE          pkt=1266  node=router  queue=20/20 (100%)  state=INCREMENTAL_COMPRESSION
[  97.4906]  PACKET_GENERATE        pkt=1267  flow=0  size=1456B  pri=1
[  97.4906]  QUEUE_ENQUEUE          pkt=1267  node=src0  queue=1/1000 (0%)  state=NORMAL
[  97.4916]  QUEUE_DEQUEUE          pkt=1267  node=src0  wait=1.0ms  queue=0/1000  state=NORMAL
[  97.4916]  PACKET_TRANSMIT        pkt=1267  link=src0→router  delay=1.0ms
[  97.4926]  PACKET_ARRIVAL         pkt=1267  node=router  hop=1
[  97.4926]  QUEUE_DROP(full)       pkt=1267  node=router  pri=1  queue=20/20 FULL
[  97.5020]  QUEUE_DEQUEUE          pkt=1243  node=router  wait=1900.0ms  queue=19/20  state=INCREMENTAL_COMPRESSION
[  97.5020]  STATE_UPDATE           node=router  INCREMENTAL_COMPRESSION → DROP_LOW_PRIORITY
[  97.5020]  PACKET_TRANSMIT        pkt=1243  link=router→dst  delay=5.0ms
[  97.5070]  PACKET_ARRIVAL         pkt=1243  node=dst  hop=2
[  97.5070]  PACKET_DELIVER         pkt=1243  flow=1  latency=1907.0ms
[  97.5834]  PACKET_GENERATE        pkt=1268  flow=0  size=1478B  pri=1
[  97.5834]  QUEUE_ENQUEUE          pkt=1268  node=src0  queue=1/1000 (0%)  state=NORMAL
[  97.5844]  QUEUE_DEQUEUE          pkt=1268  node=src0  wait=1.0ms  queue=0/1000  state=NORMAL
[  97.5844]  PACKET_TRANSMIT        pkt=1268  link=src0→router  delay=1.0ms
[  97.5854]  PACKET_ARRIVAL         pkt=1268  node=router  hop=1
[  97.5854]  QUEUE_DROP(congestion) pkt=1268  node=router  pri=1  state=DROP_LOW_PRIORITY
[  97.6000]  PACKET_GENERATE        pkt=1269  flow=1  size=100B  pri=0
[  97.6000]  QUEUE_ENQUEUE          pkt=1269  node=src1  queue=1/1000 (0%)  state=NORMAL
[  97.6010]  QUEUE_DEQUEUE          pkt=1269  node=src1  wait=1.0ms  queue=0/1000  state=NORMAL
[  97.6010]  PACKET_TRANSMIT        pkt=1269  link=src1→router  delay=1.0ms
[  97.6020]  QUEUE_DEQUEUE          pkt=1244  node=router  wait=1995.8ms  queue=18/20  state=DROP_LOW_PRIORITY
[  97.6020]  STATE_UPDATE           node=router  DROP_LOW_PRIORITY → INCREMENTAL_COMPRESSION
[  97.6020]  PACKET_TRANSMIT        pkt=1244  link=router→dst  delay=5.0ms
[  97.6020]  PACKET_ARRIVAL         pkt=1269  node=router  hop=1
[  97.6020]  QUEUE_ENQUEUE          pkt=1269  node=router  queue=19/20 (95%)  state=INCREMENTAL_COMPRESSION
[  97.6050]  PACKET_GENERATE        pkt=1270  flow=0  size=1447B  pri=1
[  97.6050]  QUEUE_ENQUEUE          pkt=1270  node=src0  queue=1/1000 (0%)  state=NORMAL
[  97.6060]  QUEUE_DEQUEUE          pkt=1270  node=src0  wait=1.0ms  queue=0/1000  state=NORMAL
[  97.6060]  PACKET_TRANSMIT        pkt=1270  link=src0→router  delay=1.0ms
[  97.6070]  PACKET_ARRIVAL         pkt=1270  node=router  hop=1
[  97.6070]  QUEUE_ENQUEUE          pkt=1270  node=router  queue=20/20 (100%)  state=INCREMENTAL_COMPRESSION
[  97.6070]  PACKET_ARRIVAL         pkt=1244  node=dst  hop=2
[  97.6070]  PACKET_DELIVER         pkt=1244  flow=0  latency=2002.8ms
[  97.7020]  QUEUE_DEQUEUE          pkt=1248  node=router  wait=1900.0ms  queue=19/20  state=INCREMENTAL_COMPRESSION
[  97.7020]  STATE_UPDATE           node=router  INCREMENTAL_COMPRESSION → DROP_LOW_PRIORITY
[  97.7020]  PACKET_TRANSMIT        pkt=1248  link=router→dst  delay=5.0ms
[  97.7070]  PACKET_ARRIVAL         pkt=1248  node=dst  hop=2
[  97.7070]  PACKET_DELIVER         pkt=1248  flow=1  latency=1907.0ms
[  97.8000]  PACKET_GENERATE        pkt=1271  flow=1  size=100B  pri=0
[  97.8000]  QUEUE_ENQUEUE          pkt=1271  node=src1  queue=1/1000 (0%)  state=NORMAL
[  97.8010]  QUEUE_DEQUEUE          pkt=1271  node=src1  wait=1.0ms  queue=0/1000  state=NORMAL
[  97.8010]  PACKET_TRANSMIT        pkt=1271  link=src1→router  delay=1.0ms
[  97.8020]  QUEUE_DEQUEUE          pkt=1249  node=router  wait=1904.8ms  queue=18/20  state=DROP_LOW_PRIORITY
[  97.8020]  STATE_UPDATE           node=router  DROP_LOW_PRIORITY → INCREMENTAL_COMPRESSION
[  97.8020]  PACKET_TRANSMIT        pkt=1249  link=router→dst  delay=5.0ms
[  97.8020]  PACKET_ARRIVAL         pkt=1271  node=router  hop=1
[  97.8020]  QUEUE_ENQUEUE          pkt=1271  node=router  queue=19/20 (95%)  state=INCREMENTAL_COMPRESSION
[  97.8070]  PACKET_ARRIVAL         pkt=1249  node=dst  hop=2
[  97.8070]  PACKET_DELIVER         pkt=1249  flow=0  latency=1911.8ms
[  97.9020]  QUEUE_DEQUEUE          pkt=1250  node=router  wait=1900.0ms  queue=18/20  state=INCREMENTAL_COMPRESSION
[  97.9020]  PACKET_TRANSMIT        pkt=1250  link=router→dst  delay=5.0ms
[  97.9070]  PACKET_ARRIVAL         pkt=1250  node=dst  hop=2
[  97.9070]  PACKET_DELIVER         pkt=1250  flow=1  latency=1907.0ms
[  97.9175]  PACKET_GENERATE        pkt=1272  flow=0  size=1449B  pri=1
[  97.9175]  QUEUE_ENQUEUE          pkt=1272  node=src0  queue=1/1000 (0%)  state=NORMAL
[  97.9185]  QUEUE_DEQUEUE          pkt=1272  node=src0  wait=1.0ms  queue=0/1000  state=NORMAL
[  97.9185]  PACKET_TRANSMIT        pkt=1272  link=src0→router  delay=1.0ms
[  97.9195]  PACKET_ARRIVAL         pkt=1272  node=router  hop=1
[  97.9195]  QUEUE_ENQUEUE          pkt=1272  node=router  queue=19/20 (95%)  state=INCREMENTAL_COMPRESSION
[  97.9832]  PACKET_GENERATE        pkt=1273  flow=0  size=1443B  pri=1
[  97.9832]  QUEUE_ENQUEUE          pkt=1273  node=src0  queue=1/1000 (0%)  state=NORMAL
[  97.9842]  QUEUE_DEQUEUE          pkt=1273  node=src0  wait=1.0ms  queue=0/1000  state=NORMAL
[  97.9842]  PACKET_TRANSMIT        pkt=1273  link=src0→router  delay=1.0ms
[  97.9852]  PACKET_ARRIVAL         pkt=1273  node=router  hop=1
[  97.9852]  QUEUE_ENQUEUE          pkt=1273  node=router  queue=20/20 (100%)  state=INCREMENTAL_COMPRESSION
[  98.0000]  PACKET_GENERATE        pkt=1274  flow=1  size=100B  pri=0
[  98.0000]  QUEUE_ENQUEUE          pkt=1274  node=src1  queue=1/1000 (0%)  state=NORMAL
[  98.0010]  QUEUE_DEQUEUE          pkt=1274  node=src1  wait=1.0ms  queue=0/1000  state=NORMAL
[  98.0010]  PACKET_TRANSMIT        pkt=1274  link=src1→router  delay=1.0ms
[  98.0020]  QUEUE_DEQUEUE          pkt=1251  node=router  wait=1822.0ms  queue=19/20  state=INCREMENTAL_COMPRESSION
[  98.0020]  STATE_UPDATE           node=router  INCREMENTAL_COMPRESSION → DROP_LOW_PRIORITY
[  98.0020]  PACKET_TRANSMIT        pkt=1251  link=router→dst  delay=5.0ms
[  98.0020]  PACKET_ARRIVAL         pkt=1274  node=router  hop=1
[  98.0020]  QUEUE_ENQUEUE          pkt=1274  node=router  queue=20/20 (100%)  state=DROP_LOW_PRIORITY
[  98.0070]  PACKET_ARRIVAL         pkt=1251  node=dst  hop=2
[  98.0070]  PACKET_DELIVER         pkt=1251  flow=0  latency=1829.0ms
[  98.1020]  QUEUE_DEQUEUE          pkt=1252  node=router  wait=1900.0ms  queue=19/20  state=DROP_LOW_PRIORITY
[  98.1020]  PACKET_TRANSMIT        pkt=1252  link=router→dst  delay=5.0ms
[  98.1070]  PACKET_ARRIVAL         pkt=1252  node=dst  hop=2
[  98.1070]  PACKET_DELIVER         pkt=1252  flow=1  latency=1907.0ms
[  98.1252]  PACKET_GENERATE        pkt=1275  flow=0  size=1406B  pri=1
[  98.1252]  QUEUE_ENQUEUE          pkt=1275  node=src0  queue=1/1000 (0%)  state=NORMAL
[  98.1262]  QUEUE_DEQUEUE          pkt=1275  node=src0  wait=1.0ms  queue=0/1000  state=NORMAL
[  98.1262]  PACKET_TRANSMIT        pkt=1275  link=src0→router  delay=1.0ms
[  98.1272]  PACKET_ARRIVAL         pkt=1275  node=router  hop=1
[  98.1272]  QUEUE_DROP(congestion) pkt=1275  node=router  pri=1  state=DROP_LOW_PRIORITY
[  98.2000]  PACKET_GENERATE        pkt=1276  flow=1  size=100B  pri=0
[  98.2000]  QUEUE_ENQUEUE          pkt=1276  node=src1  queue=1/1000 (0%)  state=NORMAL
[  98.2010]  QUEUE_DEQUEUE          pkt=1276  node=src1  wait=1.0ms  queue=0/1000  state=NORMAL
[  98.2010]  PACKET_TRANSMIT        pkt=1276  link=src1→router  delay=1.0ms
[  98.2020]  QUEUE_DEQUEUE          pkt=1253  node=router  wait=1800.0ms  queue=18/20  state=DROP_LOW_PRIORITY
[  98.2020]  STATE_UPDATE           node=router  DROP_LOW_PRIORITY → INCREMENTAL_COMPRESSION
[  98.2020]  PACKET_TRANSMIT        pkt=1253  link=router→dst  delay=5.0ms
[  98.2020]  PACKET_ARRIVAL         pkt=1276  node=router  hop=1
[  98.2020]  QUEUE_ENQUEUE          pkt=1276  node=router  queue=19/20 (95%)  state=INCREMENTAL_COMPRESSION
[  98.2070]  PACKET_ARRIVAL         pkt=1253  node=dst  hop=2
[  98.2070]  PACKET_DELIVER         pkt=1253  flow=1  latency=1807.0ms
[  98.3020]  QUEUE_DEQUEUE          pkt=1254  node=router  wait=1822.4ms  queue=18/20  state=INCREMENTAL_COMPRESSION
[  98.3020]  PACKET_TRANSMIT        pkt=1254  link=router→dst  delay=5.0ms
[  98.3070]  PACKET_ARRIVAL         pkt=1254  node=dst  hop=2
[  98.3070]  PACKET_DELIVER         pkt=1254  flow=0  latency=1829.4ms
[  98.3198]  PACKET_GENERATE        pkt=1277  flow=0  size=1482B  pri=1
[  98.3198]  QUEUE_ENQUEUE          pkt=1277  node=src0  queue=1/1000 (0%)  state=NORMAL
[  98.3208]  QUEUE_DEQUEUE          pkt=1277  node=src0  wait=1.0ms  queue=0/1000  state=NORMAL
[  98.3208]  PACKET_TRANSMIT        pkt=1277  link=src0→router  delay=1.0ms
[  98.3218]  PACKET_ARRIVAL         pkt=1277  node=router  hop=1
[  98.3218]  QUEUE_ENQUEUE          pkt=1277  node=router  queue=19/20 (95%)  state=INCREMENTAL_COMPRESSION
[  98.3708]  PACKET_GENERATE        pkt=1278  flow=0  size=1442B  pri=1
[  98.3708]  QUEUE_ENQUEUE          pkt=1278  node=src0  queue=1/1000 (0%)  state=NORMAL
[  98.3718]  QUEUE_DEQUEUE          pkt=1278  node=src0  wait=1.0ms  queue=0/1000  state=NORMAL
[  98.3718]  PACKET_TRANSMIT        pkt=1278  link=src0→router  delay=1.0ms
[  98.3728]  PACKET_ARRIVAL         pkt=1278  node=router  hop=1
[  98.3728]  QUEUE_ENQUEUE          pkt=1278  node=router  queue=20/20 (100%)  state=INCREMENTAL_COMPRESSION
[  98.3832]  PACKET_GENERATE        pkt=1279  flow=0  size=1486B  pri=1
[  98.3832]  QUEUE_ENQUEUE          pkt=1279  node=src0  queue=1/1000 (0%)  state=NORMAL
[  98.3842]  QUEUE_DEQUEUE          pkt=1279  node=src0  wait=1.0ms  queue=0/1000  state=NORMAL
[  98.3842]  PACKET_TRANSMIT        pkt=1279  link=src0→router  delay=1.0ms
[  98.3852]  PACKET_ARRIVAL         pkt=1279  node=router  hop=1
[  98.3852]  QUEUE_DROP(full)       pkt=1279  node=router  pri=1  queue=20/20 FULL
[  98.4000]  PACKET_GENERATE        pkt=1280  flow=1  size=100B  pri=0
[  98.4000]  QUEUE_ENQUEUE          pkt=1280  node=src1  queue=1/1000 (0%)  state=NORMAL
[  98.4010]  QUEUE_DEQUEUE          pkt=1280  node=src1  wait=1.0ms  queue=0/1000  state=NORMAL
[  98.4010]  PACKET_TRANSMIT        pkt=1280  link=src1→router  delay=1.0ms
[  98.4020]  QUEUE_DEQUEUE          pkt=1255  node=router  wait=1800.0ms  queue=19/20  state=INCREMENTAL_COMPRESSION
[  98.4020]  STATE_UPDATE           node=router  INCREMENTAL_COMPRESSION → DROP_LOW_PRIORITY
[  98.4020]  PACKET_TRANSMIT        pkt=1255  link=router→dst  delay=5.0ms
[  98.4020]  PACKET_ARRIVAL         pkt=1280  node=router  hop=1
[  98.4020]  QUEUE_ENQUEUE          pkt=1280  node=router  queue=20/20 (100%)  state=DROP_LOW_PRIORITY
[  98.4070]  PACKET_ARRIVAL         pkt=1255  node=dst  hop=2
[  98.4070]  PACKET_DELIVER         pkt=1255  flow=1  latency=1807.0ms
[  98.4443]  PACKET_GENERATE        pkt=1281  flow=0  size=1432B  pri=1
[  98.4443]  QUEUE_ENQUEUE          pkt=1281  node=src0  queue=1/1000 (0%)  state=NORMAL
[  98.4453]  QUEUE_DEQUEUE          pkt=1281  node=src0  wait=1.0ms  queue=0/1000  state=NORMAL
[  98.4453]  PACKET_TRANSMIT        pkt=1281  link=src0→router  delay=1.0ms
[  98.4463]  PACKET_ARRIVAL         pkt=1281  node=router  hop=1
[  98.4463]  QUEUE_DROP(congestion) pkt=1281  node=router  pri=1  state=DROP_LOW_PRIORITY
[  98.5020]  QUEUE_DEQUEUE          pkt=1256  node=router  wait=1890.5ms  queue=19/20  state=DROP_LOW_PRIORITY
[  98.5020]  PACKET_TRANSMIT        pkt=1256  link=router→dst  delay=5.0ms
[  98.5070]  PACKET_ARRIVAL         pkt=1256  node=dst  hop=2
[  98.5070]  PACKET_DELIVER         pkt=1256  flow=0  latency=1897.5ms
[  98.6000]  PACKET_GENERATE        pkt=1282  flow=1  size=100B  pri=0
[  98.6000]  QUEUE_ENQUEUE          pkt=1282  node=src1  queue=1/1000 (0%)  state=NORMAL
[  98.6010]  QUEUE_DEQUEUE          pkt=1282  node=src1  wait=1.0ms  queue=0/1000  state=NORMAL
[  98.6010]  PACKET_TRANSMIT        pkt=1282  link=src1→router  delay=1.0ms
[  98.6020]  QUEUE_DEQUEUE          pkt=1257  node=router  wait=1874.4ms  queue=18/20  state=DROP_LOW_PRIORITY
[  98.6020]  STATE_UPDATE           node=router  DROP_LOW_PRIORITY → INCREMENTAL_COMPRESSION
[  98.6020]  PACKET_TRANSMIT        pkt=1257  link=router→dst  delay=5.0ms
[  98.6020]  PACKET_ARRIVAL         pkt=1282  node=router  hop=1
[  98.6020]  QUEUE_ENQUEUE          pkt=1282  node=router  queue=19/20 (95%)  state=INCREMENTAL_COMPRESSION
[  98.6051]  PACKET_GENERATE        pkt=1283  flow=0  size=1484B  pri=1
[  98.6051]  QUEUE_ENQUEUE          pkt=1283  node=src0  queue=1/1000 (0%)  state=NORMAL
[  98.6061]  QUEUE_DEQUEUE          pkt=1283  node=src0  wait=1.0ms  queue=0/1000  state=NORMAL
[  98.6061]  PACKET_TRANSMIT        pkt=1283  link=src0→router  delay=1.0ms
[  98.6070]  PACKET_ARRIVAL         pkt=1257  node=dst  hop=2
[  98.6070]  PACKET_DELIVER         pkt=1257  flow=0  latency=1881.4ms
[  98.6071]  PACKET_ARRIVAL         pkt=1283  node=router  hop=1
[  98.6071]  QUEUE_ENQUEUE          pkt=1283  node=router  queue=20/20 (100%)  state=INCREMENTAL_COMPRESSION
[  98.7020]  QUEUE_DEQUEUE          pkt=1258  node=router  wait=1953.9ms  queue=19/20  state=INCREMENTAL_COMPRESSION
[  98.7020]  STATE_UPDATE           node=router  INCREMENTAL_COMPRESSION → DROP_LOW_PRIORITY
[  98.7020]  PACKET_TRANSMIT        pkt=1258  link=router→dst  delay=5.0ms
[  98.7070]  PACKET_ARRIVAL         pkt=1258  node=dst  hop=2
[  98.7070]  PACKET_DELIVER         pkt=1258  flow=0  latency=1960.9ms
[  98.8000]  PACKET_GENERATE        pkt=1284  flow=1  size=100B  pri=0
[  98.8000]  QUEUE_ENQUEUE          pkt=1284  node=src1  queue=1/1000 (0%)  state=NORMAL
[  98.8010]  QUEUE_DEQUEUE          pkt=1284  node=src1  wait=1.0ms  queue=0/1000  state=NORMAL
[  98.8010]  PACKET_TRANSMIT        pkt=1284  link=src1→router  delay=1.0ms
[  98.8020]  QUEUE_DEQUEUE          pkt=1259  node=router  wait=2000.0ms  queue=18/20  state=DROP_LOW_PRIORITY
[  98.8020]  STATE_UPDATE           node=router  DROP_LOW_PRIORITY → INCREMENTAL_COMPRESSION
[  98.8020]  PACKET_TRANSMIT        pkt=1259  link=router→dst  delay=5.0ms
[  98.8020]  PACKET_ARRIVAL         pkt=1284  node=router  hop=1
[  98.8020]  QUEUE_ENQUEUE          pkt=1284  node=router  queue=19/20 (95%)  state=INCREMENTAL_COMPRESSION
[  98.8070]  PACKET_ARRIVAL         pkt=1259  node=dst  hop=2
[  98.8070]  PACKET_DELIVER         pkt=1259  flow=1  latency=2007.0ms
[  98.9020]  QUEUE_DEQUEUE          pkt=1261  node=router  wait=1900.0ms  queue=18/20  state=INCREMENTAL_COMPRESSION
[  98.9020]  PACKET_TRANSMIT        pkt=1261  link=router→dst  delay=5.0ms
[  98.9070]  PACKET_ARRIVAL         pkt=1261  node=dst  hop=2
[  98.9070]  PACKET_DELIVER         pkt=1261  flow=1  latency=1907.0ms
[  99.0000]  PACKET_GENERATE        pkt=1285  flow=1  size=100B  pri=0
[  99.0000]  QUEUE_ENQUEUE          pkt=1285  node=src1  queue=1/1000 (0%)  state=NORMAL
[  99.0010]  QUEUE_DEQUEUE          pkt=1285  node=src1  wait=1.0ms  queue=0/1000  state=NORMAL
[  99.0010]  PACKET_TRANSMIT        pkt=1285  link=src1→router  delay=1.0ms
[  99.0020]  QUEUE_DEQUEUE          pkt=1262  node=router  wait=1800.0ms  queue=17/20  state=INCREMENTAL_COMPRESSION
[  99.0020]  PACKET_TRANSMIT        pkt=1262  link=router→dst  delay=5.0ms
[  99.0020]  PACKET_ARRIVAL         pkt=1285  node=router  hop=1
[  99.0020]  QUEUE_ENQUEUE          pkt=1285  node=router  queue=18/20 (90%)  state=INCREMENTAL_COMPRESSION
[  99.0070]  PACKET_ARRIVAL         pkt=1262  node=dst  hop=2
[  99.0070]  PACKET_DELIVER         pkt=1262  flow=1  latency=1807.0ms
[  99.0220]  PACKET_GENERATE        pkt=1286  flow=0  size=1477B  pri=1
[  99.0220]  QUEUE_ENQUEUE          pkt=1286  node=src0  queue=1/1000 (0%)  state=NORMAL
[  99.0230]  QUEUE_DEQUEUE          pkt=1286  node=src0  wait=1.0ms  queue=0/1000  state=NORMAL
[  99.0230]  PACKET_TRANSMIT        pkt=1286  link=src0→router  delay=1.0ms
[  99.0240]  PACKET_ARRIVAL         pkt=1286  node=router  hop=1
[  99.0240]  QUEUE_ENQUEUE          pkt=1286  node=router  queue=19/20 (95%)  state=INCREMENTAL_COMPRESSION
[  99.1020]  QUEUE_DEQUEUE          pkt=1263  node=router  wait=1774.2ms  queue=18/20  state=INCREMENTAL_COMPRESSION
[  99.1020]  PACKET_TRANSMIT        pkt=1263  link=router→dst  delay=5.0ms
[  99.1070]  PACKET_ARRIVAL         pkt=1263  node=dst  hop=2
[  99.1070]  PACKET_DELIVER         pkt=1263  flow=0  latency=1781.2ms
[  99.2000]  PACKET_GENERATE        pkt=1287  flow=1  size=100B  pri=0
[  99.2000]  QUEUE_ENQUEUE          pkt=1287  node=src1  queue=1/1000 (0%)  state=NORMAL
[  99.2010]  QUEUE_DEQUEUE          pkt=1287  node=src1  wait=1.0ms  queue=0/1000  state=NORMAL
[  99.2010]  PACKET_TRANSMIT        pkt=1287  link=src1→router  delay=1.0ms
[  99.2020]  QUEUE_DEQUEUE          pkt=1264  node=router  wait=1800.0ms  queue=17/20  state=INCREMENTAL_COMPRESSION
[  99.2020]  PACKET_TRANSMIT        pkt=1264  link=router→dst  delay=5.0ms
[  99.2020]  PACKET_ARRIVAL         pkt=1287  node=router  hop=1
[  99.2020]  QUEUE_ENQUEUE          pkt=1287  node=router  queue=18/20 (90%)  state=INCREMENTAL_COMPRESSION
[  99.2070]  PACKET_ARRIVAL         pkt=1264  node=dst  hop=2
[  99.2070]  PACKET_DELIVER         pkt=1264  flow=1  latency=1807.0ms
[  99.2802]  PACKET_GENERATE        pkt=1288  flow=0  size=1442B  pri=1
[  99.2802]  QUEUE_ENQUEUE          pkt=1288  node=src0  queue=1/1000 (0%)  state=NORMAL
[  99.2812]  QUEUE_DEQUEUE          pkt=1288  node=src0  wait=1.0ms  queue=0/1000  state=NORMAL
[  99.2812]  PACKET_TRANSMIT        pkt=1288  link=src0→router  delay=1.0ms
[  99.2822]  PACKET_ARRIVAL         pkt=1288  node=router  hop=1
[  99.2822]  QUEUE_ENQUEUE          pkt=1288  node=router  queue=19/20 (95%)  state=INCREMENTAL_COMPRESSION
[  99.2909]  PACKET_GENERATE        pkt=1289  flow=0  size=1484B  pri=1
[  99.2909]  QUEUE_ENQUEUE          pkt=1289  node=src0  queue=1/1000 (0%)  state=NORMAL
[  99.2919]  QUEUE_DEQUEUE          pkt=1289  node=src0  wait=1.0ms  queue=0/1000  state=NORMAL
[  99.2919]  PACKET_TRANSMIT        pkt=1289  link=src0→router  delay=1.0ms
[  99.2929]  PACKET_ARRIVAL         pkt=1289  node=router  hop=1
[  99.2929]  QUEUE_ENQUEUE          pkt=1289  node=router  queue=20/20 (100%)  state=INCREMENTAL_COMPRESSION
[  99.3020]  QUEUE_DEQUEUE          pkt=1265  node=router  wait=1886.4ms  queue=19/20  state=INCREMENTAL_COMPRESSION
[  99.3020]  STATE_UPDATE           node=router  INCREMENTAL_COMPRESSION → DROP_LOW_PRIORITY
[  99.3020]  PACKET_TRANSMIT        pkt=1265  link=router→dst  delay=5.0ms
[  99.3070]  PACKET_ARRIVAL         pkt=1265  node=dst  hop=2
[  99.3070]  PACKET_DELIVER         pkt=1265  flow=0  latency=1893.4ms
[  99.3099]  PACKET_GENERATE        pkt=1290  flow=0  size=1444B  pri=1
[  99.3099]  QUEUE_ENQUEUE          pkt=1290  node=src0  queue=1/1000 (0%)  state=NORMAL
[  99.3109]  QUEUE_DEQUEUE          pkt=1290  node=src0  wait=1.0ms  queue=0/1000  state=NORMAL
[  99.3109]  PACKET_TRANSMIT        pkt=1290  link=src0→router  delay=1.0ms
[  99.3119]  PACKET_ARRIVAL         pkt=1290  node=router  hop=1
[  99.3119]  QUEUE_DROP(congestion) pkt=1290  node=router  pri=1  state=DROP_LOW_PRIORITY
[  99.3563]  PACKET_GENERATE        pkt=1291  flow=0  size=1483B  pri=1
[  99.3563]  QUEUE_ENQUEUE          pkt=1291  node=src0  queue=1/1000 (0%)  state=NORMAL
[  99.3573]  QUEUE_DEQUEUE          pkt=1291  node=src0  wait=1.0ms  queue=0/1000  state=NORMAL
[  99.3573]  PACKET_TRANSMIT        pkt=1291  link=src0→router  delay=1.0ms
[  99.3583]  PACKET_ARRIVAL         pkt=1291  node=router  hop=1
[  99.3583]  QUEUE_DROP(congestion) pkt=1291  node=router  pri=1  state=DROP_LOW_PRIORITY
[  99.4000]  PACKET_GENERATE        pkt=1292  flow=1  size=100B  pri=0
[  99.4000]  QUEUE_ENQUEUE          pkt=1292  node=src1  queue=1/1000 (0%)  state=NORMAL
[  99.4010]  QUEUE_DEQUEUE          pkt=1292  node=src1  wait=1.0ms  queue=0/1000  state=NORMAL
[  99.4010]  PACKET_TRANSMIT        pkt=1292  link=src1→router  delay=1.0ms
[  99.4020]  QUEUE_DEQUEUE          pkt=1266  node=router  wait=1981.4ms  queue=18/20  state=DROP_LOW_PRIORITY
[  99.4020]  STATE_UPDATE           node=router  DROP_LOW_PRIORITY → INCREMENTAL_COMPRESSION
[  99.4020]  PACKET_TRANSMIT        pkt=1266  link=router→dst  delay=5.0ms
[  99.4020]  PACKET_ARRIVAL         pkt=1292  node=router  hop=1
[  99.4020]  QUEUE_ENQUEUE          pkt=1292  node=router  queue=19/20 (95%)  state=INCREMENTAL_COMPRESSION
[  99.4070]  PACKET_ARRIVAL         pkt=1266  node=dst  hop=2
[  99.4070]  PACKET_DELIVER         pkt=1266  flow=0  latency=1988.4ms
[  99.5020]  QUEUE_DEQUEUE          pkt=1269  node=router  wait=1900.0ms  queue=18/20  state=INCREMENTAL_COMPRESSION
[  99.5020]  PACKET_TRANSMIT        pkt=1269  link=router→dst  delay=5.0ms
[  99.5062]  PACKET_GENERATE        pkt=1293  flow=0  size=1450B  pri=1
[  99.5062]  QUEUE_ENQUEUE          pkt=1293  node=src0  queue=1/1000 (0%)  state=NORMAL
[  99.5070]  PACKET_ARRIVAL         pkt=1269  node=dst  hop=2
[  99.5070]  PACKET_DELIVER         pkt=1269  flow=1  latency=1907.0ms
[  99.5072]  QUEUE_DEQUEUE          pkt=1293  node=src0  wait=1.0ms  queue=0/1000  state=NORMAL
[  99.5072]  PACKET_TRANSMIT        pkt=1293  link=src0→router  delay=1.0ms
[  99.5082]  PACKET_ARRIVAL         pkt=1293  node=router  hop=1
[  99.5082]  QUEUE_ENQUEUE          pkt=1293  node=router  queue=19/20 (95%)  state=INCREMENTAL_COMPRESSION
[  99.5235]  PACKET_GENERATE        pkt=1294  flow=0  size=1490B  pri=1
[  99.5235]  QUEUE_ENQUEUE          pkt=1294  node=src0  queue=1/1000 (0%)  state=NORMAL
[  99.5245]  QUEUE_DEQUEUE          pkt=1294  node=src0  wait=1.0ms  queue=0/1000  state=NORMAL
[  99.5245]  PACKET_TRANSMIT        pkt=1294  link=src0→router  delay=1.0ms
[  99.5255]  PACKET_ARRIVAL         pkt=1294  node=router  hop=1
[  99.5255]  QUEUE_ENQUEUE          pkt=1294  node=router  queue=20/20 (100%)  state=INCREMENTAL_COMPRESSION
[  99.6000]  PACKET_GENERATE        pkt=1295  flow=1  size=100B  pri=0
[  99.6000]  QUEUE_ENQUEUE          pkt=1295  node=src1  queue=1/1000 (0%)  state=NORMAL
[  99.6010]  QUEUE_DEQUEUE          pkt=1295  node=src1  wait=1.0ms  queue=0/1000  state=NORMAL
[  99.6010]  PACKET_TRANSMIT        pkt=1295  link=src1→router  delay=1.0ms
[  99.6020]  QUEUE_DEQUEUE          pkt=1270  node=router  wait=1995.0ms  queue=19/20  state=INCREMENTAL_COMPRESSION
[  99.6020]  STATE_UPDATE           node=router  INCREMENTAL_COMPRESSION → DROP_LOW_PRIORITY
[  99.6020]  PACKET_TRANSMIT        pkt=1270  link=router→dst  delay=5.0ms
[  99.6020]  PACKET_ARRIVAL         pkt=1295  node=router  hop=1
[  99.6020]  QUEUE_ENQUEUE          pkt=1295  node=router  queue=20/20 (100%)  state=DROP_LOW_PRIORITY
[  99.6070]  PACKET_ARRIVAL         pkt=1270  node=dst  hop=2
[  99.6070]  PACKET_DELIVER         pkt=1270  flow=0  latency=2002.0ms
[  99.7020]  QUEUE_DEQUEUE          pkt=1271  node=router  wait=1900.0ms  queue=19/20  state=DROP_LOW_PRIORITY
[  99.7020]  PACKET_TRANSMIT        pkt=1271  link=router→dst  delay=5.0ms
[  99.7070]  PACKET_ARRIVAL         pkt=1271  node=dst  hop=2
[  99.7070]  PACKET_DELIVER         pkt=1271  flow=1  latency=1907.0ms
[  99.8000]  PACKET_GENERATE        pkt=1296  flow=1  size=100B  pri=0
[  99.8000]  QUEUE_ENQUEUE          pkt=1296  node=src1  queue=1/1000 (0%)  state=NORMAL
[  99.8010]  QUEUE_DEQUEUE          pkt=1296  node=src1  wait=1.0ms  queue=0/1000  state=NORMAL
[  99.8010]  PACKET_TRANSMIT        pkt=1296  link=src1→router  delay=1.0ms
[  99.8020]  QUEUE_DEQUEUE          pkt=1272  node=router  wait=1882.5ms  queue=18/20  state=DROP_LOW_PRIORITY
[  99.8020]  STATE_UPDATE           node=router  DROP_LOW_PRIORITY → INCREMENTAL_COMPRESSION
[  99.8020]  PACKET_TRANSMIT        pkt=1272  link=router→dst  delay=5.0ms
[  99.8020]  PACKET_ARRIVAL         pkt=1296  node=router  hop=1
[  99.8020]  QUEUE_ENQUEUE          pkt=1296  node=router  queue=19/20 (95%)  state=INCREMENTAL_COMPRESSION
[  99.8070]  PACKET_ARRIVAL         pkt=1272  node=dst  hop=2
[  99.8070]  PACKET_DELIVER         pkt=1272  flow=0  latency=1889.5ms
[  99.8711]  PACKET_GENERATE        pkt=1297  flow=0  size=1439B  pri=1
[  99.8711]  QUEUE_ENQUEUE          pkt=1297  node=src0  queue=1/1000 (0%)  state=NORMAL
[  99.8721]  QUEUE_DEQUEUE          pkt=1297  node=src0  wait=1.0ms  queue=0/1000  state=NORMAL
[  99.8721]  PACKET_TRANSMIT        pkt=1297  link=src0→router  delay=1.0ms
[  99.8731]  PACKET_ARRIVAL         pkt=1297  node=router  hop=1
[  99.8731]  QUEUE_ENQUEUE          pkt=1297  node=router  queue=20/20 (100%)  state=INCREMENTAL_COMPRESSION
[  99.9020]  QUEUE_DEQUEUE          pkt=1273  node=router  wait=1916.8ms  queue=19/20  state=INCREMENTAL_COMPRESSION
[  99.9020]  STATE_UPDATE           node=router  INCREMENTAL_COMPRESSION → DROP_LOW_PRIORITY
[  99.9020]  PACKET_TRANSMIT        pkt=1273  link=router→dst  delay=5.0ms
[  99.9070]  PACKET_ARRIVAL         pkt=1273  node=dst  hop=2
[  99.9070]  PACKET_DELIVER         pkt=1273  flow=0  latency=1923.8ms
[  99.9734]  PACKET_GENERATE        pkt=1298  flow=0  size=1482B  pri=1
[  99.9734]  QUEUE_ENQUEUE          pkt=1298  node=src0  queue=1/1000 (0%)  state=NORMAL
[  99.9744]  QUEUE_DEQUEUE          pkt=1298  node=src0  wait=1.0ms  queue=0/1000  state=NORMAL
[  99.9744]  PACKET_TRANSMIT        pkt=1298  link=src0→router  delay=1.0ms
[  99.9754]  PACKET_ARRIVAL         pkt=1298  node=router  hop=1
[  99.9754]  QUEUE_DROP(congestion) pkt=1298  node=router  pri=1  state=DROP_LOW_PRIORITY
[ 100.0000]  METRIC_SAMPLE          tput=10.00 pkt/s  PDR=0.654  lat=1782.94ms  q_occ=0.237  drops= 431  state=DROP_LOW_PRIORITY

────────────────────────────────────────────────────────────────────
  EVENT COUNTS
────────────────────────────────────────────────────────────────────
  QUEUE_ENQUEUE                2317
  QUEUE_DEQUEUE                2298
  PACKET_TRANSMIT              2148
  PACKET_ARRIVAL               2148
  PACKET_GENERATE              1299
  PACKET_DELIVER                849
  STATE_UPDATE                  458
  QUEUE_DROP(full)              245
  QUEUE_DROP(congestion)        186
  METRIC_SAMPLE                  10
  FLOW_START                      2
  LINK_FAILURE                    1
  LINK_RECOVERY                   1
────────────────────────────────────────────────────────────────────
  FINAL METRICS
────────────────────────────────────────────────────────────────────
  Generated              1299
  Delivered               849
  Dropped                 431
  PDR                   0.654
  Avg latency         1782.9 ms
  State transitions       458
  Node [router  ]   drops=95  avg_wait=1787.3ms  state=DROP_LOW_PRIORITY
────────────────────────────────────────────────────────────────────
